0 32 99 113 161 17 64 0 16 0 10 78 0 0 75 111 25 45 70 84 99 16 41 5 64 0 6 0 57 16 78 0 43 0 16 56 45 83 0 35 56 55 38 71 27 41 1 31 27 94 23 0 16 0 44 0 113 31 0 0 0 10 40 46 0 95 93 0 0 77 16 0 64 18 81 33 81 72 20 93 94 70 36 119 80 63 63 0 42 36 65 39 49 91 24 4 52 63 159 109 0 35 97 71 80 111 59 30 27 0 54 78 23 0 80 56 40 56 44 40 111 0 175 0 45 94 72 51 24 1 2 35 0 24 32 24 116 18 18 61 59 60 193 0 108 35 12 8 0 180 0 117 5 102 53 0 81 10 0 0 44 110 63 33 115 180 115 73 123 21 83 80 6 87 81 72 69 129 0 4 38 13 103 0 0 0 165 67 35 20 0 24 107 51 42 129 60 17 231 18 25 80 25 4 3 42 110 0 72 44 55 4 0 0 93 16 0 33 27 71 8 0 0 220 91 52 66 48 49 80 40 35 159 0 36 172 0 3 0 17 69 72 0 0 30 20 43 28 53 37 96 35 28 31 47 60 
88 99 29 104 129 18 4 54 25 58 127 101 16 58 77 36 0 36 0 92 42 0 90 67 186 0 0 51 0 10 89 164 112 36 0 72 57 129 49 15 146 25 107 23 76 78 64 27 63 136 9 54 8 87 27 12 0 95 40 20 6 89 0 105 32 86 9 48 0 154 65 36 6 0 10 47 60 60 45 30 39 31 16 78 60 36 35 69 38 45 58 77 52 65 14 22 111 116 0 40 71 18 113 114 81 42 15 38 126 0 80 108 50 86 4 32 24 28 6 98 0 72 72 0 53 26 30 81 32 85 114 118 135 37 105 10 18 6 71 62 186 76 59 13 48 144 9 18 79 70 42 26 20 112 24 40 21 10 8 119 17 0 4 0 210 78 79 34 34 59 16 187 54 19 41 64 63 12 71 27 64 28 72 26 190 16 36 0 133 20 126 56 48 18 72 45 65 50 88 16 7 49 0 28 36 135 31 54 14 144 0 68 142 111 27 151 125 81 24 87 0 81 60 21 86 59 34 28 156 105 33 34 25 54 32 172 13 0 93 39 38 14 9 9 33 104 87 65 26 56 9 45 65 125 32 38 
42 72 88 74 230 16 77 114 75 70 145 31 18 133 166 28 88 38 30 61 79 46 98 33 0 2 32 136 77 97 0 69 16 23 32 62 57 51 175 59 56 32 120 46 16 64 92 82 89 24 59 35 65 117 18 59 112 122 18 124 68 25 92 72 6 54 18 0 23 88 159 74 53 109 122 67 59 106 171 0 28 135 7 12 51 88 24 24 115 59 35 67 59 58 69 20 30 18 36 75 36 179 110 143 30 115 102 115 80 21 101 53 35 60 145 90 75 79 40 83 99 115 0 176 177 80 45 12 104 0 93 50 50 59 51 86 14 77 65 0 21 65 99 121 109 116 4 19 0 52 111 21 8 155 77 67 45 72 73 164 16 89 20 49 164 94 96 43 74 137 136 131 45 102 18 40 119 74 129 18 66 70 114 42 108 78 113 177 38 72 92 4 39 155 42 78 69 82 16 10 50 80 92 52 48 26 9 68 20 169 60 122 117 124 103 23 98 106 91 89 105 181 0 28 22 34 2 39 228 181 91 201 61 112 66 98 67 42 6 123 7 38 127 74 62 54 63 49 13 35 39 128 80 93 40 32 
27 182 49 80 70 0 32 9 7 93 3 103 43 0 24 0 36 40 77 0 0 21 102 21 9 6 0 103 97 40 21 7 37 3 63 34 24 27 105 16 28 63 21 15 41 25 32 21 63 49 0 28 77 48 0 24 40 45 55 0 73 48 15 0 7 64 50 0 0 0 61 0 0 7 0 0 76 14 96 21 63 7 35 64 8 139 5 48 69 7 72 60 41 88 40 24 9 49 28 53 0 63 0 78 64 0 63 6 0 0 8 79 6 0 49 0 12 0 80 62 36 16 0 72 32 12 0 61 16 24 40 21 28 35 0 40 0 7 27 88 0 1 0 102 21 63 14 0 32 5 136 92 0 48 0 14 64 75 28 72 42 107 0 0 72 55 0 0 0 0 0 68 0 56 71 0 61 112 30 6 3 49 13 42 12 10 132 63 27 64 24 37 28 0 3 0 0 63 50 0 71 28 68 0 27 4 98 21 83 40 45 0 9 56 81 81 12 27 40 91 13 84 96 42 24 33 15 157 71 22 0 64 0 0 66 71 97 24 15 28 64 10 63 12 88 30 0 81 102 59 0 38 56 45 130 49 
49 64 47 54 102 96 97 42 55 102 23 125 0 0 33 14 102 39 8 116 48 76 79 99 48 21 3 45 105 48 140 86 72 0 87 15 3 2 54 50 89 30 114 48 49 22 9 0 24 99 6 42 128 49 15 112 18 30 108 49 5 45 24 84 23 0 9 45 26 58 66 122 47 147 41 43 30 112 69 113 48 62 6 30 93 15 104 60 9 124 3 85 27 15 36 47 93 36 41 124 51 51 99 72 42 108 33 44 72 0 30 14 77 54 12 132 117 43 64 93 87 42 0 87 84 38 0 21 20 52 78 84 87 69 18 53 12 79 87 21 0 82 194 235 63 15 63 135 18 36 81 0 27 15 138 0 0 52 78 132 42 72 43 93 64 92 112 56 30 79 116 128 34 35 39 193 56 182 106 39 30 99 23 36 54 77 128 62 28 69 90 0 0 15 112 183 60 42 127 92 15 65 76 76 20 5 63 98 72 89 41 57 35 27 54 45 66 45 51 54 30 20 24 57 82 59 78 81 31 116 98 36 25 67 180 120 50 75 56 99 4 103 91 9 9 111 0 6 60 54 42 125 36 36 20 34 
74 129 64 70 93 99 48 32 66 5 75 34 52 89 32 48 8 60 87 8 49 57 62 12 0 2 0 95 136 28 17 12 49 8 34 0 8 83 31 19 126 33 64 50 21 29 59 22 0 59 17 110 0 68 0 39 24 49 127 67 48 79 3 34 63 0 12 8 49 30 41 65 30 36 82 30 112 11 25 57 20 117 15 18 12 33 44 46 85 65 68 51 79 64 64 3 0 34 36 14 0 64 54 14 80 57 24 42 0 76 16 166 56 79 82 0 41 67 68 18 13 141 125 63 69 16 52 42 31 9 53 162 31 2 42 30 0 64 73 10 9 60 84 160 0 40 26 39 45 50 120 24 0 35 86 40 50 83 14 36 0 3 88 48 30 10 34 18 112 25 80 73 97 0 42 40 0 28 66 165 0 12 56 4 84 40 67 0 0 41 57 18 0 65 20 12 40 4 41 0 62 65 76 32 45 18 73 68 64 5 48 22 48 36 47 80 69 4 79 33 67 65 10 24 28 39 38 71 82 15 45 66 13 96 0 112 12 167 64 76 0 79 87 28 114 48 39 72 0 41 115 117 0 64 14 0 
26 54 42 54 37 138 38 27 63 33 20 85 9 40 57 10 54 0 18 0 94 28 47 24 139 58 48 138 0 18 15 103 3 15 125 9 0 150 12 9 100 48 56 92 0 51 0 31 36 18 9 45 0 30 42 94 28 81 100 75 48 23 0 81 127 16 29 0 97 77 3 5 21 0 16 2 8 29 25 27 128 128 87 84 1 59 149 52 88 93 89 21 64 147 49 18 4 0 6 52 27 39 53 0 0 54 47 120 0 69 16 66 139 27 0 9 69 80 89 0 47 26 24 85 189 47 42 12 84 74 84 0 42 11 120 45 8 23 54 54 56 26 107 103 68 6 56 0 54 121 21 12 0 0 58 69 20 63 77 18 6 0 18 0 18 9 7 92 102 95 68 123 0 88 52 86 7 65 45 0 54 62 19 6 4 35 30 0 108 32 0 97 90 72 3 112 10 4 8 81 69 0 156 36 83 0 59 35 62 50 24 50 133 33 54 45 0 5 0 18 48 0 45 30 81 0 54 60 8 53 35 0 48 135 98 9 34 108 0 84 44 8 0 15 39 105 39 13 2 93 33 106 18 12 0 15 
54 64 90 71 89 32 0 0 25 139 0 38 16 9 9 0 108 72 20 64 95 5 7 47 8 28 0 36 128 0 5 56 0 0 28 74 26 81 40 3 17 87 119 99 12 48 6 100 109 32 30 0 35 40 0 20 67 42 0 64 0 36 16 16 6 15 72 63 63 21 41 88 0 48 94 44 38 38 58 15 0 75 16 0 0 4 0 145 88 108 25 30 66 48 2 49 6 9 61 36 10 114 0 0 16 68 99 105 15 47 0 44 45 14 18 0 127 0 36 48 0 99 15 0 225 50 11 51 0 3 101 24 0 112 27 0 81 30 130 28 0 0 3 145 54 0 38 0 0 0 48 0 24 28 35 32 63 56 45 4 146 132 41 44 91 88 55 28 45 0 81 69 32 83 85 0 91 118 63 93 36 0 60 39 0 189 87 120 14 0 75 6 80 3 9 8 2 0 30 0 60 24 0 0 0 60 0 79 0 103 0 27 127 8 0 9 81 0 82 16 18 25 0 45 0 12 42 96 82 102 53 100 64 108 40 72 126 63 0 0 72 83 61 0 85 35 0 17 72 15 54 8 105 28 56 86 
108 58 27 127 112 113 63 62 107 147 54 72 21 62 196 110 164 26 9 54 79 97 18 54 124 114 77 128 124 72 59 84 7 111 126 151 48 83 28 131 29 102 134 119 21 36 28 50 73 174 40 14 109 12 126 121 92 57 77 94 126 28 33 40 66 60 255 4 64 82 244 131 88 16 30 85 137 130 0 137 127 41 2 143 93 127 95 0 86 32 42 56 67 16 104 8 151 64 173 71 66 98 56 88 124 8 126 81 134 93 6 63 161 119 136 72 42 64 173 110 15 16 155 115 63 172 177 42 140 90 12 44 42 113 120 56 4 78 187 42 3 200 147 76 300 58 56 91 0 116 72 93 48 114 49 157 17 23 31 78 86 124 121 92 58 123 122 171 33 50 98 117 64 261 91 175 49 24 101 77 32 40 0 103 170 12 0 284 90 62 32 0 154 28 148 305 92 64 113 175 50 68 35 28 0 0 117 72 15 171 151 80 8 123 86 71 18 43 9 228 0 35 56 112 36 35 115 48 100 163 48 97 48 58 0 81 19 124 18 72 123 141 28 33 108 103 92 90 2 76 9 57 78 12 2 147 
48 32 35 39 70 101 51 9 30 0 14 65 9 68 189 8 164 42 48 42 79 24 65 12 83 13 88 54 69 57 57 27 59 29 12 109 25 139 0 36 73 47 61 98 68 32 47 80 66 85 9 80 13 21 24 20 4 15 62 24 0 25 118 29 86 36 39 12 36 154 36 56 2 27 21 36 18 54 91 21 74 18 101 32 88 201 161 10 24 137 101 94 18 102 47 72 4 165 50 56 12 65 57 83 0 123 48 12 81 24 4 6 56 80 90 0 53 127 2 57 60 73 59 147 110 111 140 83 72 79 67 72 9 10 116 105 87 38 35 5 44 40 50 79 92 152 114 65 43 167 22 67 16 5 103 18 58 38 79 63 21 101 11 63 15 18 87 100 129 29 3 199 82 25 14 27 69 8 0 89 78 98 99 0 104 56 114 28 0 42 0 27 178 49 0 12 71 11 71 190 75 30 68 36 14 25 15 48 100 100 45 60 35 104 45 98 0 44 8 24 0 58 0 0 36 0 77 81 35 29 76 79 128 48 81 62 20 62 51 75 31 80 9 45 73 2 27 13 23 156 103 150 48 72 0 0 
162 24 48 18 50 83 0 35 95 35 60 28 16 14 0 70 27 0 59 30 116 0 49 43 177 102 135 32 68 27 53 96 10 49 120 0 90 193 81 8 94 16 59 108 93 129 112 35 9 96 66 132 32 88 42 150 48 150 8 54 8 0 21 110 25 101 49 51 71 40 0 0 18 0 54 9 64 90 105 0 15 57 138 68 18 22 40 61 96 118 40 60 47 60 78 0 0 38 7 64 33 101 150 97 0 36 40 47 62 80 22 78 0 21 104 16 205 137 35 115 94 9 24 33 102 129 66 0 0 126 19 142 98 63 38 18 40 49 6 0 182 8 84 72 10 0 57 18 12 77 10 49 63 57 89 135 109 53 58 83 30 157 10 20 55 83 104 123 57 20 24 113 20 64 77 69 42 50 50 0 0 0 117 0 47 119 0 69 53 85 36 69 54 123 15 111 35 90 80 0 144 50 96 29 30 106 13 28 62 120 9 47 83 32 71 4 0 78 24 42 91 7 25 69 18 64 55 57 5 86 12 10 70 72 51 158 74 0 54 102 105 63 32 33 7 17 24 10 155 15 18 126 24 84 10 47 
40 16 88 12 0 100 15 35 93 92 66 10 108 18 74 105 114 0 6 151 63 14 98 0 49 0 0 0 87 27 0 17 99 12 8 52 88 49 36 72 6 215 68 22 56 9 48 8 108 108 16 89 12 99 4 42 109 20 6 18 21 40 74 73 78 32 114 69 40 24 138 28 42 35 66 4 0 8 40 16 32 134 19 60 120 12 0 13 76 23 25 27 51 11 28 48 18 44 52 49 0 39 63 60 62 69 147 48 118 0 0 58 16 0 25 22 120 45 29 30 6 35 27 92 4 72 49 142 0 18 0 12 46 18 4 98 28 38 0 49 121 16 18 0 87 17 42 93 42 12 29 77 110 0 96 8 3 0 6 126 23 55 101 26 174 62 70 86 87 0 89 49 93 54 18 89 42 57 27 12 3 40 68 68 81 28 6 48 21 25 66 70 66 93 93 161 101 0 51 36 36 18 40 36 0 30 24 50 78 34 0 27 27 87 158 83 0 33 83 119 4 12 45 14 24 20 72 40 0 56 50 35 111 86 2 88 0 54 12 51 25 46 11 18 52 79 0 3 4 4 55 80 0 53 47 88 
75 30 42 30 17 120 18 37 9 201 58 67 48 0 86 154 100 36 20 4 64 46 41 28 69 10 47 96 138 97 64 94 110 14 52 12 21 24 21 43 85 49 40 133 38 12 53 60 16 77 50 93 22 92 54 6 174 85 35 0 48 4 0 25 106 66 147 48 52 9 100 38 16 132 25 0 107 66 47 124 32 42 50 89 14 80 87 48 66 27 11 210 90 17 68 48 92 16 59 95 6 63 32 25 86 45 61 56 235 54 18 12 84 20 106 24 70 14 162 27 38 9 58 72 74 55 14 229 146 72 85 74 48 18 12 16 0 39 147 38 52 40 24 100 48 35 44 2 0 69 7 48 0 127 95 0 64 32 12 57 27 79 139 6 20 118 48 170 102 112 87 18 72 109 85 63 35 100 20 28 33 53 68 98 50 0 9 47 28 113 18 9 26 7 39 54 54 5 102 81 105 56 61 47 0 84 82 24 107 63 12 64 21 0 135 0 56 22 26 73 101 13 108 60 0 50 18 96 24 49 45 15 0 24 54 10 79 115 96 42 144 72 138 136 133 146 72 0 119 40 216 60 49 80 106 43 
36 90 57 157 113 24 65 18 63 145 77 46 86 16 200 6 26 79 56 56 40 72 55 143 74 88 98 67 61 49 83 74 33 115 12 40 6 86 103 18 14 33 109 116 80 101 23 55 14 34 25 116 4 58 26 78 23 148 36 95 85 54 109 102 100 16 159 32 96 25 104 30 55 26 182 34 22 18 85 20 13 48 49 27 63 38 173 75 70 135 108 71 11 145 56 66 70 127 57 0 96 48 13 278 92 185 28 110 180 75 54 96 30 28 66 7 27 84 0 34 0 61 27 114 71 124 120 129 71 27 67 118 18 39 65 38 32 68 28 44 105 18 43 81 88 146 52 0 43 74 64 19 4 31 33 31 0 32 14 10 18 0 66 53 49 35 153 82 116 40 37 51 45 41 34 104 103 30 69 52 50 34 36 34 48 56 28 55 60 41 115 44 117 4 64 34 56 84 68 88 42 29 0 53 12 53 48 32 69 72 61 96 57 122 57 85 14 40 53 129 37 167 35 87 45 8 93 148 16 73 82 75 62 126 96 49 23 20 102 67 216 18 92 39 83 51 35 175 0 142 40 42 59 20 13 51 
171 85 48 227 59 10 35 28 43 56 41 19 30 14 65 63 12 32 6 16 16 16 45 3 7 41 16 24 45 0 4 41 14 121 24 0 35 57 79 25 38 49 18 45 51 9 35 54 16 18 6 52 0 0 0 45 19 120 35 0 78 0 54 34 30 62 130 0 51 64 53 41 112 56 23 18 100 78 20 27 37 54 34 43 24 18 21 94 175 23 12 134 0 146 50 5 19 44 32 6 31 0 15 12 0 12 15 141 71 0 9 35 87 0 70 9 20 1 18 11 3 54 32 22 13 7 69 0 3 1 26 16 28 1 9 11 41 36 51 53 9 14 0 3 44 0 60 10 10 27 64 16 18 39 0 29 9 20 0 0 97 49 39 30 9 97 72 89 48 9 56 33 0 12 72 0 18 78 0 100 45 8 23 5 7 0 9 59 25 0 32 61 21 7 3 150 10 33 81 0 9 80 86 0 4 63 33 79 15 55 19 114 36 11 106 13 0 29 9 94 17 35 88 12 51 18 29 144 96 91 49 0 0 15 66 139 13 47 0 24 110 53 42 119 30 47 12 114 83 87 30 46 75 78 7 122 
111 127 89 105 38 99 20 233 57 53 3 38 120 27 61 28 0 113 38 58 42 97 84 2 67 8 0 49 112 43 90 46 58 3 150 165 133 91 51 102 112 9 145 12 135 36 46 87 64 9 27 110 165 48 67 72 24 136 70 0 42 73 0 52 28 0 0 75 16 27 90 0 107 64 0 0 37 78 147 96 14 14 5 49 6 130 48 83 27 114 8 44 108 38 96 58 48 7 18 118 0 124 94 48 118 147 34 115 100 85 34 90 36 27 5 115 58 50 32 147 16 36 123 70 121 58 68 80 40 76 44 80 108 0 51 60 57 157 32 0 63 80 166 151 86 44 41 112 0 122 8 57 86 73 148 0 21 4 44 115 66 89 108 100 12 191 38 45 81 68 80 147 0 81 85 75 39 130 63 16 5 24 73 83 79 56 31 77 68 150 40 51 126 77 97 210 60 47 91 88 64 110 91 80 64 24 110 24 108 6 63 37 8 45 59 46 0 54 103 6 91 0 0 112 40 18 55 78 35 71 30 0 0 84 138 44 39 8 98 177 35 76 37 186 138 44 17 23 244 48 75 6 54 54 57 36 
9 66 45 105 63 25 29 8 102 26 46 36 43 66 16 21 63 86 108 0 130 4 129 23 91 53 30 56 50 86 33 42 50 103 18 71 20 33 14 0 65 26 16 10 25 65 31 43 6 115 13 125 49 75 94 50 26 96 43 55 0 32 12 55 72 66 83 104 36 98 121 3 95 99 21 27 165 18 0 30 1 57 8 25 17 28 18 94 170 52 9 127 91 172 19 123 86 173 12 13 30 54 3 106 40 74 0 74 39 12 3 56 133 61 30 56 74 123 62 35 5 36 16 56 50 54 91 137 84 2 12 111 4 2 57 18 36 15 96 42 72 65 127 54 36 6 36 0 38 69 84 12 26 49 3 57 34 95 14 84 51 2 5 32 18 15 152 15 123 17 75 69 15 76 156 36 8 4 121 88 48 24 27 42 92 89 164 36 70 40 57 0 41 32 16 63 34 63 14 105 45 66 69 70 0 6 35 9 44 12 6 30 2 19 60 34 0 24 25 42 48 0 16 55 20 26 20 88 26 46 96 79 15 197 120 48 58 45 85 66 23 45 16 52 87 15 0 77 7 36 74 27 24 49 35 129 
54 49 40 106 57 32 92 48 65 111 58 73 20 134 21 0 18 45 57 72 45 93 182 0 72 32 28 102 52 103 68 65 0 18 56 92 9 75 63 75 32 36 0 28 54 103 105 0 136 138 22 165 113 60 122 65 100 16 94 103 0 67 160 0 0 72 0 40 40 81 24 16 151 12 88 47 102 35 79 0 0 116 104 161 75 42 8 142 115 25 57 0 10 73 117 18 55 45 30 118 4 72 50 100 64 76 39 30 65 72 0 0 95 21 64 12 95 48 41 22 28 0 80 100 117 90 125 29 38 28 72 48 24 59 57 56 34 50 7 7 99 70 141 65 27 0 38 3 61 39 28 0 13 135 42 39 123 112 28 176 16 56 68 43 51 39 0 21 23 12 0 74 56 86 91 16 48 200 102 123 0 24 36 42 63 136 125 24 35 90 55 76 15 48 17 6 40 41 24 24 100 0 0 8 0 103 74 0 44 125 92 30 0 218 24 93 78 0 50 129 0 0 163 74 60 189 0 4 46 50 83 0 54 83 40 80 115 44 66 81 114 93 54 36 50 62 51 80 42 39 50 120 60 84 102 28 
32 70 70 145 113 152 26 24 6 12 94 31 56 9 96 99 0 20 18 24 63 8 61 79 33 8 72 48 6 32 35 46 0 25 16 23 8 18 106 30 28 12 111 44 99 8 33 32 128 44 1 1 0 180 47 0 94 29 90 101 2 85 88 55 84 57 42 33 47 6 14 40 63 59 124 40 63 66 54 54 78 62 49 83 0 12 42 0 113 86 147 28 37 129 32 4 86 0 77 72 112 47 30 68 7 137 12 52 125 102 116 83 7 66 31 45 143 44 56 12 42 81 74 174 51 8 107 70 107 25 58 14 6 16 18 91 56 62 83 55 0 29 70 101 163 37 0 36 103 110 56 48 77 52 17 32 21 0 79 94 52 33 77 19 61 175 111 30 139 74 70 8 24 50 6 28 56 17 0 13 33 39 8 14 91 8 16 25 102 75 50 44 112 145 101 106 40 7 54 33 24 10 99 0 5 114 105 25 111 88 40 74 72 111 75 83 42 36 52 88 28 0 40 74 8 72 108 86 54 108 28 50 99 86 8 48 16 56 24 66 113 28 94 53 21 120 24 53 4 154 69 102 28 28 20 79 
4 80 133 121 120 136 64 56 130 55 63 36 40 65 113 60 58 134 113 21 13 168 118 103 16 75 9 100 9 91 60 34 84 0 99 102 0 109 128 0 0 62 12 95 18 27 36 0 26 114 12 93 19 22 90 28 14 83 10 136 21 32 66 4 129 56 107 0 25 34 95 86 57 34 131 165 60 50 153 50 63 18 92 27 36 100 29 215 21 87 24 64 39 79 24 36 19 14 42 0 52 16 0 45 120 29 48 82 106 40 9 150 42 23 113 6 160 1 83 27 26 87 9 4 62 84 16 66 77 24 44 66 42 0 37 36 32 42 0 14 54 61 0 116 18 84 59 13 34 50 15 40 43 100 58 25 40 24 25 34 0 45 36 94 64 0 42 84 49 76 12 46 16 0 42 42 77 51 33 55 135 154 26 0 14 103 197 36 19 90 46 74 114 44 9 36 94 9 77 34 50 26 70 24 106 54 80 8 50 142 71 44 70 66 36 134 43 78 58 62 120 135 15 0 59 0 77 117 102 104 46 64 68 16 46 74 4 35 51 115 149 67 73 54 24 49 12 151 27 153 0 157 33 14 43 44 
63 194 34 79 84 92 93 146 30 80 8 7 71 87 167 81 81 32 66 88 83 128 24 0 139 24 12 89 49 168 49 0 32 15 184 27 36 91 60 60 79 48 0 144 12 8 43 72 120 75 12 51 0 18 84 24 144 261 105 92 118 29 3 22 2 96 77 48 103 18 57 3 78 76 93 90 26 64 73 0 20 114 94 71 50 160 0 63 0 65 54 63 15 82 24 67 12 64 212 66 69 137 251 111 88 81 24 77 28 140 3 136 0 35 36 42 82 160 71 100 36 0 36 80 0 110 64 130 204 36 107 76 33 92 54 31 20 8 109 78 37 88 259 129 116 135 62 118 18 76 63 101 6 62 144 68 3 25 20 58 40 0 48 172 144 0 127 65 45 63 0 158 24 127 16 222 106 159 10 105 36 0 68 95 153 40 65 85 87 196 96 8 78 24 83 20 8 57 117 76 24 84 28 0 68 14 54 54 126 56 16 60 72 7 161 34 12 19 0 0 67 63 1 52 72 102 150 149 8 200 48 0 32 0 91 72 3 0 52 146 102 29 130 54 48 88 16 89 73 146 38 8 0 30 54 35 
14 9 110 6 10 0 63 0 81 168 90 12 72 81 29 32 6 112 68 56 155 0 103 12 58 32 28 32 95 57 27 25 11 10 0 0 0 8 130 24 153 40 0 60 0 53 34 8 108 95 0 116 18 18 9 79 42 28 0 64 21 8 64 75 64 0 0 84 31 111 0 32 12 57 20 41 96 112 75 32 0 76 64 64 0 0 52 65 29 8 114 112 91 81 72 62 9 42 0 104 36 22 43 0 0 98 3 82 106 67 34 23 28 48 42 52 40 32 0 167 56 52 0 24 32 66 32 6 0 28 23 56 0 32 40 86 32 53 58 0 3 77 48 28 12 24 0 8 39 13 58 66 12 75 58 107 39 32 51 45 36 15 89 27 0 4 60 0 32 63 28 44 39 32 65 79 0 12 69 32 0 23 95 72 14 72 130 81 103 80 0 16 0 36 22 127 34 24 176 0 0 63 63 100 51 18 18 40 46 53 24 63 27 76 36 36 20 63 24 12 0 53 0 45 0 60 55 28 36 19 36 98 0 177 40 25 44 24 27 100 40 24 64 0 30 71 0 20 10 0 0 58 8 72 3 61 
131 73 127 56 45 50 71 138 24 123 24 33 143 68 68 0 47 83 101 32 52 66 140 58 87 38 0 68 172 10 58 70 53 36 96 65 6 25 17 6 35 7 0 73 0 12 8 26 24 107 0 61 62 0 2 98 104 184 70 90 66 0 56 24 0 36 18 63 40 21 61 106 81 2 84 83 16 45 64 4 51 11 0 72 64 40 12 78 67 46 58 34 0 60 4 26 5 0 0 144 59 156 63 77 18 16 58 20 32 62 0 18 96 36 74 44 81 10 68 36 56 69 24 171 74 56 27 167 98 56 5 66 59 55 69 14 28 43 0 0 55 44 62 209 39 66 10 54 32 48 65 8 45 15 74 0 1 0 36 42 10 72 66 166 112 24 39 139 0 7 58 104 27 73 6 62 71 59 36 26 32 66 54 14 117 0 101 72 80 178 72 18 56 71 0 94 51 36 44 76 57 72 53 26 0 0 106 110 53 110 6 9 71 85 73 43 81 121 81 45 8 53 43 80 36 8 15 10 67 180 36 1 113 15 10 48 14 93 7 63 108 42 83 81 78 93 0 10 0 19 30 85 18 8 0 50 
193 130 44 28 50 44 24 44 124 168 57 72 65 28 129 129 14 66 83 105 105 24 98 53 95 37 129 28 70 74 20 0 153 113 12 116 0 75 15 46 39 126 69 158 9 75 12 42 24 42 43 90 0 75 28 62 75 204 16 70 76 75 114 54 64 12 149 75 66 55 93 36 15 8 48 190 98 21 92 0 54 115 44 11 22 49 96 68 151 118 6 112 62 62 0 62 88 48 32 52 54 92 72 69 0 27 64 0 72 88 0 48 20 4 102 50 132 20 81 36 75 23 22 276 73 0 64 38 88 65 37 21 16 3 74 28 89 26 81 106 72 105 110 57 73 76 36 7 30 159 51 67 54 0 71 85 0 21 20 21 78 42 114 82 119 36 106 145 73 72 110 51 54 13 134 72 131 115 4 30 16 96 39 78 46 53 124 90 145 32 54 78 73 33 28 108 44 6 112 8 99 64 28 47 58 20 107 70 57 90 93 24 42 154 144 63 0 73 52 194 68 4 42 123 171 0 53 132 56 58 166 55 69 49 36 115 48 21 30 30 66 82 60 111 48 45 8 32 51 107 12 96 86 24 0 239 
0 111 88 145 132 96 0 60 0 125 7 0 64 0 139 15 81 47 131 72 17 39 60 8 73 38 0 176 102 71 55 24 115 26 252 57 20 99 80 70 82 58 127 94 16 38 10 81 24 211 31 17 123 67 0 54 16 244 155 64 158 11 24 239 45 27 81 36 285 128 118 63 69 38 156 38 83 1 63 25 0 96 8 30 48 48 104 6 201 94 64 15 56 112 24 23 32 64 23 51 90 56 84 108 28 114 23 92 82 54 0 88 10 63 88 20 61 62 77 55 26 46 72 12 36 100 122 44 129 0 49 181 0 32 83 16 31 52 151 64 36 35 160 28 70 9 0 117 18 115 170 163 16 14 157 12 35 182 6 37 10 0 78 33 116 66 96 7 177 70 0 54 24 16 72 54 77 20 0 158 16 9 81 0 234 16 81 9 69 74 215 21 118 30 40 69 14 192 137 40 8 151 0 13 36 0 32 27 74 97 68 77 40 28 72 0 5 12 87 118 57 28 59 176 33 114 118 196 56 136 78 32 30 93 130 86 60 0 96 95 148 17 0 42 89 47 41 149 66 78 36 21 36 87 8 75 
18 143 184 57 57 0 0 55 130 128 74 26 56 87 116 79 24 57 110 85 52 126 115 0 125 22 16 42 123 81 16 84 9 24 218 98 64 66 12 6 104 91 78 64 45 105 97 26 85 60 8 170 114 0 56 83 58 156 0 132 56 116 66 76 20 35 56 42 69 120 9 46 45 37 104 53 84 97 166 14 81 231 106 165 32 79 66 0 97 184 117 156 67 157 6 142 22 88 157 48 52 102 60 124 79 102 67 65 103 81 0 106 52 25 74 49 109 115 74 34 39 20 134 148 200 96 29 133 63 121 68 44 0 14 13 104 83 103 5 129 24 74 136 136 18 56 81 8 25 49 90 30 2 50 101 64 6 66 30 57 75 47 39 163 180 76 108 41 101 97 204 44 40 158 64 0 189 85 47 123 31 8 212 60 166 46 60 124 151 52 36 97 160 20 53 215 61 9 116 34 121 63 78 36 129 72 38 18 46 94 9 83 94 75 182 87 2 90 63 112 47 90 51 40 45 53 150 106 87 179 8 22 68 43 34 26 67 58 26 161 191 9 93 75 153 29 4 24 159 68 156 32 92 65 59 123 
6 59 99 129 35 134 11 62 10 35 179 91 70 67 153 91 56 60 91 104 41 122 174 21 111 48 24 153 79 46 65 158 95 24 17 18 3 79 40 54 59 93 72 79 53 106 115 61 30 103 21 125 78 45 47 122 32 121 15 73 3 111 108 73 35 56 122 20 0 0 30 112 47 73 24 135 0 23 171 20 52 230 58 77 66 46 59 294 133 153 36 223 200 181 45 117 72 72 116 167 28 197 78 116 0 136 41 59 93 0 35 88 62 67 89 47 18 113 75 47 63 66 51 131 188 68 24 84 68 219 78 111 31 58 63 88 14 89 65 114 197 74 163 54 90 25 20 63 0 72 40 93 0 95 63 0 69 0 87 161 38 64 80 7 117 42 195 107 138 78 141 27 58 169 196 55 142 69 192 27 61 2 180 45 120 59 63 21 114 72 171 86 146 32 78 156 91 39 121 60 170 72 12 95 161 56 22 51 77 39 59 143 72 90 227 170 178 72 149 268 27 39 45 105 106 25 18 109 108 34 144 90 54 96 164 26 69 56 135 51 99 57 120 0 25 58 9 87 7 59 24 44 78 54 87 115 
102 77 93 9 104 30 99 43 77 99 97 24 46 98 78 50 12 58 94 15 131 152 68 0 106 68 60 85 38 45 0 3 46 15 18 124 44 27 200 54 34 0 48 166 5 102 174 32 84 41 16 214 16 26 52 163 15 27 128 121 118 162 36 15 9 46 0 175 6 81 115 49 52 140 35 166 87 80 160 0 21 106 42 65 82 74 7 88 36 50 50 162 129 57 8 56 63 44 13 76 66 52 88 8 24 36 39 23 63 60 79 174 0 61 127 48 104 26 18 20 35 44 3 24 137 91 110 69 43 42 23 9 72 98 8 55 72 25 120 0 50 53 111 136 30 117 28 16 6 107 39 126 56 30 56 33 86 62 26 97 64 171 3 75 112 60 187 0 24 84 30 135 27 226 98 56 110 110 27 136 41 14 24 0 36 141 157 30 82 228 24 16 86 136 27 9 22 27 19 37 17 50 21 111 44 9 166 24 6 78 32 117 38 54 18 87 31 22 40 56 69 76 86 34 86 110 81 43 119 72 38 70 30 102 43 27 26 13 73 123 68 32 12 27 52 42 28 48 74 53 48 54 12 24 5 114 
22 79 136 55 40 35 68 28 31 31 40 3 32 71 117 0 99 54 8 112 66 76 16 7 82 4 16 35 81 5 26 0 83 0 4 85 4 5 57 54 7 70 54 84 33 96 56 0 63 201 79 101 104 19 8 72 34 112 72 0 87 0 50 148 32 97 12 55 71 104 24 64 40 40 33 48 48 4 12 21 80 136 10 28 74 0 8 27 0 131 64 85 9 6 9 90 32 42 41 44 0 54 118 20 24 87 60 80 142 31 0 0 38 48 47 74 9 0 64 63 102 81 23 76 9 28 146 44 4 53 14 30 68 0 0 6 24 48 11 40 9 35 184 97 109 24 16 108 3 24 36 48 0 7 77 32 8 40 22 117 21 0 91 28 148 91 78 104 77 102 40 33 24 48 19 24 25 99 79 96 0 57 26 2 50 124 45 64 24 80 75 0 5 197 103 85 96 96 77 154 0 0 44 53 0 32 65 16 7 142 76 35 24 30 183 51 0 28 38 94 1 45 48 62 81 0 138 68 0 98 36 92 9 61 53 12 14 46 41 56 134 95 8 65 47 46 0 21 95 40 51 21 9 0 14 90 
107 90 101 54 0 152 184 81 0 42 0 73 44 68 141 54 48 152 3 18 54 68 49 23 134 26 0 55 84 51 27 68 42 39 204 83 7 185 90 0 62 134 148 26 47 2 32 37 90 148 33 77 160 99 99 27 54 39 91 57 94 54 12 49 133 0 15 22 103 81 32 95 0 72 100 0 40 99 25 145 18 105 18 123 18 108 56 102 153 121 36 34 88 131 63 151 0 129 0 24 45 172 22 123 64 34 69 94 120 0 9 5 36 139 45 27 101 96 85 25 128 73 138 144 129 129 6 54 79 97 101 232 47 9 225 63 81 63 79 153 0 48 119 155 131 67 60 63 45 94 77 0 72 53 109 41 0 101 72 63 76 7 50 48 102 82 188 84 147 100 135 170 90 131 43 91 45 87 0 40 50 0 8 79 149 78 127 63 64 77 46 110 238 50 24 38 69 0 40 320 40 88 230 131 40 90 60 40 64 63 9 45 72 61 138 93 54 45 11 36 36 72 12 63 63 30 33 147 63 109 24 0 6 104 195 95 29 102 55 32 46 9 72 103 157 117 39 81 81 168 61 133 166 138 24 90 
115 102 52 137 80 13 16 68 9 165 120 94 43 128 80 64 63 18 42 27 41 34 25 17 1 81 30 20 108 60 71 124 85 93 84 100 64 95 175 27 156 43 45 55 72 42 2 72 16 14 7 127 56 108 6 82 26 20 61 86 97 102 24 92 38 64 31 0 23 0 104 8 48 178 47 63 51 137 26 56 32 6 49 77 2 109 24 63 75 66 48 108 9 71 30 15 0 4 7 0 12 119 113 53 9 72 78 30 90 106 28 61 98 0 115 6 17 37 140 211 48 7 66 94 0 26 23 56 140 6 3 28 118 0 46 120 0 6 21 96 57 44 138 30 4 90 0 104 27 82 31 165 0 100 102 108 73 38 46 68 84 1 41 0 70 29 138 108 104 100 75 16 34 113 42 36 52 6 15 99 63 93 4 49 159 36 62 160 61 117 51 9 107 44 124 161 76 116 98 126 6 60 119 15 54 60 210 271 0 137 12 84 86 51 85 28 28 150 0 94 21 111 6 142 81 48 48 118 140 108 10 57 31 24 40 48 16 43 0 24 43 6 128 7 11 244 30 48 5 115 188 100 76 18 0 27 
0 56 14 36 133 48 6 64 33 41 39 57 105 73 58 16 36 101 78 4 53 41 60 111 142 86 38 48 40 16 105 159 7 10 9 56 56 19 77 33 87 53 157 169 12 40 15 38 122 54 5 104 0 58 50 64 47 65 88 76 160 49 6 60 30 24 20 22 28 56 54 6 52 30 104 9 127 116 32 16 29 13 0 48 30 36 84 20 220 133 82 68 20 16 67 90 0 54 78 184 0 0 8 81 42 58 63 28 103 95 39 0 25 21 131 8 97 53 91 9 85 50 105 0 33 50 70 25 59 38 33 36 22 81 8 98 7 129 16 93 18 61 186 60 8 60 72 46 0 4 0 30 0 2 141 21 96 4 69 70 54 36 129 35 61 5 86 66 28 89 112 1 27 111 58 77 135 130 41 7 0 71 26 54 76 78 95 43 6 21 63 66 22 20 92 34 71 53 64 0 39 83 40 40 13 0 87 137 66 75 49 0 92 121 10 20 1 21 134 56 48 8 0 83 144 21 82 28 0 34 42 25 116 60 37 112 30 144 33 65 100 71 32 73 59 37 7 95 101 76 54 131 28 30 47 99 
42 8 76 56 25 40 0 5 0 8 113 65 38 70 31 15 28 43 18 14 28 41 51 60 62 1 69 44 147 0 35 109 50 12 0 3 36 0 107 24 34 66 20 0 67 30 27 48 36 112 40 8 8 108 75 75 16 16 28 16 95 28 0 85 9 21 0 21 0 15 41 27 50 5 15 53 72 42 0 0 57 32 0 40 12 139 63 8 39 48 27 5 53 146 16 30 30 13 36 12 12 20 83 15 88 85 2 8 111 55 26 147 0 21 64 56 46 34 22 15 12 0 41 40 126 82 67 12 36 69 67 182 94 32 14 0 0 7 28 70 27 34 8 39 96 77 40 39 54 30 6 104 0 45 16 3 10 14 99 69 56 85 21 67 159 52 18 0 0 61 6 30 85 4 27 62 41 72 49 24 38 97 73 75 35 35 8 101 7 4 24 8 48 0 60 104 2 14 101 0 25 104 2 64 4 28 33 10 30 78 15 40 62 75 36 91 47 3 60 44 21 27 10 49 58 33 6 136 98 82 12 83 8 16 60 109 12 54 89 44 98 0 9 20 42 20 45 0 16 59 56 43 0 86 45 26 
108 190 72 0 4 64 48 55 12 6 62 107 10 89 66 41 55 84 60 31 10 30 15 88 51 0 122 66 60 8 78 110 17 36 62 141 69 80 0 126 73 63 79 62 38 137 132 44 66 2 41 100 63 127 75 9 0 76 130 9 20 169 8 56 44 33 66 87 0 140 15 0 81 37 88 81 45 30 49 55 78 48 61 142 29 104 14 0 0 207 34 86 31 32 96 89 64 56 97 103 72 42 115 127 67 52 60 46 140 120 106 121 35 22 30 40 54 58 12 0 104 60 69 12 44 12 111 72 27 81 14 112 30 10 56 76 0 0 6 79 72 18 130 97 6 103 0 48 81 57 112 96 0 63 33 0 60 46 79 20 0 25 36 60 133 122 198 132 76 25 32 91 61 149 15 15 0 6 63 55 78 58 96 63 137 25 64 63 81 115 116 9 67 4 56 110 49 40 67 91 10 65 14 83 0 20 64 33 55 74 40 39 28 75 45 34 74 56 83 65 66 41 50 115 110 77 94 30 45 6 80 92 90 0 51 109 15 19 57 25 56 76 24 165 28 116 114 32 69 43 87 135 63 98 21 15 
68 34 89 164 54 42 7 153 28 96 0 15 15 129 104 33 12 131 5 48 73 15 10 12 87 6 65 56 150 27 0 0 27 4 64 36 64 56 108 0 176 142 86 49 184 38 40 72 28 66 3 58 0 69 0 24 88 78 28 40 82 8 6 2 21 8 112 7 37 3 19 89 119 0 0 32 27 40 100 50 4 73 25 38 29 60 56 51 62 7 0 35 145 119 77 103 36 16 27 48 0 47 82 81 0 48 82 0 4 138 72 93 38 82 54 16 16 37 24 79 4 144 42 46 70 28 0 42 20 123 35 0 3 32 64 0 0 10 59 24 52 147 18 67 62 66 46 81 4 121 18 89 24 190 7 17 6 111 8 28 97 90 5 5 0 24 0 0 88 31 28 198 42 102 25 0 30 108 26 35 13 24 50 38 98 0 9 9 65 120 74 79 108 41 3 32 4 0 74 0 79 40 56 14 40 0 28 0 92 48 35 28 0 66 48 171 0 126 20 17 10 33 36 9 130 40 33 124 0 158 99 90 0 70 131 46 58 72 112 0 131 14 21 14 42 0 72 69 71 97 0 12 194 35 136 96 
57 205 102 99 89 0 42 0 98 41 24 20 150 54 56 39 44 85 38 0 31 72 78 6 72 42 105 15 128 20 44 70 40 0 75 103 0 43 99 0 61 21 39 102 213 102 34 40 82 49 41 130 16 24 48 48 32 154 82 56 9 77 152 9 21 70 167 35 40 129 25 135 30 50 101 107 27 31 75 38 56 171 0 74 135 35 45 27 78 92 4 88 31 81 88 141 42 54 36 35 0 50 113 20 0 132 84 112 216 30 0 98 130 0 205 32 48 20 24 38 97 39 5 117 112 49 42 117 36 123 10 120 43 76 5 126 64 0 10 75 204 15 218 116 15 42 40 66 12 42 0 7 0 35 78 48 25 0 99 45 56 63 18 107 86 36 37 47 72 121 107 38 48 94 96 22 127 52 135 137 6 93 15 64 97 93 68 177 69 73 41 25 0 100 17 49 64 66 0 108 6 64 43 60 0 46 32 51 37 78 16 10 62 10 60 22 12 29 36 116 0 94 85 37 171 6 77 23 20 94 37 80 45 80 67 33 7 101 44 114 30 54 38 105 130 32 0 2 85 112 14 112 45 54 62 126 
102 47 104 201 133 116 81 75 50 84 114 42 55 54 85 27 0 68 98 20 109 3 78 18 151 9 45 48 224 16 35 24 42 18 103 89 41 100 44 90 53 108 4 146 92 22 74 38 121 8 44 127 20 96 81 18 73 162 127 98 128 160 99 52 9 72 40 14 17 81 126 66 111 49 36 20 136 92 116 30 55 54 175 68 84 74 90 60 116 95 107 45 58 100 275 47 9 78 65 27 76 34 50 80 115 150 18 18 114 143 8 97 25 30 0 124 12 172 40 67 1 42 8 135 119 102 87 26 16 135 113 143 118 28 101 51 37 90 46 149 45 103 135 117 87 40 12 26 40 211 5 24 89 77 127 21 51 25 93 0 84 171 24 114 39 72 99 89 27 65 0 132 0 100 70 0 119 103 18 31 18 0 55 40 175 40 23 36 12 97 154 8 43 48 43 54 18 104 65 51 105 91 75 42 6 159 98 32 85 200 145 111 92 23 66 55 29 59 61 120 42 38 88 74 33 138 4 184 48 63 102 44 74 160 280 54 101 35 101 28 148 39 159 146 62 24 87 0 91 109 12 114 138 60 58 75 
56 45 35 32 38 16 5 100 0 172 81 0 47 45 0 8 50 98 99 21 35 92 151 44 170 0 0 72 107 16 13 69 78 0 123 15 45 45 72 0 18 90 18 48 0 71 87 0 27 45 0 0 0 139 4 66 144 222 66 2 86 18 0 130 96 6 2 18 56 154 0 73 18 63 76 101 35 10 81 0 27 45 55 60 17 65 82 77 49 93 99 0 23 71 0 21 68 40 30 79 135 76 54 0 0 35 16 50 72 36 72 36 0 81 42 76 42 128 110 31 20 77 84 76 45 68 115 46 91 29 51 84 0 3 65 47 0 15 3 9 41 102 60 99 20 35 38 25 36 25 88 12 63 47 27 21 93 0 20 207 17 134 63 54 93 46 119 63 49 54 55 38 74 2 0 20 10 0 31 99 35 66 139 67 57 42 183 0 124 42 0 30 0 0 0 85 64 18 45 0 126 4 36 35 0 45 10 2 22 61 6 98 45 51 87 0 72 106 24 57 92 75 45 35 2 10 59 72 119 49 58 5 126 27 26 64 30 85 0 161 117 17 47 141 0 41 54 34 0 16 90 70 39 18 0 32 
14 123 9 64 80 0 45 36 57 46 133 84 85 0 174 109 0 0 0 16 28 152 33 42 89 48 20 66 82 87 147 143 9 87 62 127 36 109 66 0 86 123 71 15 152 186 0 80 4 12 62 266 9 18 99 98 14 67 27 48 18 77 184 42 20 36 157 36 0 80 78 127 72 62 77 16 30 107 129 35 91 127 10 124 171 55 10 120 76 165 50 149 67 114 108 121 79 14 87 60 58 0 44 37 110 43 0 2 117 52 0 53 65 0 26 60 54 6 36 227 0 105 81 192 197 16 0 130 0 72 48 8 12 17 57 223 0 60 48 44 139 108 73 54 24 8 32 29 54 103 38 22 33 129 97 114 18 104 108 45 36 135 0 86 225 10 35 114 105 26 90 93 0 171 72 68 60 27 104 74 0 66 34 128 61 49 34 121 72 58 0 54 40 36 19 205 131 35 5 81 82 82 42 54 48 102 2 94 24 101 14 81 0 54 113 113 89 84 0 236 15 95 25 24 24 45 30 90 10 0 112 44 20 102 40 10 58 127 11 59 86 120 30 48 54 89 18 27 0 6 0 0 44 66 24 178 
36 66 0 20 105 0 21 36 13 58 0 5 23 21 29 65 0 14 0 0 24 0 65 12 24 28 54 17 8 0 0 30 38 9 67 0 48 47 0 0 77 0 50 23 49 0 3 5 74 66 10 59 0 81 0 12 74 43 85 84 3 30 48 96 45 54 65 30 62 80 17 7 27 21 45 52 3 16 42 0 30 11 22 42 15 0 16 175 63 21 27 24 9 0 54 8 34 12 33 0 18 17 0 2 0 0 22 12 9 56 0 12 11 0 44 2 70 6 22 8 0 34 0 28 44 15 25 16 8 8 0 3 51 0 14 30 4 35 0 15 18 43 24 73 0 24 76 0 15 0 34 1 5 0 75 36 3 0 35 70 7 6 79 58 42 17 60 9 0 46 0 35 0 42 5 0 86 16 0 115 1 1 29 12 138 0 45 60 11 51 16 0 0 45 1 37 50 134 0 0 6 18 78 0 0 0 6 8 9 45 0 2 71 0 56 7 18 25 27 21 10 26 16 8 24 0 30 4 20 34 80 4 146 0 8 20 0 58 14 18 0 6 18 42 0 48 42 2 31 50 6 54 56 63 7 57 
17 127 203 45 125 124 90 93 28 231 168 61 0 24 114 28 12 34 59 77 70 82 172 90 138 96 18 57 42 36 60 54 183 51 150 68 26 131 59 6 144 58 348 4 42 66 22 126 116 151 34 200 91 219 18 67 72 8 129 89 19 132 129 105 34 36 145 157 54 53 105 89 34 85 162 102 141 6 95 139 48 146 92 100 84 39 129 160 30 125 45 138 35 93 114 120 177 0 52 97 0 101 9 197 60 18 8 207 141 21 26 56 99 0 33 35 201 4 83 40 25 28 127 166 159 82 11 186 48 9 67 74 6 93 40 85 0 64 21 154 15 65 137 12 67 110 66 24 81 29 84 78 9 62 214 73 42 143 42 243 10 107 266 27 119 152 64 69 66 147 28 104 48 55 105 94 48 50 8 183 41 104 108 127 154 6 114 32 103 34 114 147 72 11 38 112 54 79 24 97 16 133 0 68 34 0 85 2 39 27 10 67 24 85 91 94 59 9 88 120 32 85 35 76 33 103 81 74 24 32 77 19 154 80 38 61 59 77 0 37 92 25 53 115 121 153 93 86 72 171 70 49 36 62 27 72 
24 86 129 142 0 102 102 44 59 0 46 87 117 0 81 8 72 18 173 45 14 125 5 50 25 60 34 40 66 14 96 32 0 59 43 79 51 39 0 30 101 32 82 168 41 0 81 8 0 9 15 74 3 25 28 98 8 94 57 166 32 0 15 29 79 39 45 72 0 0 211 39 78 141 42 1 27 0 35 48 32 0 99 75 45 10 0 40 83 109 64 162 74 73 56 15 38 40 47 49 12 9 37 75 130 126 64 0 14 49 21 193 64 25 91 13 33 30 131 40 0 0 56 99 56 63 31 155 116 0 25 107 15 0 15 64 34 0 55 45 37 59 83 31 28 85 0 35 96 127 47 0 16 4 131 0 72 0 24 0 41 29 49 68 28 8 48 81 72 0 85 95 34 89 79 66 0 73 0 31 33 0 57 44 69 10 72 49 20 78 76 20 85 44 3 82 64 39 35 112 13 100 3 8 0 83 138 72 133 84 0 73 0 31 97 0 0 13 0 41 0 45 13 43 32 0 82 54 0 0 45 8 113 73 53 3 20 88 49 96 87 35 70 124 66 156 40 0 1 26 165 50 10 65 45 18 
120 29 68 41 57 64 52 65 64 97 56 42 32 132 42 0 0 30 15 49 180 161 108 27 137 0 40 46 89 6 6 15 38 18 45 135 0 59 100 62 0 45 45 8 50 20 121 31 55 14 25 184 70 0 107 0 147 0 69 28 177 64 6 61 12 36 49 8 100 102 59 106 35 2 49 77 74 85 42 15 26 35 142 56 26 0 148 40 69 21 64 99 24 115 35 18 0 14 17 33 6 72 40 55 38 75 21 106 56 75 0 49 48 0 50 14 60 32 40 0 15 97 35 94 61 61 96 61 40 63 9 0 45 57 64 18 31 43 113 70 168 92 77 130 113 40 48 34 0 70 81 152 0 0 64 26 0 54 23 0 0 49 36 21 8 90 59 24 6 21 42 15 0 79 59 63 61 45 57 20 81 43 103 11 45 48 40 3 58 38 0 0 49 83 34 116 12 39 56 62 5 32 215 17 3 0 52 16 56 67 0 32 51 105 55 0 0 28 44 92 94 25 121 47 34 0 35 20 37 56 0 65 24 75 9 54 28 21 0 135 45 13 63 78 38 50 0 34 79 51 5 90 0 72 49 14 
60 63 81 191 0 96 36 20 0 122 32 40 66 8 38 0 0 102 48 23 99 49 96 69 122 37 127 42 75 121 28 75 42 0 24 155 0 132 0 0 99 33 104 64 2 56 8 0 35 62 173 0 24 18 28 0 6 124 48 24 49 7 16 124 0 92 80 85 72 85 24 75 48 70 46 12 59 72 8 54 48 0 48 24 32 86 42 46 109 120 103 54 24 16 77 0 54 0 72 63 111 142 120 101 0 42 65 154 31 48 81 46 16 0 50 0 60 0 20 104 60 17 42 89 128 48 67 87 117 56 42 115 54 0 85 73 90 28 62 36 89 35 103 46 99 50 74 79 18 96 48 39 19 117 72 66 0 0 78 0 22 31 110 63 73 75 35 111 83 72 0 65 7 86 18 40 36 33 79 85 68 0 72 60 115 109 76 28 138 28 24 9 113 54 0 61 0 188 147 72 54 96 32 0 30 40 156 95 36 81 42 24 116 63 0 6 27 39 6 0 82 76 9 14 45 0 88 8 8 88 24 38 77 32 110 87 0 57 0 103 87 106 49 118 104 88 73 80 54 12 82 49 0 4 0 18 
176 75 94 76 27 56 151 45 175 160 19 56 25 71 126 42 101 26 62 44 21 79 159 23 79 9 98 35 148 109 13 39 18 0 119 57 77 91 105 18 39 71 77 23 49 66 73 19 145 133 113 65 113 104 6 93 96 82 55 0 62 30 14 40 75 6 8 106 44 108 67 191 13 116 23 46 56 89 8 0 55 66 113 42 56 126 125 146 30 58 15 171 8 100 48 59 61 14 36 32 84 137 50 40 63 2 8 70 73 32 26 6 81 48 37 70 6 96 88 170 129 79 89 35 87 36 72 6 67 74 149 116 38 7 54 0 100 61 43 5 45 53 118 53 55 83 60 103 31 2 39 7 0 92 80 86 23 42 68 160 57 72 71 0 63 22 69 249 10 174 9 68 70 0 55 83 22 9 0 106 36 63 146 10 53 20 138 40 83 90 32 75 139 159 65 67 45 11 184 124 106 32 222 101 66 89 87 36 34 141 51 67 54 2 0 42 42 38 24 65 0 9 20 49 50 21 14 228 62 19 28 0 40 10 84 159 8 74 21 100 32 105 41 42 0 101 45 35 23 63 38 46 43 48 2 54 
109 80 139 4 64 98 64 117 75 122 4 47 8 45 18 153 63 49 105 66 51 8 42 21 60 32 20 32 34 24 24 40 28 44 46 15 119 56 12 42 42 70 64 0 82 10 7 0 156 48 43 92 60 24 28 30 14 23 59 92 78 32 106 64 36 29 0 21 16 98 54 0 29 25 72 38 34 12 22 40 4 6 112 26 75 104 24 56 59 12 34 0 63 37 28 0 0 27 0 180 65 189 80 37 0 49 35 49 35 24 0 11 0 8 48 74 96 89 6 7 4 12 75 29 29 83 99 42 0 77 32 89 15 0 28 0 16 122 68 44 30 76 12 8 44 50 24 40 0 65 0 36 24 49 25 16 57 36 14 127 0 111 58 14 6 172 118 87 9 76 78 21 2 42 49 4 66 28 6 53 45 0 62 38 156 86 149 26 39 64 42 0 0 6 36 20 44 0 95 45 28 0 84 124 112 32 41 8 0 38 126 47 5 92 0 115 106 56 4 138 61 72 0 53 42 104 13 194 38 4 0 37 33 112 40 52 95 58 6 66 84 91 48 40 108 156 0 58 67 18 99 100 28 48 16 10 
61 178 115 150 12 162 153 157 25 57 49 98 95 94 44 26 0 116 129 2 55 168 74 18 63 9 36 43 71 153 57 45 0 65 123 150 40 36 35 93 38 51 176 81 68 30 167 81 102 104 74 73 43 121 21 81 0 89 128 153 244 0 28 36 0 18 6 66 0 61 96 42 27 77 77 24 45 0 8 53 174 105 118 142 82 170 16 24 81 106 168 99 66 80 39 96 36 31 96 99 112 228 159 118 16 89 74 80 61 150 14 162 63 28 81 0 91 6 44 140 7 55 116 172 93 151 49 138 86 4 0 142 84 0 79 111 99 42 147 67 10 81 104 40 168 283 0 112 153 262 2 132 11 20 188 110 72 69 22 216 25 44 54 43 68 35 3 209 26 100 0 44 28 55 14 105 64 88 6 66 36 124 18 134 78 78 164 46 97 193 89 114 9 98 78 27 72 30 63 166 4 51 0 130 36 36 230 81 117 136 18 32 42 28 7 142 122 30 0 76 67 28 62 123 55 5 90 88 60 0 7 0 69 24 7 20 36 192 27 99 36 11 8 211 87 229 24 29 51 45 179 67 115 56 93 0 
163 78 30 95 98 136 9 108 66 59 111 106 135 8 118 127 105 20 36 14 74 72 113 142 53 56 4 202 93 135 4 143 98 57 50 17 18 117 44 52 10 87 5 15 0 79 120 0 36 51 45 62 0 150 95 39 52 106 14 0 43 73 9 135 58 36 28 40 64 6 45 25 79 146 2 4 101 76 131 0 20 69 24 59 2 124 17 110 167 93 122 128 67 60 63 38 51 32 46 64 52 67 45 184 78 42 111 89 126 32 35 86 49 25 78 61 79 53 62 82 28 69 56 88 46 78 89 194 52 7 141 146 63 21 77 123 6 16 83 149 25 177 15 14 12 35 0 35 28 95 71 63 80 35 105 139 105 72 121 262 6 91 147 57 79 86 213 121 0 67 108 81 45 73 87 64 81 108 124 48 87 113 38 0 160 73 20 30 84 112 149 97 54 47 10 170 50 72 8 18 57 16 48 41 21 71 15 0 74 64 54 62 4 209 156 119 42 69 64 96 45 70 52 36 108 87 89 177 189 56 77 55 0 80 0 92 53 122 54 92 21 45 58 76 109 52 76 42 40 38 0 61 21 121 44 123 
0 154 32 18 86 22 0 119 76 67 72 180 22 132 205 56 16 83 56 6 58 85 126 14 94 24 168 77 0 17 25 124 144 93 27 63 89 91 49 15 75 93 65 124 121 9 150 117 96 0 11 86 0 24 111 35 55 159 99 214 151 130 116 0 0 0 22 36 0 96 90 55 72 34 123 97 8 83 64 0 133 12 16 54 73 126 0 32 54 111 147 90 82 95 103 40 60 54 63 42 0 206 76 111 35 43 133 16 178 153 0 6 103 8 136 6 71 0 5 93 24 48 35 63 164 80 48 92 152 47 0 58 152 1 63 144 0 9 97 117 199 56 146 117 28 148 0 112 46 209 0 105 3 72 129 48 0 36 55 21 12 87 1 54 168 0 96 236 0 18 45 127 72 73 91 28 42 9 78 21 54 97 115 63 75 60 163 93 80 95 48 1 0 0 93 70 114 36 63 80 42 55 119 13 36 0 96 93 3 48 18 87 193 146 5 38 9 124 54 61 38 0 0 107 146 9 18 22 151 48 53 96 138 190 113 40 8 20 25 66 0 102 11 90 100 144 45 0 8 176 126 171 0 15 42 77 
0 109 100 128 54 32 105 25 16 214 62 57 38 21 121 8 180 67 115 55 107 32 0 95 62 18 103 58 71 66 18 6 60 0 138 200 0 42 5 15 49 83 98 63 18 5 90 9 129 44 82 70 128 165 49 0 46 54 29 79 36 18 0 97 18 18 134 0 81 82 8 92 27 179 0 109 35 28 64 67 172 90 108 0 6 39 68 98 72 115 157 150 27 21 54 0 3 48 117 32 63 138 23 78 63 215 18 99 72 0 106 96 90 49 122 21 42 45 44 57 41 82 14 64 41 81 87 54 179 0 68 63 58 93 113 48 108 42 177 97 21 18 113 83 109 72 28 21 55 24 8 104 9 27 24 0 120 7 45 26 135 0 12 33 219 86 101 151 77 124 81 161 88 42 63 98 191 54 70 122 149 45 92 81 174 66 107 111 64 14 120 0 85 95 96 31 66 78 28 18 10 125 115 58 9 9 16 158 52 118 9 42 92 106 59 6 139 43 0 24 57 7 56 113 42 14 0 104 21 56 68 0 53 134 104 88 66 39 99 0 9 39 96 13 51 41 51 9 57 42 4 115 109 9 0 42 
61 112 141 170 64 21 4 36 15 64 110 56 23 1 85 30 130 41 7 42 7 3 0 2 175 63 67 44 85 4 39 63 27 0 3 80 0 0 30 0 82 75 83 98 58 14 80 20 28 14 21 18 0 68 62 72 10 31 39 43 79 0 9 80 72 12 11 67 19 9 64 0 30 128 4 34 61 37 1 68 17 12 9 82 6 48 88 8 137 71 103 77 37 179 49 0 21 37 0 21 0 40 0 0 0 117 12 0 15 48 21 109 64 1 20 0 54 46 59 162 79 12 0 48 151 27 50 105 136 57 56 113 14 63 49 78 0 85 61 63 9 0 151 68 34 74 18 38 63 73 0 40 54 105 60 63 8 9 19 6 54 45 16 27 39 18 91 9 167 0 123 104 59 104 97 24 73 81 22 27 94 0 0 7 26 25 22 105 27 26 13 44 104 31 12 10 32 48 186 144 40 48 24 70 69 63 0 72 37 51 0 47 0 91 108 0 30 115 6 0 27 41 0 94 14 0 12 157 0 67 0 41 39 106 75 147 16 58 9 29 113 70 96 3 108 0 24 118 11 132 79 75 28 42 0 6 
111 88 63 52 30 0 27 14 45 59 92 140 73 68 7 6 142 110 81 0 16 0 99 125 0 33 51 17 45 4 19 108 18 28 67 41 61 130 49 0 123 215 78 75 14 0 51 0 25 1 34 121 0 8 88 27 74 80 0 60 116 18 51 87 52 30 104 63 45 6 108 64 72 155 36 84 63 26 37 80 0 107 23 112 56 99 7 97 0 165 193 134 37 38 60 4 63 78 70 9 74 80 85 281 0 32 48 50 22 94 64 85 104 8 72 0 20 54 58 48 54 103 0 54 28 55 3 174 78 14 82 43 64 56 120 45 16 16 75 95 117 76 116 25 19 42 79 69 36 67 63 64 3 162 44 108 3 36 40 81 60 84 24 72 101 109 104 14 72 20 140 116 24 104 62 83 63 42 93 25 54 0 138 108 81 82 99 214 0 99 91 83 145 56 49 66 96 48 45 116 14 19 27 91 81 85 58 49 116 124 135 59 39 167 72 181 128 54 4 38 16 36 68 19 87 11 70 50 97 111 54 40 30 3 26 64 94 12 0 72 15 34 60 130 98 127 61 53 47 125 149 55 174 25 123 0 
28 20 120 58 30 129 62 15 122 102 37 100 48 117 13 0 117 10 66 42 16 18 35 17 0 18 16 72 137 60 65 57 6 3 154 0 0 73 0 22 74 66 89 80 24 139 30 0 32 58 28 51 36 72 24 3 0 56 32 69 40 60 0 20 36 83 122 49 145 138 32 50 3 142 56 0 72 146 36 0 30 109 109 16 96 111 107 56 52 28 22 113 8 52 64 30 0 43 26 56 108 24 24 0 30 56 64 176 1 3 27 3 76 63 126 129 72 78 72 20 79 46 52 24 18 96 92 81 102 45 18 144 81 0 99 137 113 93 81 8 39 151 0 88 78 0 0 50 24 5 40 82 30 0 199 0 1 0 36 72 92 90 54 111 42 63 54 48 66 42 34 77 12 93 107 126 20 104 1 92 3 4 110 9 68 0 0 72 106 51 96 30 0 0 0 96 70 123 74 27 11 118 0 27 21 40 174 160 80 104 39 18 54 3 106 0 40 6 20 0 58 48 28 35 90 8 58 1 15 31 54 78 63 121 8 39 27 30 41 126 144 61 0 56 70 161 54 0 12 18 67 51 0 22 7 51 
147 45 27 40 29 9 29 12 148 45 35 10 12 2 58 0 14 41 81 63 30 45 64 15 73 54 57 88 114 73 15 0 63 136 27 123 10 221 18 9 20 95 69 132 107 35 117 45 12 82 89 122 28 0 0 48 0 81 21 6 18 0 93 67 18 33 91 74 50 16 98 63 67 15 24 14 60 15 134 20 0 72 135 0 0 91 7 106 77 102 54 144 20 42 32 96 47 63 42 0 0 66 14 87 72 4 57 88 75 91 40 120 106 19 21 28 80 8 24 64 59 54 30 112 77 118 117 51 27 0 119 18 33 27 68 0 99 46 0 0 0 25 22 66 57 45 36 28 34 76 62 78 4 96 103 56 72 48 54 63 18 0 12 63 139 28 56 153 68 9 15 40 0 44 70 15 69 93 18 27 0 9 79 0 56 178 116 5 14 99 4 42 104 34 7 83 113 90 170 26 126 0 56 0 90 145 87 96 24 108 77 41 117 76 63 41 20 9 4 119 54 27 123 10 54 179 10 14 45 9 30 118 24 49 72 119 35 52 0 89 111 148 75 0 0 100 30 68 76 0 58 28 63 14 7 80 
91 64 87 78 131 14 83 32 10 54 148 73 78 0 125 35 40 209 55 0 110 39 94 15 0 36 0 109 0 25 94 70 5 35 72 62 64 10 175 69 117 29 148 88 85 18 0 76 172 74 64 72 0 0 59 107 56 64 64 176 36 48 9 76 87 118 82 76 72 87 54 27 135 201 73 53 115 99 94 94 104 13 43 14 0 120 94 112 120 0 154 125 91 177 106 61 0 45 72 26 66 0 48 5 80 72 40 57 8 86 90 89 40 65 110 54 50 17 78 73 50 0 129 81 81 139 94 92 79 111 116 71 48 40 0 205 5 40 174 142 75 47 66 106 0 64 14 22 28 1 27 0 10 101 78 10 61 10 47 87 24 29 74 0 208 0 151 104 30 69 30 255 39 34 74 82 182 20 7 92 70 0 24 46 143 90 127 86 86 8 102 18 78 0 45 18 58 14 110 134 40 114 141 80 165 54 35 93 74 103 31 126 64 0 42 38 32 90 20 48 16 9 19 75 35 15 0 105 130 130 21 64 92 77 97 30 12 67 0 95 99 0 15 61 34 163 19 76 0 171 45 4 54 0 0 114 
43 105 88 41 83 18 128 22 178 190 34 132 5 141 85 96 45 39 81 36 88 35 276 57 58 73 69 84 50 68 0 143 65 151 158 163 124 146 21 30 0 4 4 141 51 60 82 29 121 175 41 102 20 56 62 67 28 82 109 0 8 78 58 43 14 56 161 15 21 162 81 41 82 91 116 113 56 95 0 18 95 124 104 57 10 54 122 48 59 163 150 258 100 211 38 102 45 61 110 42 92 119 175 33 26 109 0 105 91 21 16 16 108 21 106 72 71 70 81 1 71 128 44 128 75 68 78 35 73 39 6 26 27 78 7 2 32 15 90 40 63 168 132 124 30 167 28 94 84 41 106 54 62 28 18 96 33 14 48 22 72 3 11 0 81 54 125 215 67 95 71 135 90 147 79 111 96 82 167 60 18 60 112 86 77 44 208 24 124 169 71 12 73 120 24 138 117 7 64 108 90 81 99 96 0 10 126 12 97 34 43 19 44 134 9 132 16 136 8 170 9 12 53 77 38 43 106 111 42 62 144 111 69 77 101 0 17 0 78 105 20 131 30 118 96 150 12 0 8 18 61 105 0 40 91 153 
43 85 31 65 36 21 78 102 56 27 74 104 0 87 34 0 55 57 0 32 9 13 41 40 66 20 56 24 59 51 90 63 102 37 100 123 65 119 0 86 78 113 133 24 0 46 40 27 122 15 49 64 99 36 56 36 0 96 74 48 12 110 41 36 24 50 111 18 113 4 53 0 63 95 50 99 30 72 74 48 42 47 14 34 15 58 118 140 40 56 0 108 16 47 64 63 2 15 122 69 16 41 0 68 23 74 60 84 18 57 50 48 139 24 33 176 97 165 22 68 73 97 103 66 127 39 9 72 8 68 4 102 138 0 80 11 56 76 5 93 0 8 202 0 46 30 2 52 32 52 26 76 72 96 19 3 42 112 42 93 88 144 83 63 49 70 81 42 125 0 0 102 16 137 133 35 79 69 0 67 0 36 78 64 52 46 39 76 121 66 15 50 70 0 47 57 32 61 150 70 102 20 0 114 30 23 129 62 12 120 33 3 61 76 39 16 40 28 59 53 12 60 24 120 47 35 24 44 34 0 89 68 60 76 60 11 24 10 78 87 46 38 32 166 3 46 36 59 90 51 40 127 117 63 0 81 
72 105 15 91 139 90 88 14 44 80 146 157 49 87 79 33 0 51 25 28 14 46 202 21 55 0 49 128 17 59 36 71 51 58 10 64 56 159 109 42 36 65 32 86 32 6 77 24 102 33 47 241 18 21 92 128 53 43 58 35 30 37 84 4 49 24 0 48 24 33 0 45 66 151 129 27 24 18 126 12 98 16 40 39 138 196 27 111 73 130 54 64 70 92 42 0 57 78 27 19 104 93 64 93 40 106 81 162 94 81 56 22 105 77 48 48 77 54 1 70 0 87 45 96 32 51 67 44 46 36 97 49 60 0 84 127 38 77 20 34 72 99 48 91 7 20 0 51 85 42 141 72 80 81 63 36 63 60 108 139 50 100 4 0 87 131 130 61 90 116 0 45 24 1 66 0 65 63 70 12 5 38 18 64 56 64 113 65 28 55 57 78 139 50 37 56 40 16 72 163 97 80 113 12 66 113 2 0 85 27 141 160 56 118 147 103 66 27 0 112 17 24 27 30 41 27 25 88 194 10 137 33 56 36 48 89 35 48 25 166 136 77 54 73 129 157 84 70 94 131 60 28 0 51 95 0 
132 158 147 71 154 86 76 76 44 141 368 18 35 82 136 26 0 119 46 49 70 49 96 131 34 80 102 52 48 121 191 183 40 83 99 255 123 104 84 64 68 96 88 64 72 204 112 225 9 296 70 169 139 35 100 200 95 107 25 63 68 129 85 116 82 170 196 12 177 118 82 183 89 124 168 0 165 183 100 14 73 112 68 88 120 53 0 142 180 126 49 154 6 184 62 116 2 56 105 28 152 83 197 155 81 87 10 90 35 75 117 153 116 82 43 38 80 101 171 83 56 97 81 130 197 68 151 178 81 222 116 110 100 100 62 8 36 28 78 69 261 54 221 128 156 0 26 153 18 7 116 88 59 57 73 9 92 98 64 103 36 103 91 128 101 115 198 143 99 22 0 160 99 127 63 101 35 176 201 78 83 30 0 24 181 60 60 97 123 24 62 149 98 116 54 66 130 209 93 227 100 104 209 133 24 97 112 156 48 178 77 54 107 126 79 155 92 67 12 234 123 59 72 129 27 149 90 27 136 163 80 94 56 25 89 226 84 59 0 209 117 146 56 10 52 194 26 106 81 66 99 126 70 85 50 89 
154 72 135 10 104 50 70 50 4 192 58 84 117 0 141 40 87 90 84 79 122 36 53 39 130 32 91 54 69 48 0 73 88 0 38 102 66 52 73 138 66 120 53 52 74 87 88 27 252 48 24 82 66 63 62 120 28 156 0 40 252 0 119 39 135 35 40 34 90 45 131 63 13 99 80 18 75 236 3 46 28 85 0 65 36 46 16 78 74 137 95 84 33 18 98 126 56 36 179 61 152 45 167 41 96 63 132 66 104 30 0 14 70 0 9 9 12 91 38 149 18 18 48 87 212 87 69 117 0 21 10 103 95 78 78 32 42 91 52 66 0 77 141 105 105 59 27 13 28 58 2 7 0 83 187 43 63 12 0 61 66 36 61 24 88 120 154 54 48 78 0 144 6 42 24 112 15 216 5 72 0 54 51 81 112 63 86 118 127 76 84 92 63 79 172 45 144 82 3 148 18 72 169 26 18 29 16 44 61 103 35 41 42 40 28 163 28 80 40 150 15 149 99 127 96 116 186 108 125 20 58 64 63 105 150 206 44 16 0 170 149 43 101 68 24 177 0 72 114 54 72 61 18 62 40 193 
138 56 47 45 18 246 136 10 33 172 79 55 71 117 119 135 42 8 110 123 54 52 32 77 110 22 96 39 37 66 124 67 59 73 127 56 28 18 12 185 82 67 68 209 59 26 70 20 16 201 3 88 27 98 16 157 62 71 72 102 3 63 32 133 30 77 104 96 154 69 84 28 15 37 0 21 15 25 66 14 8 79 35 15 112 140 124 0 121 81 91 43 35 58 0 22 11 16 28 69 106 170 187 77 153 119 36 89 61 0 12 155 36 0 42 46 79 91 157 92 27 99 139 227 0 103 76 45 9 115 161 98 155 93 142 63 57 77 131 129 42 176 127 104 93 85 49 0 0 76 52 33 24 24 144 20 92 4 86 15 79 49 61 65 99 42 89 85 68 32 101 183 27 9 78 113 119 123 29 8 34 86 82 0 86 48 131 0 158 120 176 163 155 81 21 153 55 60 217 45 42 119 37 74 91 63 114 131 129 20 114 72 9 71 332 196 55 54 63 139 134 0 30 59 8 47 57 190 113 185 160 21 77 0 83 45 57 21 46 124 111 32 134 37 44 95 88 56 33 60 100 114 132 184 0 185 
0 71 24 39 33 121 0 63 127 64 0 66 18 16 87 93 81 200 21 22 101 48 69 59 3 6 0 39 42 6 48 13 0 89 70 78 104 4 49 17 100 72 57 0 93 12 27 148 39 24 92 36 36 33 149 15 22 108 14 97 57 26 87 84 90 0 174 141 6 48 50 8 86 45 29 12 45 63 12 57 31 82 13 56 0 24 21 151 105 66 45 112 99 18 128 102 60 24 39 46 42 10 51 150 27 31 48 80 98 58 64 119 191 64 60 0 49 150 29 0 30 50 56 102 90 18 58 62 66 24 39 141 27 0 18 22 0 62 63 0 9 30 126 86 56 12 60 12 2 0 0 30 45 120 51 24 0 32 73 20 50 7 56 92 0 14 217 81 64 0 137 166 6 149 126 18 24 39 60 69 129 89 77 72 28 81 96 49 3 56 24 0 72 48 12 63 22 31 0 83 15 0 219 98 27 90 4 199 18 56 21 27 32 87 107 19 0 114 36 45 18 36 56 21 114 0 70 150 49 8 124 122 32 176 64 57 0 159 27 12 21 63 74 65 90 0 81 0 0 41 0 24 128 63 36 187 
90 62 4 42 56 0 62 41 34 15 103 0 0 9 18 6 83 0 50 39 12 40 60 0 43 9 8 123 0 75 80 89 0 32 39 63 27 6 48 112 23 36 51 8 111 47 0 82 115 38 1 9 58 6 7 20 16 56 21 0 45 51 81 0 32 49 0 21 16 12 80 0 25 80 9 0 11 15 64 0 23 3 49 26 13 136 39 56 57 8 6 65 29 112 0 25 26 0 38 29 49 56 12 42 35 91 50 52 32 33 62 0 54 30 35 24 14 73 0 40 35 53 50 73 44 24 12 77 8 49 4 0 21 14 6 43 0 64 62 11 127 41 96 0 1 41 0 24 0 63 122 27 0 21 31 3 0 83 25 60 6 0 89 5 70 14 82 0 45 42 51 0 18 57 7 0 7 5 56 0 0 30 39 49 1 14 66 7 0 15 15 50 0 0 36 26 9 74 56 51 79 3 26 25 68 42 75 5 10 0 15 54 0 48 57 73 87 59 0 137 6 35 69 66 50 40 36 32 54 9 40 12 20 33 0 34 25 0 61 90 21 67 60 51 39 13 6 106 0 5 0 28 0 15 23 61 
137 137 114 130 72 63 0 87 6 54 0 0 68 72 45 63 0 72 107 0 25 33 137 31 127 0 0 68 106 104 52 88 72 27 92 91 8 71 7 60 0 81 9 54 62 103 130 83 122 146 36 85 233 52 0 220 45 171 81 25 94 30 47 108 121 36 93 56 63 112 62 112 0 40 185 0 12 34 0 42 105 86 18 54 67 10 210 36 179 59 20 30 8 212 48 130 15 96 45 0 27 0 43 185 54 233 145 88 66 67 34 60 40 51 15 14 132 134 161 168 5 9 26 63 66 45 90 119 40 66 0 133 44 55 38 20 0 34 24 18 90 61 214 175 45 72 14 117 57 27 127 54 5 150 86 57 45 117 8 103 66 71 102 16 35 82 85 131 3 50 0 52 14 51 0 117 112 216 135 63 0 48 0 174 45 0 112 22 41 38 40 55 8 7 24 63 18 127 118 137 63 125 27 27 0 72 104 15 38 107 0 34 0 150 111 8 2 15 19 106 118 0 45 91 18 18 0 121 0 102 88 70 0 45 108 202 35 0 120 147 65 47 0 96 0 25 36 86 0 54 0 101 39 137 5 38 
40 16 103 62 35 192 58 29 81 127 0 20 0 63 66 73 32 45 26 15 87 103 21 21 61 63 56 75 93 82 64 141 51 0 16 20 60 18 27 36 99 56 97 45 52 72 18 99 54 117 87 17 54 39 0 79 46 75 58 54 0 22 0 57 0 58 73 42 104 60 93 0 53 156 45 18 21 74 53 54 47 0 82 5 30 57 32 0 102 24 0 125 39 51 72 41 32 81 32 121 0 210 35 48 87 40 174 95 123 42 0 8 0 0 122 10 41 14 0 11 7 53 70 51 9 162 109 0 22 78 40 165 24 0 6 162 40 91 57 32 154 120 20 14 153 0 60 18 9 40 18 30 54 32 93 60 69 88 52 78 48 151 112 41 27 85 18 165 21 24 0 0 8 70 0 2 40 65 54 66 0 0 126 0 83 8 50 6 28 24 117 102 14 18 96 16 67 135 36 0 104 18 28 50 7 74 88 54 54 113 76 0 126 56 0 4 0 47 14 81 20 71 27 45 29 14 34 66 0 87 12 72 0 30 25 0 56 102 22 6 23 37 0 30 151 81 58 43 72 0 75 2 86 24 127 5 
110 164 102 5 7 0 61 123 65 60 133 85 92 128 58 54 40 61 108 69 199 24 90 35 235 35 36 49 27 78 37 52 81 11 12 123 7 49 27 0 133 70 62 136 81 29 64 0 40 139 44 45 86 101 186 70 80 132 0 85 24 62 88 56 19 8 16 120 119 67 0 45 104 12 0 49 92 5 67 44 30 98 19 7 134 69 0 122 0 63 49 3 40 6 94 79 85 145 0 20 76 152 72 116 35 167 24 58 48 72 87 63 138 60 210 75 80 142 55 121 73 105 18 120 29 57 52 46 40 62 74 203 114 53 68 96 123 114 35 7 60 75 168 36 81 28 49 18 93 41 34 42 74 109 82 103 54 122 23 18 66 71 61 88 113 59 136 6 120 39 81 76 0 41 20 63 106 64 60 9 12 14 84 0 157 74 4 144 6 77 129 98 97 102 0 2 4 61 177 56 81 30 65 73 59 229 8 84 120 170 42 82 48 69 95 51 87 140 0 1 82 114 71 81 60 72 41 0 60 154 22 13 28 69 0 350 120 126 0 72 64 105 158 64 106 84 0 75 71 176 36 112 136 119 0 48 
91 111 110 74 28 22 43 142 38 25 0 111 135 50 26 45 64 15 0 79 0 89 85 22 12 3 20 97 85 69 28 72 4 37 27 92 28 66 44 0 71 0 55 107 0 6 85 54 49 20 54 72 17 141 154 21 78 86 0 28 99 12 18 45 82 109 4 58 0 76 27 27 66 20 0 56 72 0 0 24 9 72 24 36 56 160 0 63 40 60 0 20 36 50 62 0 6 39 51 192 12 196 83 80 66 21 75 48 95 61 27 32 48 0 94 7 28 36 106 54 24 19 28 50 18 109 126 210 68 51 36 90 2 56 10 70 10 78 20 45 98 138 86 28 35 42 14 119 7 62 42 90 25 18 71 48 24 0 42 15 34 6 131 91 80 88 106 31 12 28 26 66 0 54 56 7 99 44 120 6 26 0 28 42 81 60 53 8 52 86 64 19 9 18 59 19 6 92 42 2 0 116 24 73 40 54 24 32 85 0 60 4 0 107 77 53 36 31 82 27 63 100 9 59 126 0 6 0 50 76 6 5 63 24 0 97 4 99 4 101 70 27 140 68 170 145 103 105 55 34 78 61 15 73 119 22 
205 52 95 208 121 92 85 191 65 89 18 116 0 8 14 6 37 12 54 72 12 90 8 171 9 0 49 42 90 48 84 72 21 30 34 82 33 99 96 0 45 63 125 123 31 53 105 54 12 13 54 14 30 46 95 94 20 3 4 78 72 52 54 55 16 54 92 57 53 20 85 107 57 140 91 71 64 56 39 119 48 86 0 45 72 50 45 64 77 114 39 214 49 5 12 94 112 0 20 68 55 48 58 105 28 34 56 90 155 133 63 116 111 0 83 24 172 8 63 115 16 162 36 80 117 62 4 83 24 16 45 135 18 89 69 21 18 19 36 42 18 38 47 184 52 56 0 194 0 158 68 218 62 16 109 36 93 38 40 60 102 33 40 128 141 61 44 21 117 37 84 67 53 71 162 131 63 42 0 23 112 123 20 34 5 68 48 114 54 127 28 38 58 1 82 226 11 143 42 54 47 8 84 130 55 97 124 30 55 215 46 27 142 0 27 49 8 4 83 121 128 52 0 0 78 5 58 53 136 77 24 112 8 58 48 46 12 20 106 106 4 131 93 109 0 59 12 55 48 12 48 11 88 30 8 55 
66 82 71 28 188 32 21 19 83 95 3 0 30 63 166 74 0 0 28 58 53 165 102 0 192 124 104 103 45 118 9 18 19 16 70 86 92 133 28 62 161 134 85 124 83 100 89 48 197 69 56 191 9 0 15 54 51 84 183 213 52 59 71 169 45 87 55 75 69 192 36 137 22 14 118 77 64 48 92 21 135 190 47 42 138 45 95 8 156 68 32 50 58 9 72 58 22 16 75 82 27 16 56 30 24 40 18 99 90 105 32 0 130 77 68 25 27 74 69 101 0 20 40 99 6 27 90 21 90 36 14 42 145 72 0 126 21 44 54 48 42 82 156 118 77 48 46 0 56 55 46 67 17 36 131 163 7 32 81 80 20 146 9 72 130 15 55 32 119 70 89 59 48 154 110 32 164 50 35 127 12 97 50 80 45 10 64 82 78 78 6 74 57 56 27 114 110 66 97 6 15 96 121 97 0 55 16 0 50 46 24 31 114 149 75 104 16 36 72 134 48 63 104 49 27 83 18 0 42 45 28 16 201 98 43 60 70 63 55 99 15 39 31 59 19 152 6 85 43 66 41 137 122 54 14 0 
119 141 28 120 111 8 4 114 16 92 28 0 8 50 118 20 37 45 9 11 15 85 33 31 190 14 35 94 11 30 38 102 23 0 35 99 0 12 93 10 46 0 64 113 30 150 84 63 50 63 46 54 50 63 55 134 68 128 49 141 97 119 68 30 71 41 37 73 49 66 5 104 55 12 21 17 38 85 111 36 32 52 0 63 54 91 0 151 18 119 9 61 26 52 163 105 30 0 84 53 44 88 91 97 10 31 49 105 167 144 69 77 51 19 82 20 91 10 62 152 40 0 0 64 170 36 11 24 89 127 0 56 64 51 36 83 64 37 33 60 36 29 113 124 6 23 14 90 0 56 0 105 33 68 115 40 21 32 78 91 135 180 112 55 40 7 24 14 37 77 36 107 6 60 28 12 35 45 57 22 25 48 130 52 20 72 42 72 27 111 12 58 44 64 18 98 8 70 141 16 27 0 28 78 77 159 54 53 0 163 14 8 68 39 0 36 36 62 21 174 40 102 0 7 54 0 54 87 77 82 20 37 106 59 20 119 21 0 6 24 54 46 147 18 30 15 56 16 51 38 0 14 95 48 12 172 
83 143 90 86 44 19 12 153 89 116 65 156 137 88 113 50 18 139 42 17 58 64 111 6 46 38 66 99 151 0 28 2 155 79 48 0 24 126 59 21 187 35 153 160 76 0 166 20 78 144 30 167 56 90 4 58 27 110 215 89 176 24 42 119 161 49 32 55 56 94 75 45 12 83 101 28 68 87 127 125 35 74 52 23 47 64 48 104 163 46 71 116 67 80 126 14 108 114 115 88 59 26 13 112 42 54 174 43 243 34 0 20 36 64 6 56 141 5 25 17 30 98 55 66 65 111 59 2 112 52 0 0 54 94 81 127 0 19 66 49 57 90 128 113 18 124 29 15 45 117 82 51 84 177 66 101 3 36 71 9 4 27 195 77 80 51 9 72 18 132 56 173 129 199 0 0 61 76 99 135 58 58 58 112 134 47 51 9 89 118 61 0 128 32 26 75 14 9 85 75 87 8 16 136 57 22 92 32 119 13 96 0 37 81 89 82 24 120 46 52 16 41 0 99 21 24 64 52 55 25 88 111 107 162 184 36 58 63 99 51 10 110 139 65 18 69 13 0 36 31 0 51 57 24 18 226 
0 24 86 74 56 0 0 36 152 54 57 80 105 0 78 0 81 66 6 60 73 17 177 63 29 1 0 54 36 18 36 62 80 6 68 101 91 56 27 38 49 93 82 40 12 50 84 0 55 174 40 98 76 16 64 153 32 73 29 0 78 8 8 119 81 0 64 75 18 52 15 3 101 5 76 14 149 18 22 48 32 88 8 0 26 18 15 122 0 54 98 48 72 182 2 142 0 9 21 63 107 106 0 72 74 70 121 76 5 15 35 94 64 3 36 45 97 72 57 0 8 0 143 9 83 189 123 6 22 51 63 24 103 17 0 8 16 78 48 35 72 25 78 82 24 7 32 8 15 14 0 50 54 45 50 14 72 22 0 16 54 46 10 30 113 21 80 57 42 42 0 93 0 12 96 78 0 94 100 39 11 10 22 0 36 38 115 27 49 145 30 46 0 4 25 85 100 8 179 15 18 132 72 15 38 0 0 29 0 40 43 0 15 18 56 128 8 36 3 121 12 61 20 107 132 46 77 220 98 33 60 72 44 70 100 76 0 20 48 108 119 131 0 14 38 19 18 28 0 0 7 66 27 58 112 42 
103 128 268 73 165 45 66 6 58 84 150 34 13 0 80 93 8 49 122 25 135 41 24 21 28 24 44 54 168 18 68 16 0 53 20 100 36 10 31 51 145 17 32 44 104 45 22 10 170 116 67 40 50 16 4 81 82 80 22 122 78 0 68 36 70 53 57 146 14 64 8 46 0 55 109 48 0 26 50 36 32 13 36 37 76 60 27 66 40 36 28 132 9 92 99 93 56 60 155 143 20 83 15 0 0 43 59 98 89 0 7 86 63 30 42 20 41 70 12 168 88 61 0 211 44 76 92 120 24 18 52 53 63 56 72 41 72 113 24 16 35 30 102 166 256 63 26 45 0 11 3 18 0 5 86 76 135 0 76 13 72 115 56 152 115 191 14 47 35 21 24 48 53 12 0 79 145 184 43 44 5 2 0 128 68 0 87 28 9 26 36 26 31 138 67 92 63 136 84 0 0 140 72 50 39 54 70 57 17 68 69 26 45 105 56 0 19 0 130 116 54 28 16 195 0 42 18 110 61 131 16 48 100 159 100 45 98 88 0 177 58 106 148 89 116 86 40 42 64 25 33 94 0 40 18 126 
0 103 35 10 23 32 0 1 32 205 38 0 14 0 59 9 107 63 28 0 14 0 6 53 0 58 72 80 27 23 60 63 23 9 54 51 4 72 16 3 77 0 101 90 0 30 33 0 105 105 56 27 8 90 18 9 34 78 0 129 15 1 88 0 72 9 123 8 48 49 0 5 0 21 0 32 114 4 21 12 56 35 12 0 25 0 45 66 18 27 49 69 28 7 0 24 0 0 0 42 0 0 62 10 0 47 51 11 110 0 15 8 6 63 100 0 16 0 58 12 0 0 54 47 40 133 84 81 144 136 23 63 44 32 81 0 28 14 137 0 64 38 49 18 74 28 52 40 4 62 0 138 0 7 24 8 46 18 29 15 40 0 1 0 53 27 4 106 0 40 0 15 36 0 47 117 33 17 3 119 11 24 3 24 61 35 29 12 35 39 15 41 42 28 16 7 26 4 69 56 15 95 18 69 4 12 0 74 59 108 18 0 20 56 47 20 0 12 9 0 12 0 28 12 110 73 21 3 0 12 17 36 12 86 77 25 35 70 35 57 18 39 54 60 32 121 0 0 51 92 81 125 54 3 57 96 
32 56 0 0 0 100 93 24 117 12 68 151 0 63 129 59 160 61 0 35 173 0 36 33 131 0 86 33 76 27 16 35 82 46 78 0 118 51 0 54 65 37 6 53 102 0 14 59 67 35 0 14 0 36 0 0 0 0 8 4 72 186 81 9 6 71 79 90 32 54 127 136 0 40 134 30 16 0 87 21 29 98 62 6 12 87 68 64 97 36 57 35 95 75 6 119 3 82 75 4 81 92 81 108 0 103 36 105 53 0 2 74 54 16 34 36 97 195 35 40 63 40 60 120 48 88 93 140 28 54 111 0 63 68 42 0 97 70 128 80 66 1 144 27 5 119 64 8 18 75 0 47 0 112 63 71 66 9 74 0 37 0 92 99 112 0 175 54 24 53 114 129 0 100 83 0 170 79 56 0 74 71 40 0 47 120 144 0 82 35 181 74 104 0 72 54 3 28 64 0 0 31 48 0 55 27 35 114 32 0 82 147 69 148 63 146 79 32 32 101 0 81 0 48 159 7 42 86 91 63 38 99 13 135 106 28 40 28 0 79 27 78 68 63 24 65 33 118 62 241 0 84 69 9 0 166 
9 42 92 26 100 52 66 79 125 38 54 44 114 108 14 15 0 21 17 104 18 71 4 105 68 77 39 48 40 6 158 108 40 7 80 16 15 30 140 60 90 41 48 70 48 3 65 119 14 33 0 52 9 36 7 115 6 8 36 40 12 82 11 64 54 42 0 106 12 49 49 12 6 0 85 46 47 15 154 0 33 99 94 114 48 7 30 109 74 30 0 0 9 0 48 0 103 0 36 52 52 42 30 50 168 175 48 8 134 72 19 2 53 111 56 20 14 103 8 81 58 89 18 89 79 27 48 0 12 27 24 42 52 30 23 77 0 0 37 0 24 64 117 72 0 60 18 9 52 21 0 0 0 232 32 21 24 36 91 7 72 18 18 54 16 53 36 31 82 89 85 0 2 76 0 57 14 40 44 48 4 42 30 58 20 54 27 150 0 114 53 16 180 62 42 20 0 28 80 8 30 0 73 37 59 0 25 0 0 101 0 21 24 77 21 44 39 55 18 24 7 126 0 50 24 0 36 71 10 16 15 54 97 49 57 40 7 108 16 18 131 6 66 18 0 51 14 8 0 20 0 21 16 20 100 0 
0 1 95 34 70 64 22 80 37 105 97 44 35 110 35 162 16 70 0 43 78 48 91 20 134 21 64 20 89 24 40 43 144 17 14 57 5 22 0 0 21 124 63 27 29 66 56 19 20 19 22 118 8 23 90 14 101 24 44 56 38 61 59 33 97 0 68 0 83 78 104 18 0 38 132 81 40 28 125 71 65 71 72 46 26 48 45 46 60 82 10 143 15 116 130 9 61 112 30 88 0 12 58 119 8 56 21 96 98 3 6 0 35 0 28 101 47 35 70 5 35 40 35 64 79 48 104 197 22 18 6 0 77 40 83 0 80 108 25 78 70 46 124 56 92 48 119 10 3 101 53 40 53 16 96 47 24 9 19 140 18 69 111 111 42 114 56 56 0 60 16 55 73 96 10 63 0 60 37 69 54 39 137 68 63 28 0 63 80 73 23 68 114 174 65 127 65 11 79 5 5 67 51 136 0 40 22 39 114 14 3 20 26 86 25 64 14 15 113 6 15 54 8 102 30 32 75 0 28 137 67 10 0 81 13 106 17 0 59 82 31 0 116 51 59 28 26 76 11 148 20 9 17 31 4 93 
155 149 140 0 21 118 96 48 0 81 68 56 32 40 146 106 36 117 290 9 50 91 64 102 47 6 32 120 29 37 15 171 210 28 39 63 0 40 64 0 48 135 18 158 54 74 48 71 45 171 21 142 54 128 42 70 24 46 112 59 125 188 120 130 112 16 24 24 161 49 34 72 0 7 65 130 99 23 88 39 55 117 49 7 90 106 115 74 89 51 255 35 0 166 29 67 0 24 11 77 64 153 158 150 0 99 31 40 118 34 61 5 0 22 206 17 130 90 55 64 30 156 29 85 58 72 76 27 96 62 107 107 76 82 140 35 8 38 46 68 83 117 52 63 17 126 14 89 21 140 65 39 0 48 109 40 86 103 20 33 8 141 97 24 90 118 229 122 34 80 62 125 42 83 30 123 105 15 70 106 63 149 149 0 83 54 183 63 156 163 163 122 52 89 47 40 36 102 82 54 30 216 22 106 32 64 45 14 85 65 31 118 83 157 121 108 46 0 50 101 125 58 24 32 85 148 39 156 80 39 56 46 91 0 57 122 80 6 3 10 105 53 26 140 157 25 137 38 21 152 99 172 75 133 9 129 
151 214 72 84 69 6 41 70 91 231 76 71 16 102 95 51 0 160 22 55 73 117 0 59 102 25 45 24 40 0 42 37 64 116 0 171 129 63 144 0 80 77 0 0 59 93 14 51 182 81 18 138 93 27 0 245 30 10 48 24 52 48 112 38 89 25 207 38 6 112 209 173 64 102 150 102 154 76 86 0 90 107 96 14 84 77 0 104 109 12 20 111 8 147 6 52 144 78 36 60 54 97 127 40 117 18 22 72 24 0 24 74 106 82 72 90 74 137 193 78 62 0 48 224 102 114 115 135 30 138 48 85 116 75 77 2 60 96 81 25 52 109 159 2 30 56 77 142 42 78 60 36 60 8 77 36 105 20 52 153 87 108 53 0 106 145 124 75 35 111 0 69 36 78 16 37 32 0 51 157 104 75 49 90 40 40 15 180 181 36 0 95 121 40 24 139 26 20 72 167 76 48 156 56 0 0 101 74 45 73 0 52 49 0 25 112 35 16 57 128 16 128 10 34 50 58 44 85 72 64 59 18 165 0 57 75 15 16 0 214 48 88 42 48 52 96 10 90 135 104 60 18 0 0 54 196 
64 54 86 22 0 0 63 118 74 162 78 0 30 0 0 36 8 16 18 104 58 54 18 10 45 18 19 72 119 36 37 54 30 24 0 24 47 90 102 20 57 48 36 87 24 65 67 42 0 48 84 170 0 20 9 132 16 42 0 72 17 102 81 74 52 54 48 8 2 0 16 51 54 18 4 27 59 80 138 18 0 0 14 141 51 23 64 66 163 2 54 35 117 35 180 50 72 40 14 126 0 79 63 0 90 78 57 0 66 58 4 18 22 0 18 40 32 14 0 193 27 6 27 63 65 156 67 85 28 42 88 36 0 30 65 54 24 38 0 0 36 16 75 3 24 0 15 54 63 156 10 78 36 200 26 48 40 106 35 48 21 0 0 40 0 7 15 72 33 3 0 56 11 54 0 0 68 45 17 96 15 0 118 16 0 89 24 90 45 76 62 8 109 60 12 53 10 42 112 0 115 41 0 61 60 104 29 57 62 185 42 27 12 0 38 117 6 122 8 0 86 18 45 59 72 209 0 12 5 16 25 0 16 0 86 27 17 0 50 71 18 12 91 0 7 0 0 23 56 0 3 2 76 0 45 95 
27 40 51 89 66 6 18 85 0 30 42 76 114 102 72 24 53 61 18 72 7 100 42 50 63 53 45 54 252 48 0 0 120 0 153 110 0 58 72 67 97 168 16 18 26 58 62 42 10 5 0 24 36 0 56 14 48 0 42 40 101 32 87 24 42 25 95 0 40 0 165 132 63 10 112 98 45 42 67 0 47 83 46 104 25 133 0 44 94 3 0 12 56 53 0 0 16 143 45 0 42 72 48 80 36 24 42 64 108 102 0 88 0 0 106 0 49 45 40 121 40 96 10 30 46 78 63 126 75 0 0 0 74 16 97 30 20 36 16 64 8 45 188 63 63 18 94 75 0 118 0 149 7 91 101 111 16 67 35 8 18 60 48 100 56 6 88 0 84 88 24 86 40 135 114 35 69 41 15 33 93 54 10 0 114 54 40 72 135 139 84 82 221 36 12 0 32 0 107 63 18 112 61 24 41 12 62 60 0 78 54 0 61 0 72 99 69 60 20 233 53 117 93 143 24 0 40 51 61 65 0 40 69 0 103 84 5 36 0 102 153 16 15 27 48 0 24 64 0 141 0 71 32 24 0 40 
54 132 87 119 122 67 95 52 35 24 41 42 42 0 78 102 82 45 61 50 53 143 100 33 81 0 3 148 39 186 12 64 59 55 128 21 0 0 68 6 57 70 94 0 87 101 42 0 54 121 26 24 48 35 114 78 33 87 44 76 71 69 217 43 191 62 213 87 64 30 99 0 121 44 137 3 89 63 163 106 15 31 153 100 68 94 114 99 104 10 39 86 9 177 145 44 33 30 103 70 101 93 136 132 0 15 26 64 65 27 7 182 87 15 33 49 97 61 123 58 73 99 126 86 151 136 8 106 159 56 93 119 42 57 95 27 38 98 69 106 32 65 3 138 122 94 86 20 9 72 31 48 20 0 92 17 117 69 31 157 26 56 124 137 24 45 7 101 44 86 32 154 51 48 100 83 70 160 22 96 138 136 108 11 70 94 148 30 111 46 40 132 94 78 54 32 18 15 39 207 93 82 96 144 63 15 99 14 22 62 30 43 60 33 80 68 15 12 42 105 42 92 86 99 30 171 107 190 91 0 44 64 66 52 12 80 78 55 51 138 134 43 147 77 38 63 69 201 50 194 65 50 48 84 13 83 
121 98 48 32 40 77 22 20 18 114 21 11 0 81 127 99 81 37 76 106 75 140 0 39 57 0 30 119 113 0 91 46 54 0 32 30 0 20 55 99 44 48 92 68 45 95 32 87 150 0 67 72 95 105 82 119 32 96 75 44 49 99 101 82 45 61 81 97 8 15 172 0 49 92 179 27 73 54 106 72 57 65 37 62 31 27 0 82 60 129 28 183 26 47 16 60 84 0 99 81 63 85 55 45 235 46 89 93 49 69 10 38 31 0 16 57 73 51 16 116 23 65 102 94 135 107 80 142 3 35 0 72 63 68 104 34 40 86 70 63 53 104 67 198 10 40 72 16 58 40 98 0 42 80 52 64 177 225 99 48 0 39 68 52 237 106 27 15 42 45 18 66 6 126 0 3 20 129 90 130 71 48 40 48 111 30 75 99 15 107 109 36 87 33 50 64 67 37 49 10 0 0 22 12 0 90 38 71 30 33 28 52 28 22 126 145 84 34 53 105 51 93 18 71 44 84 60 119 84 0 48 49 56 71 64 33 45 77 42 101 35 127 0 15 36 86 39 81 0 98 52 5 7 10 22 136 
221 65 188 127 9 48 88 63 21 117 104 16 0 66 129 78 21 99 123 94 54 182 156 5 263 0 131 75 76 197 69 88 85 49 16 111 54 85 129 163 12 59 18 156 171 93 247 60 18 161 76 175 118 97 138 73 60 113 43 48 50 8 174 67 74 30 55 149 177 0 119 54 176 78 103 20 122 26 138 129 82 103 165 146 138 178 42 78 112 248 36 77 108 107 147 133 121 27 133 135 126 0 140 178 122 38 72 106 245 111 24 71 131 9 33 51 126 57 63 110 57 35 171 18 30 32 147 137 59 60 16 187 92 34 72 160 16 104 82 68 98 72 170 165 91 158 12 131 40 42 57 37 0 69 298 107 90 193 170 192 84 0 124 128 187 44 64 117 64 108 63 153 49 99 142 89 30 74 121 153 18 177 96 81 95 179 27 128 49 30 72 123 125 162 129 180 40 95 178 93 133 115 0 174 69 153 6 72 95 126 141 53 76 157 105 131 51 83 42 139 11 115 176 104 66 114 53 97 193 85 61 3 42 36 54 159 155 36 5 170 241 99 80 45 156 84 81 95 230 40 100 110 64 80 53 108 
50 36 70 108 28 169 42 98 101 0 45 48 35 90 26 52 12 61 112 49 41 27 9 77 0 87 26 15 50 0 103 45 0 54 27 114 16 40 6 81 74 0 133 63 2 45 30 90 31 18 72 18 0 91 20 0 51 131 78 44 99 81 9 0 151 0 63 81 21 122 53 10 21 10 137 0 63 0 69 28 90 12 134 22 106 165 24 132 56 48 56 10 0 75 28 58 74 64 14 82 90 77 67 133 129 76 56 48 150 144 6 71 49 16 9 0 6 90 18 81 24 31 12 40 6 77 150 77 44 32 10 63 102 30 70 8 69 49 98 21 21 102 61 58 35 36 4 88 9 73 6 117 12 8 83 0 57 1 40 18 43 12 6 6 68 125 34 71 10 39 28 50 42 0 12 68 0 0 0 50 27 8 56 31 138 0 0 24 25 45 180 4 74 47 12 45 52 0 63 141 8 80 30 28 36 16 46 28 82 123 72 47 0 24 128 28 21 9 78 17 72 90 24 53 36 0 44 67 0 24 108 0 82 129 63 23 2 48 81 0 173 15 123 14 27 108 67 20 2 21 84 10 39 28 0 22 
30 64 112 60 114 69 21 46 58 60 58 58 0 51 24 24 16 103 46 68 105 0 36 86 40 0 48 32 69 0 36 87 86 63 81 166 32 76 30 0 54 127 171 0 40 105 0 91 8 92 66 28 83 42 65 36 24 33 24 59 161 0 169 56 72 42 155 66 4 7 118 14 123 49 36 0 66 28 32 64 15 0 20 97 92 63 36 2 153 94 84 32 8 8 121 0 6 9 27 78 76 33 78 192 0 60 60 28 48 35 80 86 0 7 28 18 46 51 159 42 42 7 104 142 84 44 60 86 38 24 56 54 71 0 83 20 16 16 79 73 24 110 132 24 24 27 24 33 40 35 42 34 54 63 167 12 54 106 59 64 117 20 0 96 18 56 38 0 50 16 36 142 31 102 0 0 78 75 4 0 30 64 69 5 118 16 77 55 54 91 53 92 111 57 0 0 24 97 14 31 28 121 0 45 9 104 46 162 34 136 53 9 35 70 35 16 0 87 36 33 36 20 80 139 99 90 14 58 58 0 151 110 110 40 0 191 60 0 28 42 45 18 121 55 97 0 72 84 73 63 53 57 63 54 40 88 
169 32 8 104 30 56 80 99 14 47 9 72 36 128 125 48 14 63 7 28 55 163 100 102 116 27 131 74 109 0 29 8 43 94 21 28 6 0 36 74 52 0 54 55 55 45 115 89 20 0 46 111 32 0 41 74 6 82 12 10 44 56 33 10 67 20 18 45 28 26 63 41 81 27 101 0 21 27 58 0 116 71 42 22 71 130 8 36 95 168 20 0 27 9 36 7 0 63 68 20 54 180 88 54 75 28 54 11 23 209 25 28 38 9 28 30 77 52 8 157 31 101 40 71 93 0 35 60 61 100 32 76 65 0 204 18 18 79 21 10 49 60 27 62 0 0 42 132 0 56 137 125 9 121 58 66 84 10 82 42 33 18 26 63 53 12 6 6 78 31 14 59 0 81 0 0 31 63 10 32 6 40 62 0 22 31 4 95 9 99 76 35 165 36 11 10 49 0 171 54 0 0 66 13 28 116 56 28 27 99 102 6 20 108 66 23 81 61 16 147 51 12 27 88 6 25 33 0 49 3 37 78 16 14 0 125 0 18 0 0 18 127 3 0 0 20 14 15 5 77 0 102 28 129 0 20 
196 94 109 84 0 12 71 69 4 70 58 91 47 25 46 34 72 32 64 9 18 10 57 33 33 0 24 62 103 20 98 14 17 15 24 0 54 51 15 50 37 5 2 83 89 69 45 58 112 16 36 25 8 14 45 101 34 12 31 0 44 10 6 101 32 20 10 21 20 19 94 156 79 36 75 27 6 16 10 14 8 63 27 0 20 38 8 122 55 52 0 54 54 24 46 34 50 55 61 91 0 104 30 59 66 105 18 57 74 101 0 36 66 0 62 31 60 36 54 63 66 144 0 72 18 45 15 48 39 70 107 30 0 109 71 57 50 10 131 24 43 61 41 102 36 21 37 0 44 24 100 0 0 49 15 44 49 32 73 18 40 21 95 24 24 25 92 84 94 29 148 75 54 97 27 37 40 25 105 111 36 0 24 28 23 54 9 134 18 26 78 0 6 28 0 139 51 70 92 0 64 0 45 44 69 42 49 36 8 36 12 99 35 38 0 0 109 55 53 0 39 12 68 35 40 4 48 63 103 4 18 77 49 58 88 52 71 88 12 40 0 104 97 72 0 53 9 9 41 5 20 40 118 0 0 76 
107 149 106 27 173 90 55 147 2 50 124 52 35 72 179 68 0 68 98 0 75 48 123 48 142 71 34 71 78 8 49 197 12 77 32 12 70 62 0 81 112 105 2 60 119 54 68 56 90 52 4 118 0 24 78 124 18 182 40 0 35 174 42 110 26 77 105 81 14 16 66 0 140 119 0 15 87 70 71 43 94 3 9 100 59 25 16 18 87 70 93 213 64 118 0 110 90 16 152 123 18 46 61 121 56 39 64 127 100 115 66 72 49 7 61 16 30 24 26 141 70 15 61 96 129 55 140 59 9 14 16 0 6 19 104 69 0 14 12 152 24 79 152 0 72 18 28 0 57 10 29 8 0 185 14 20 60 42 75 197 0 48 30 20 42 73 16 0 18 96 42 73 73 147 0 48 0 35 23 35 51 35 35 37 64 64 15 158 24 21 145 82 44 36 8 87 169 49 56 0 52 7 90 59 61 12 12 6 176 88 54 68 62 121 28 59 55 139 137 194 62 94 111 96 147 39 50 59 140 58 49 156 74 25 48 46 3 35 10 18 43 99 35 80 132 79 42 18 104 16 75 43 91 0 62 108 
127 159 60 25 0 0 0 19 17 125 5 56 43 0 101 0 8 0 1 0 0 21 193 0 98 13 31 54 134 25 55 21 54 15 0 0 0 93 0 0 16 105 20 50 24 4 85 0 0 24 12 81 9 49 41 30 0 72 20 0 8 10 13 90 0 24 41 59 15 39 42 56 0 40 99 36 0 0 20 35 29 0 0 64 51 0 54 0 0 95 91 35 12 27 0 30 0 0 25 102 0 0 40 52 63 20 18 9 45 63 20 54 24 6 82 33 69 20 8 81 22 91 14 36 25 0 39 125 45 27 0 56 0 10 6 67 0 10 2 49 42 55 7 142 0 0 48 62 164 12 105 18 9 12 61 10 27 0 24 146 15 54 33 54 126 0 77 121 54 0 0 55 118 34 0 49 40 10 34 23 50 21 56 72 85 0 62 18 36 0 28 10 0 0 40 73 36 43 14 8 43 69 0 57 0 18 20 77 118 46 15 9 28 91 0 28 42 98 96 36 45 0 70 48 88 20 0 28 119 41 39 87 70 0 30 45 1 35 37 58 0 108 0 54 108 81 42 0 30 21 0 86 8 12 35 15 
54 8 227 50 167 14 20 58 67 74 131 108 121 163 132 52 7 208 190 52 140 99 61 128 70 8 36 127 55 88 41 72 83 9 0 116 71 156 89 68 185 117 16 135 81 35 10 53 107 50 12 46 1 63 24 61 16 4 72 88 93 143 85 158 76 86 31 86 0 55 132 28 82 122 0 16 99 102 123 51 101 99 88 54 43 46 12 32 130 24 72 37 66 21 45 87 0 108 32 152 117 0 63 68 119 66 59 88 21 0 53 176 150 52 87 47 17 164 21 19 15 177 63 63 21 42 58 137 79 198 90 120 90 30 109 32 70 56 0 40 98 199 180 86 45 0 16 19 10 63 15 160 0 0 37 57 79 61 39 66 63 193 58 88 80 97 202 72 90 127 157 112 22 91 18 23 136 122 61 15 67 107 75 16 149 24 52 84 49 24 78 119 65 0 87 0 70 81 0 35 10 44 126 0 73 27 48 103 18 39 44 149 63 102 36 103 15 120 0 99 20 15 9 72 21 21 54 63 144 86 0 59 150 63 164 89 55 97 15 143 0 39 57 154 54 81 7 20 32 95 0 265 5 56 21 0 
84 30 30 48 17 0 54 59 62 76 167 84 144 56 62 0 21 15 0 0 8 0 67 54 69 48 36 24 24 95 63 66 71 54 71 57 0 37 95 45 190 51 32 0 72 14 85 45 6 153 142 45 0 46 150 27 16 90 118 90 128 54 81 237 21 3 211 143 51 40 74 48 8 0 45 2 0 100 27 0 81 69 6 44 46 42 54 94 21 137 36 60 14 75 0 128 92 18 101 36 30 8 120 27 171 24 21 0 75 24 9 72 111 39 147 48 98 167 0 123 93 32 63 26 78 15 27 18 81 93 81 147 150 52 42 21 12 82 27 45 108 110 27 49 56 0 28 147 24 17 48 110 0 27 194 53 51 15 107 42 10 0 116 60 137 67 117 83 119 64 103 109 78 54 0 64 72 102 122 48 0 81 8 33 133 40 12 103 6 10 0 60 27 29 54 39 78 201 96 95 72 64 57 132 0 161 16 135 24 109 0 18 72 39 93 114 27 66 72 65 99 36 42 40 72 90 62 0 45 0 32 24 70 57 0 72 4 105 30 210 48 48 64 83 111 26 12 11 0 18 57 92 12 90 108 0 
0 75 12 24 34 72 63 34 81 107 101 31 28 140 0 30 0 56 6 101 16 48 112 36 4 0 0 96 81 24 0 16 5 84 99 14 29 84 183 50 95 141 42 5 0 0 119 44 27 0 5 89 35 68 0 67 10 72 0 0 67 30 0 15 0 0 64 81 0 0 32 8 56 63 92 20 34 28 155 52 0 152 0 44 82 54 20 72 119 37 16 121 118 36 0 35 41 10 38 0 36 140 19 96 30 0 57 50 78 60 127 97 72 53 0 36 48 90 45 52 0 4 5 24 66 36 0 0 0 44 22 40 69 17 18 45 0 62 0 63 5 4 116 0 0 0 10 0 0 64 27 92 72 184 11 32 4 48 0 109 74 18 12 0 147 20 150 72 96 54 77 64 27 160 45 36 40 110 4 16 10 8 0 38 0 25 135 26 25 166 0 25 82 12 44 0 5 0 85 0 28 64 0 101 99 46 99 84 0 30 72 81 16 114 93 48 97 24 22 125 36 40 32 35 129 32 16 17 134 19 83 40 15 24 0 64 26 36 0 81 16 0 40 0 72 54 53 54 36 63 0 112 151 70 16 72 
148 57 121 124 135 78 154 3 18 144 7 12 27 30 83 143 21 71 37 0 71 56 57 35 108 4 105 56 57 72 71 111 76 6 62 36 16 45 105 49 29 35 61 111 15 15 48 0 40 56 21 40 7 124 38 102 118 109 88 163 78 123 108 111 53 21 0 45 123 72 55 34 45 20 113 42 92 45 106 0 75 25 75 57 47 92 72 107 52 78 8 25 58 71 67 17 52 50 58 65 98 12 65 25 84 19 89 159 68 57 52 90 25 0 72 0 22 0 64 0 81 55 91 44 38 46 102 65 58 117 25 28 12 8 8 56 107 34 101 15 68 89 63 5 30 38 60 9 9 29 81 63 20 0 63 50 38 25 55 72 24 108 36 24 126 78 107 71 48 91 40 72 42 35 99 51 63 6 5 18 15 56 59 45 37 0 48 39 28 0 12 7 50 156 63 131 80 43 44 8 7 97 123 0 32 90 124 78 16 48 21 162 15 42 102 129 49 42 60 133 115 30 63 102 117 77 138 111 114 52 0 7 64 3 45 124 22 91 20 88 16 71 6 58 38 120 48 54 39 17 135 61 18 0 0 49 
141 38 33 77 50 64 20 60 95 81 104 2 51 19 9 0 102 25 0 6 58 22 206 36 109 1 54 96 128 52 42 44 45 24 90 72 119 138 48 36 69 129 99 42 7 36 35 9 108 95 0 22 60 60 28 7 87 44 70 61 0 85 27 91 32 24 59 25 2 113 9 7 0 47 74 45 68 0 114 0 71 57 4 30 59 63 55 68 62 190 0 36 14 75 22 42 99 211 60 32 98 8 0 0 109 14 0 80 65 128 46 82 25 88 70 56 32 100 0 10 0 178 123 18 82 28 48 91 29 17 99 87 100 0 77 72 77 36 7 81 42 72 112 108 75 0 58 6 35 61 90 24 14 31 47 99 36 0 88 90 6 88 44 12 54 57 153 0 143 36 69 66 18 136 88 0 113 4 104 18 5 66 41 14 70 30 90 20 38 44 72 0 84 0 27 50 26 17 74 68 53 40 173 31 25 27 36 32 85 66 34 63 85 21 9 133 44 27 88 73 45 12 24 30 148 8 56 56 146 0 22 135 96 102 128 116 63 162 0 104 0 266 4 133 63 12 0 20 147 124 72 165 105 196 78 20 
88 21 46 101 102 117 83 4 57 118 24 58 40 3 72 72 35 20 94 65 0 88 45 71 8 90 0 74 125 166 73 37 41 98 121 70 14 19 55 23 61 27 49 146 169 56 52 107 87 85 49 172 122 0 16 127 36 145 32 84 79 90 105 94 30 130 115 0 14 48 0 0 123 82 37 48 195 31 25 36 32 110 58 30 52 41 67 82 102 87 142 233 91 90 56 63 45 28 18 121 16 22 119 20 78 99 78 142 76 98 0 67 53 20 0 0 94 45 63 126 36 183 44 238 21 85 227 212 72 69 77 10 93 130 6 9 0 16 62 91 90 15 115 156 98 48 6 54 60 88 76 32 36 65 108 115 81 54 0 44 12 4 77 24 48 135 29 36 118 0 97 52 86 45 29 104 84 138 85 63 83 78 39 180 43 0 203 47 78 94 0 47 130 143 10 10 40 16 0 105 66 101 65 41 0 94 0 65 119 129 36 12 24 81 80 229 19 18 0 110 102 78 96 101 126 138 60 39 64 58 49 95 49 42 99 87 40 43 75 45 87 84 100 121 35 0 32 63 16 57 22 21 93 80 113 54 
180 158 105 155 51 84 6 84 26 20 81 16 88 117 21 75 60 40 32 18 4 115 72 69 5 42 25 78 81 87 31 91 0 18 28 21 38 76 6 23 48 60 45 24 10 143 40 31 0 214 80 14 158 88 11 188 0 106 33 0 16 0 77 54 53 114 88 0 68 42 80 95 0 40 48 31 16 12 0 8 99 121 152 42 149 83 30 177 167 32 6 91 22 27 64 0 0 79 12 0 56 49 58 72 74 149 16 119 59 19 29 17 90 48 72 67 18 42 199 93 81 68 12 0 54 44 24 72 48 100 37 0 49 0 33 51 117 67 0 43 3 87 146 4 0 0 127 80 27 1 18 0 12 77 94 0 18 0 24 80 219 33 47 75 48 39 39 106 59 112 97 21 16 88 104 24 9 70 1 72 6 26 65 8 66 18 36 153 0 88 77 153 0 12 144 55 45 42 90 85 39 63 154 10 45 43 68 119 8 102 24 21 60 48 162 9 6 37 12 200 9 30 83 135 70 47 45 26 40 30 117 68 0 52 32 92 8 58 6 14 90 101 30 116 0 12 48 87 0 38 9 146 83 113 9 114 
48 100 64 6 9 4 72 17 17 42 70 14 16 35 65 12 0 54 45 0 8 56 20 0 66 4 56 8 44 16 12 16 7 60 8 0 4 0 150 6 14 0 4 28 3 64 46 0 15 97 10 102 84 70 105 27 0 38 97 0 0 88 87 41 9 0 24 85 136 69 6 0 74 63 0 72 39 4 21 8 42 0 0 56 159 0 8 62 0 20 0 32 20 5 9 14 141 76 59 27 5 17 34 0 7 9 0 118 46 82 7 0 83 5 163 9 9 40 0 0 0 44 49 20 15 40 18 6 0 12 24 125 36 0 0 97 16 26 0 0 17 53 121 7 35 16 0 0 3 25 9 0 32 7 42 82 0 88 86 9 28 0 27 38 105 35 139 0 3 36 0 6 3 92 8 8 64 6 64 84 0 63 45 2 74 46 8 81 56 86 24 16 27 80 2 0 0 71 18 32 81 16 0 8 0 33 25 0 55 14 0 9 80 7 18 70 24 42 55 59 8 166 0 54 64 56 13 9 63 6 22 132 0 72 71 67 95 90 4 51 26 139 16 32 16 40 0 21 57 24 36 49 9 0 0 14 
35 11 49 28 63 64 56 22 28 42 138 81 5 121 94 69 16 16 0 0 28 113 42 21 5 0 0 36 74 63 0 45 110 48 114 56 27 78 44 53 63 0 103 60 71 89 32 15 0 27 28 100 72 64 16 12 99 20 0 0 54 81 21 95 64 32 74 16 37 42 99 49 24 32 87 71 118 72 100 72 0 87 28 35 7 18 84 0 32 119 85 72 35 91 0 45 82 0 103 0 0 39 4 80 80 0 0 28 195 39 0 25 0 0 13 90 42 0 40 32 0 74 121 110 0 36 0 85 111 9 88 45 81 0 0 63 21 113 46 36 93 79 8 56 64 81 0 16 0 135 0 64 0 136 21 36 60 36 28 78 8 114 71 18 135 179 25 33 72 51 18 0 0 64 54 40 0 81 4 28 56 14 36 40 109 52 0 68 68 107 61 54 72 0 171 133 0 66 94 14 35 44 9 0 40 16 92 8 15 60 111 133 81 63 81 35 9 29 41 63 53 0 0 35 141 41 53 56 88 60 7 42 27 44 36 14 27 28 40 9 225 25 48 65 25 110 61 51 78 142 141 42 30 42 14 45 
0 61 10 25 75 36 21 36 23 48 0 63 40 40 52 99 0 34 44 3 47 151 67 21 29 30 35 75 66 68 81 8 24 48 4 43 9 0 76 64 20 5 0 14 115 0 29 97 0 44 75 99 91 30 64 72 8 57 39 76 5 114 80 79 8 0 54 95 35 39 51 43 49 21 34 0 55 7 80 21 61 115 12 40 52 33 0 0 176 39 18 55 19 38 20 36 72 28 36 70 41 6 21 25 64 64 9 105 60 0 49 104 49 95 70 0 14 18 0 32 3 13 32 36 173 32 11 77 8 58 2 60 53 28 65 46 62 8 0 6 66 40 24 24 64 0 0 34 29 35 34 66 30 124 10 4 8 35 32 36 0 78 12 8 93 14 19 47 90 24 46 17 0 120 28 0 92 95 22 45 30 61 4 54 28 4 90 100 24 0 17 0 45 18 0 104 149 62 0 32 16 11 67 54 36 0 48 43 36 26 0 8 10 104 25 141 20 44 37 58 37 32 29 42 56 38 75 97 8 0 48 4 6 6 41 39 15 115 12 16 2 76 27 90 21 34 18 21 0 28 0 39 24 89 0 94 
45 21 121 27 64 33 122 30 16 95 32 32 8 30 186 32 0 46 85 106 63 88 0 87 13 0 60 27 0 12 7 45 153 49 17 77 9 0 139 15 19 18 76 60 0 31 0 0 96 18 7 152 0 32 12 89 66 50 43 77 72 37 225 2 80 0 93 9 0 24 87 0 0 9 81 21 24 0 176 0 59 27 10 0 107 45 40 78 21 13 66 32 52 75 0 24 160 72 0 109 0 69 91 135 22 42 48 108 122 31 0 27 0 3 110 86 18 24 3 0 90 42 0 46 21 156 8 127 0 0 97 30 140 24 51 7 0 98 12 0 32 5 149 16 18 69 36 0 27 83 0 12 113 0 6 85 4 9 36 0 0 123 54 43 24 56 32 30 0 90 0 105 54 32 0 90 0 0 67 0 55 110 75 16 3 0 36 72 54 54 32 36 85 117 0 5 45 7 84 9 0 0 89 0 0 0 18 4 27 0 5 45 0 25 0 160 0 0 7 104 27 108 0 99 86 48 16 45 0 16 0 97 42 82 64 79 18 57 36 0 29 65 0 35 48 58 9 108 9 133 42 69 0 12 0 48 
40 0 124 170 25 113 52 76 207 153 36 59 106 38 77 0 54 0 46 121 86 76 81 62 28 0 53 0 191 98 18 9 0 104 67 94 74 49 82 26 66 33 12 21 15 48 119 13 66 35 13 222 27 74 105 49 20 136 14 20 45 50 69 22 42 61 14 29 0 159 0 28 85 58 62 32 111 111 72 0 17 87 111 62 110 1 42 12 90 77 127 106 54 71 65 49 7 46 0 63 89 81 38 52 0 154 15 107 100 65 0 68 79 0 69 54 24 90 63 139 72 6 78 45 44 150 138 0 116 44 87 113 8 3 63 49 28 63 5 11 127 36 163 24 15 0 10 49 23 85 89 38 45 106 25 93 47 32 21 0 51 0 17 79 0 106 113 15 64 90 88 30 12 73 77 0 36 15 64 73 111 49 134 83 100 12 136 36 88 90 32 35 90 16 70 63 0 8 114 36 74 50 102 40 31 164 54 92 69 115 76 25 56 42 69 7 6 79 0 84 98 58 40 128 36 109 155 123 6 42 35 48 6 36 120 8 0 8 42 81 63 54 74 58 50 0 2 80 41 0 28 60 72 66 70 64 
81 20 123 62 21 52 51 12 116 58 69 21 36 73 94 43 99 127 16 136 58 56 107 70 37 27 16 24 70 35 12 0 71 43 41 0 27 83 132 54 66 124 128 65 72 203 72 135 56 45 0 299 32 115 62 123 52 8 71 25 73 0 94 0 174 15 129 9 0 81 103 29 137 26 76 54 120 49 119 0 84 135 108 82 43 16 0 9 96 58 0 44 20 82 2 35 40 44 30 38 72 54 100 0 15 0 73 14 130 0 9 7 0 21 75 31 142 40 27 64 8 43 66 79 144 236 114 90 61 7 28 20 33 45 125 98 93 43 27 6 16 9 80 72 96 16 46 0 30 45 0 84 39 0 6 32 69 81 14 72 37 132 63 0 98 75 29 17 0 26 7 86 0 16 106 18 16 117 41 111 0 48 35 40 0 84 0 0 115 124 93 123 32 139 54 93 0 8 0 32 46 22 45 0 28 75 8 8 18 22 73 77 0 32 116 80 81 61 16 29 68 13 30 41 62 96 72 31 7 54 85 62 0 60 28 64 93 0 57 75 169 60 73 59 18 116 0 77 113 64 90 14 57 0 0 105 
45 224 69 117 77 35 30 57 99 72 14 82 70 27 86 99 16 62 8 16 39 59 91 64 0 79 0 48 18 91 84 60 99 27 36 10 31 84 0 9 172 35 68 165 0 0 45 0 62 129 0 18 87 72 46 124 6 120 73 0 65 36 8 12 64 9 45 0 85 18 90 88 0 35 248 46 9 81 121 36 86 46 92 9 78 75 32 172 123 62 0 88 92 93 14 72 0 75 22 45 81 0 56 0 161 7 29 0 30 40 33 56 50 48 95 0 142 0 134 52 24 30 6 23 74 10 141 16 107 169 0 39 15 48 24 50 130 194 129 27 0 34 65 126 27 18 34 117 24 0 0 0 0 21 92 25 30 66 21 140 6 45 91 68 75 92 66 98 27 54 42 27 56 43 105 111 12 63 0 42 9 0 49 0 112 31 54 24 36 72 61 55 64 76 111 8 113 0 45 124 36 77 51 16 66 120 0 50 64 72 16 52 31 60 14 0 42 44 77 153 108 72 8 81 43 84 60 45 12 14 53 0 119 77 99 6 39 0 113 26 157 89 66 184 72 78 0 34 32 9 54 78 16 21 63 41 
45 15 27 16 6 39 41 0 15 49 0 63 0 0 60 20 0 141 0 34 0 97 15 27 38 9 49 67 11 29 0 40 0 24 14 0 45 0 84 49 9 0 18 73 10 0 52 27 6 8 13 86 0 18 3 195 0 34 15 44 52 38 12 18 0 0 40 91 0 0 104 15 19 50 0 4 27 86 0 0 0 29 5 0 27 16 24 0 48 80 9 47 51 43 69 21 15 81 29 72 21 64 38 27 87 16 38 15 23 15 30 16 0 0 15 0 20 1 0 49 0 6 9 145 93 53 62 70 6 36 0 61 9 2 68 35 15 73 45 5 20 10 99 0 64 48 30 2 0 0 0 21 21 0 0 12 36 20 38 0 38 18 13 1 34 2 72 7 39 51 31 20 0 36 21 0 57 49 23 0 9 0 39 4 0 29 0 8 18 15 27 27 40 38 93 15 28 16 24 45 26 0 90 37 39 0 93 8 0 9 76 6 35 18 45 91 0 12 71 123 69 0 45 30 88 30 9 44 63 19 44 3 0 0 46 12 42 0 28 0 15 2 85 20 16 29 14 16 55 2 16 30 0 0 0 67 
59 74 119 30 46 44 113 118 25 92 85 55 88 51 51 34 115 80 112 84 16 62 94 35 34 36 60 23 50 72 55 89 18 10 41 85 48 182 0 57 103 93 25 83 54 55 71 42 65 83 0 66 12 164 53 75 56 34 64 138 10 168 78 42 60 103 93 70 52 45 175 5 54 53 0 37 90 3 108 74 20 28 54 43 108 16 12 162 35 88 30 72 0 44 46 35 69 12 32 29 10 35 66 10 64 111 57 31 46 50 28 157 43 0 105 2 99 87 59 45 48 40 39 44 32 103 8 80 42 188 0 0 94 12 76 55 62 2 4 27 96 73 123 0 16 73 79 28 8 130 24 68 42 7 49 64 110 97 59 146 57 63 75 50 90 24 99 102 57 36 61 28 62 110 101 105 145 101 48 37 0 16 33 0 109 52 126 45 83 100 42 142 61 26 47 59 58 86 76 18 91 53 19 46 106 19 141 77 72 48 30 59 141 39 101 74 0 53 121 35 36 24 15 17 22 21 136 30 30 33 16 28 129 25 153 98 50 53 30 30 22 77 31 60 10 4 46 58 64 28 32 206 38 18 4 53 
104 129 63 78 41 50 125 92 25 73 24 32 24 45 96 73 57 107 94 162 153 141 19 147 262 0 0 150 130 112 20 190 45 51 112 111 0 121 91 55 67 116 96 140 0 101 112 72 151 1 66 83 67 64 81 89 157 12 137 67 102 105 9 79 36 93 67 73 0 18 59 41 91 21 114 36 95 60 90 0 3 30 26 126 49 72 30 34 177 93 48 96 62 77 132 24 48 18 57 135 88 47 152 153 138 75 188 20 158 60 15 150 0 0 84 0 104 153 92 95 71 84 24 58 96 51 169 124 40 15 27 63 95 33 103 102 88 31 39 105 96 180 211 186 140 25 6 42 24 54 52 62 28 98 141 91 9 147 35 9 9 95 83 64 51 98 95 21 24 26 10 95 44 75 15 173 66 215 160 84 15 54 48 76 59 72 0 42 66 113 36 35 71 113 42 35 18 80 51 174 64 48 48 4 54 95 144 95 81 97 79 96 14 81 177 102 0 23 84 165 51 45 78 146 107 96 4 34 26 45 69 70 90 24 9 75 89 60 141 105 99 22 96 155 60 0 63 0 48 88 61 62 28 63 34 52 
30 84 130 66 7 20 95 141 68 150 35 63 0 38 136 79 65 126 25 59 98 62 94 127 70 12 48 115 79 35 48 147 39 126 122 295 7 180 94 41 135 35 218 68 35 94 45 62 111 76 107 2 129 8 38 0 68 174 27 54 37 0 60 22 50 61 152 0 61 51 107 50 14 32 0 16 76 36 60 48 16 20 22 117 96 40 29 52 36 200 0 168 40 9 156 12 13 58 42 141 102 7 48 93 28 0 2 127 151 18 0 12 45 73 92 0 77 0 99 0 177 57 204 168 69 76 61 94 62 70 60 90 126 0 48 8 0 0 177 157 7 146 88 55 100 109 12 18 0 32 25 41 62 13 109 0 31 0 42 0 122 26 49 28 124 98 72 87 89 88 0 152 102 25 54 12 29 49 30 61 23 71 82 54 108 68 0 58 35 66 60 16 253 161 0 18 53 19 110 87 54 121 95 108 4 102 0 78 24 71 34 103 84 0 162 91 35 66 52 149 71 101 127 137 2 35 2 111 74 17 105 25 150 39 20 149 39 101 69 0 77 80 105 186 58 53 44 24 108 68 159 145 89 157 23 205 
66 61 180 40 48 0 16 81 36 170 16 65 6 76 24 115 0 66 75 0 14 146 72 47 0 17 24 0 169 99 0 87 24 82 44 64 117 4 34 0 60 87 45 32 65 18 2 74 49 210 20 122 104 176 34 15 84 104 123 144 5 56 60 57 76 20 110 2 131 18 45 21 89 43 167 136 118 39 121 21 84 0 80 0 43 48 25 32 73 16 0 79 37 122 18 3 42 54 8 54 120 88 64 15 21 51 81 33 188 0 9 9 0 4 21 0 87 14 59 4 24 64 0 0 63 109 7 123 126 45 51 24 101 68 0 1 32 26 64 41 66 15 108 127 118 104 13 80 0 65 0 102 0 14 47 56 27 54 16 0 66 81 0 49 90 69 64 101 30 120 81 33 9 181 17 16 148 129 46 62 36 72 46 54 195 0 31 78 41 66 66 24 82 56 64 54 28 1 8 113 78 21 133 6 35 0 61 30 66 117 69 9 75 61 17 62 0 38 90 64 60 32 9 104 32 118 32 16 109 72 1 54 0 114 75 1 78 27 5 12 64 71 117 69 81 156 0 24 97 18 129 118 129 27 72 8 
96 30 115 74 50 13 42 82 72 144 172 116 236 42 66 46 61 117 96 68 205 65 93 138 151 21 36 27 81 0 21 152 114 77 18 145 52 106 117 54 87 214 28 100 90 90 85 87 22 175 9 142 12 87 149 63 98 124 5 38 5 0 25 182 77 7 41 135 84 51 41 46 36 66 101 18 0 84 31 38 0 82 135 72 15 13 48 6 93 35 153 44 27 119 37 93 58 149 48 14 182 129 48 148 89 150 48 49 24 0 21 76 54 121 75 48 100 59 141 3 7 209 50 177 84 54 92 124 42 20 81 48 57 33 149 50 24 57 140 48 175 184 188 32 60 143 49 78 16 83 39 30 24 30 140 93 51 60 105 162 137 95 49 56 67 172 125 39 64 87 0 125 92 115 90 27 18 12 60 28 29 63 102 6 122 44 36 110 130 74 50 112 200 117 55 114 57 3 68 31 16 36 113 42 0 54 32 52 151 24 0 49 0 87 69 84 51 35 6 65 19 72 31 27 0 12 176 35 88 104 39 36 83 70 76 17 73 21 45 156 218 66 36 146 78 119 0 42 85 98 30 42 55 56 108 69 
60 0 244 34 0 12 21 72 62 129 72 105 27 3 0 71 36 49 106 88 140 63 60 83 61 0 8 0 183 63 72 76 112 0 111 76 89 5 6 15 14 126 38 36 18 64 8 38 0 96 0 174 43 44 2 57 179 98 34 81 112 56 56 136 106 36 54 49 127 72 32 48 24 91 9 9 25 16 72 8 0 37 19 32 48 32 88 48 20 41 70 27 45 18 58 23 27 21 79 177 80 24 93 28 72 72 105 0 8 24 0 0 30 21 22 138 64 43 2 18 7 148 47 99 0 50 56 185 40 6 42 132 71 75 130 40 96 93 27 28 204 120 10 100 108 24 0 16 39 60 0 6 126 3 45 0 3 0 43 0 8 216 32 121 0 209 39 33 28 0 87 74 0 108 48 0 50 24 30 8 73 98 175 9 122 18 0 1 119 52 66 51 162 138 27 109 24 34 74 32 57 28 81 54 0 12 66 80 81 49 0 6 0 117 24 93 59 0 1 58 0 0 8 46 106 54 6 46 14 72 28 36 144 60 0 64 79 44 36 93 47 8 106 157 42 87 0 31 12 53 150 43 36 53 51 90 
121 40 28 40 101 84 113 75 16 68 165 5 45 56 49 56 12 34 168 12 2 21 36 12 31 6 48 186 28 130 75 48 0 12 71 37 0 16 0 12 0 52 84 64 63 62 22 15 0 107 31 49 49 63 71 24 0 112 89 63 40 56 21 23 89 35 68 24 60 0 57 0 18 78 32 35 0 76 0 140 80 5 49 85 27 56 23 45 145 12 56 57 0 64 144 4 49 0 33 21 47 47 56 127 24 39 60 0 28 93 30 84 64 69 66 90 150 0 7 18 23 78 49 77 64 20 0 55 112 51 45 72 30 112 14 96 4 5 0 170 0 43 90 28 49 0 0 9 0 6 67 52 2 35 62 0 0 109 0 39 14 9 71 100 96 0 128 24 7 16 73 35 40 31 0 48 88 0 0 56 20 56 14 8 35 87 153 12 90 104 91 131 70 64 42 92 68 54 116 108 0 88 0 68 0 14 42 77 56 96 0 0 0 63 78 88 18 12 0 173 5 0 69 77 64 35 0 56 0 0 79 43 30 0 56 45 75 16 21 53 77 81 113 88 0 64 72 102 0 45 38 73 0 87 49 133 
84 101 24 97 63 0 139 16 67 72 24 128 193 123 80 81 64 10 68 34 109 128 26 24 93 36 32 0 66 24 52 52 12 84 94 42 0 39 97 8 50 78 63 189 32 0 0 40 24 105 24 148 40 0 96 35 139 56 60 88 215 80 78 16 102 20 100 52 47 95 0 171 52 44 18 104 172 69 44 28 16 100 97 98 80 37 21 93 187 46 53 90 9 42 82 14 63 44 18 8 6 68 65 34 30 73 52 96 44 78 18 75 0 36 146 37 70 63 42 48 6 202 38 24 24 75 36 12 46 68 83 40 12 99 52 8 52 61 120 62 20 80 97 0 39 0 104 6 0 91 96 51 30 14 38 120 0 0 72 0 53 76 63 131 46 40 157 34 24 50 106 0 21 20 12 184 28 26 56 102 96 25 42 137 52 96 36 108 61 96 97 58 92 87 0 179 84 21 149 0 0 112 27 44 12 80 22 6 129 108 75 88 0 66 163 90 72 47 0 115 40 27 14 93 0 0 95 55 119 58 58 16 8 77 16 115 40 95 0 104 70 20 40 143 40 62 0 62 44 34 44 12 228 99 84 109 
90 53 150 100 106 60 74 64 0 88 94 60 5 100 60 18 46 25 74 44 134 39 50 5 124 43 0 93 1 50 46 78 54 27 115 31 36 85 70 93 96 0 9 56 84 32 0 15 129 129 9 8 72 48 1 121 57 59 142 57 16 160 112 55 27 35 0 45 14 78 129 64 43 21 20 3 33 84 3 90 154 39 15 138 146 81 40 63 4 31 49 75 71 55 49 105 40 69 24 111 10 10 35 46 84 85 0 107 147 52 19 4 113 105 2 25 64 54 106 104 15 27 61 61 25 42 96 0 69 78 45 84 63 5 93 31 54 32 21 81 78 91 130 86 160 54 16 72 34 46 0 19 30 55 0 21 50 0 101 112 108 3 34 96 64 87 50 95 49 72 97 61 45 34 19 52 0 9 0 24 38 66 15 30 126 43 44 69 9 35 77 71 43 135 81 142 72 118 8 139 23 30 81 66 26 93 15 19 54 169 25 75 148 119 28 116 6 102 50 68 30 101 0 14 56 34 47 112 137 55 0 33 76 87 84 7 62 0 69 16 12 51 88 39 15 158 51 49 24 119 0 89 144 92 6 2 
22 111 40 16 17 55 0 27 25 55 96 58 93 18 27 36 14 0 48 68 50 52 26 0 15 17 39 32 84 0 0 58 154 0 38 45 9 0 28 8 52 15 44 139 102 54 87 46 36 18 28 81 0 0 1 12 0 40 47 16 26 30 0 17 5 49 0 32 7 17 15 4 42 64 21 14 19 42 149 0 44 125 63 9 0 46 8 33 99 79 65 107 8 45 8 30 7 10 44 15 3 5 19 21 0 71 22 56 51 27 0 32 52 50 0 101 12 0 28 0 58 36 6 132 20 0 44 28 15 6 24 16 72 21 3 98 4 78 75 12 0 64 37 72 7 4 12 1 20 34 67 0 123 25 6 16 20 48 88 1 38 93 50 75 36 24 8 39 12 82 24 48 79 100 36 0 0 122 54 48 14 16 54 6 14 0 30 0 104 24 21 44 38 38 6 138 46 49 95 9 42 26 4 70 24 24 108 72 14 7 49 111 10 77 132 10 40 104 4 22 40 0 17 118 0 26 22 24 8 83 0 5 56 6 17 56 75 43 33 35 82 42 0 59 75 97 0 0 5 3 78 37 0 0 20 62 
0 100 86 111 71 6 38 69 111 128 135 171 108 121 32 34 57 56 32 6 77 88 78 19 40 64 9 6 47 114 6 79 142 71 191 127 24 57 55 18 73 72 27 26 121 149 93 49 26 55 21 78 50 93 8 27 34 192 18 3 233 105 80 10 83 15 69 63 54 36 82 54 41 123 64 37 53 3 40 35 0 81 66 18 125 116 225 78 63 168 71 135 14 21 110 127 17 0 72 91 12 71 70 93 16 131 23 6 171 10 7 42 27 0 69 66 94 72 55 77 88 77 61 150 51 54 74 105 107 0 0 116 101 0 44 75 25 12 2 86 101 26 93 29 27 311 24 23 27 46 64 91 2 134 127 91 93 33 24 106 50 135 0 48 230 42 6 143 4 30 14 27 54 39 62 10 120 134 12 10 0 144 41 35 23 56 51 62 120 60 12 120 64 100 112 113 90 66 0 0 13 7 50 126 0 48 92 24 38 45 3 67 79 196 112 0 80 44 30 94 7 111 57 40 96 22 54 4 72 48 34 66 50 47 37 95 22 36 30 6 13 0 63 89 48 93 21 35 18 186 63 62 33 60 78 14 
0 101 15 137 93 16 41 162 9 72 56 46 93 64 156 0 41 0 12 0 2 89 64 5 96 52 0 34 71 43 4 45 13 96 64 138 24 50 19 24 93 84 4 74 16 73 92 16 24 42 32 134 41 78 24 27 48 24 78 24 88 5 24 41 21 43 76 0 5 36 66 123 111 32 66 0 128 9 74 36 0 1 64 48 66 102 0 32 97 28 8 96 61 24 83 144 4 0 0 38 0 28 31 94 82 0 84 26 83 39 18 45 8 0 73 17 83 0 82 42 27 5 0 88 48 7 147 116 54 54 8 7 48 0 0 89 0 49 0 45 0 56 0 104 64 116 28 5 36 3 70 14 12 52 177 82 0 24 31 130 0 95 83 70 93 5 35 24 2 5 12 64 40 28 35 40 0 0 45 48 52 114 7 48 42 2 0 38 45 82 37 56 32 60 20 73 6 46 12 56 58 60 0 3 62 40 16 0 101 36 35 42 0 69 66 8 40 33 61 157 8 158 86 56 3 21 16 19 31 25 8 86 0 43 47 72 41 39 30 28 147 15 28 42 81 105 35 21 10 61 0 6 32 6 54 2 
158 87 121 101 42 87 24 107 81 48 32 52 0 56 59 91 24 130 121 0 83 24 62 121 126 162 38 56 120 59 53 141 69 49 135 0 0 162 0 0 32 93 32 271 0 39 44 36 35 30 0 32 0 97 0 12 148 0 177 96 30 75 6 64 108 25 38 0 8 114 45 53 0 6 66 90 99 22 82 27 52 31 189 64 31 124 0 104 147 81 120 24 81 124 34 68 72 70 10 29 64 4 138 54 157 117 89 42 96 180 5 76 44 42 38 0 22 72 49 1 29 101 0 153 73 54 32 71 75 168 24 82 0 18 134 6 54 0 91 0 81 108 65 93 54 15 12 33 93 248 45 25 24 20 27 99 80 0 2 0 8 87 4 0 0 85 77 162 30 70 66 46 0 45 82 72 78 0 3 21 19 54 106 84 105 109 0 72 73 88 0 2 190 111 0 117 44 0 42 114 63 56 72 35 65 54 82 86 100 150 76 119 0 12 54 185 49 82 25 97 106 105 8 0 55 53 75 46 56 79 0 48 72 36 113 18 66 97 32 7 155 22 72 173 56 90 49 0 0 10 63 86 129 108 40 46 
8 90 62 89 32 0 12 98 29 76 0 0 5 50 40 36 110 132 32 64 8 0 64 0 12 46 0 0 111 18 0 35 40 6 24 18 59 20 118 0 132 138 60 64 10 72 1 0 76 112 14 21 0 64 24 64 28 41 2 72 8 32 151 0 20 51 116 0 82 103 12 0 147 21 22 0 37 124 18 49 0 40 43 135 56 24 0 36 45 4 18 72 0 51 36 0 0 78 27 137 75 0 12 63 0 0 60 71 18 35 64 108 35 43 56 9 104 81 0 0 0 16 26 63 134 3 90 0 34 36 55 28 49 48 0 86 57 146 32 66 9 77 44 176 0 0 36 42 9 32 51 0 33 78 88 2 72 102 14 72 92 118 24 52 24 7 46 0 65 0 0 177 53 28 28 68 33 139 99 57 0 0 0 7 16 9 7 63 0 21 50 16 30 42 18 20 72 0 5 8 0 40 36 8 44 24 0 103 7 71 12 76 0 141 108 18 45 10 10 8 48 36 71 7 42 95 22 45 27 80 66 35 108 155 64 68 74 24 48 24 38 64 18 24 36 83 42 90 58 45 56 58 95 78 0 78 
12 203 173 67 131 89 141 95 0 94 155 0 97 53 130 40 63 99 95 12 72 201 18 30 128 12 117 80 24 104 30 103 12 49 236 226 31 49 141 55 81 89 0 99 54 113 153 158 36 148 28 52 32 47 79 66 18 94 128 14 167 60 0 0 43 62 67 90 88 48 105 72 18 80 148 44 47 125 123 20 81 90 94 78 64 153 36 16 219 57 81 134 39 88 147 156 36 0 100 0 99 99 100 40 28 132 48 9 135 121 0 209 25 178 167 48 47 42 25 111 30 112 9 91 158 141 171 142 136 131 54 105 58 41 125 72 59 115 202 102 34 46 68 81 111 190 42 105 4 154 0 144 6 9 182 49 99 63 133 83 126 79 28 133 144 24 113 29 51 96 81 115 27 8 2 87 84 63 2 91 0 90 20 83 109 30 178 9 63 183 42 110 82 160 25 24 95 0 117 116 0 37 91 66 94 66 114 52 28 197 50 0 0 116 18 32 27 16 45 147 33 120 56 49 12 48 59 29 65 105 15 9 0 55 39 20 41 0 0 42 207 17 0 28 52 18 14 15 25 32 5 57 101 0 45 0 
84 94 127 77 103 119 30 67 22 93 51 60 42 69 68 78 65 57 149 30 139 20 127 57 71 15 30 193 88 0 22 72 143 99 114 109 42 183 0 24 40 51 120 54 0 18 92 66 93 64 39 30 132 35 56 41 0 188 72 85 12 0 0 44 36 30 56 9 80 78 85 101 24 83 43 56 32 20 6 63 151 125 71 94 24 60 0 122 166 142 72 115 105 22 50 71 18 118 87 102 22 72 43 76 9 129 0 167 87 41 18 82 194 7 75 16 63 98 0 0 6 78 73 23 58 32 69 69 0 136 54 119 63 61 102 0 14 30 150 39 69 86 52 66 45 45 64 16 25 11 87 0 4 39 74 24 41 155 101 38 1 9 35 32 55 149 161 151 52 147 131 61 0 132 82 72 134 52 60 85 44 72 35 34 196 50 104 64 101 64 144 110 108 0 1 28 73 63 46 34 48 104 85 52 82 42 10 93 40 71 9 118 148 73 0 50 112 68 68 155 63 0 9 82 76 63 20 108 31 42 127 2 36 63 224 28 84 62 103 22 11 40 57 144 87 95 12 42 116 47 135 107 42 128 56 148 
107 88 61 90 53 57 65 101 69 39 98 66 97 59 8 4 51 2 0 15 63 4 50 24 6 0 51 91 70 32 58 44 20 0 132 28 59 78 39 30 79 55 0 4 0 71 24 0 41 42 0 34 42 0 12 4 48 93 8 96 12 9 18 44 9 87 30 15 68 47 20 18 0 76 96 75 0 39 70 0 31 20 4 9 8 23 27 73 27 54 0 0 5 8 18 2 3 9 22 71 26 24 43 0 36 21 72 81 0 31 0 121 9 6 85 42 71 39 78 0 9 62 28 59 107 41 12 45 38 40 41 85 66 24 0 28 2 73 18 47 23 26 18 85 91 3 0 3 43 4 0 38 47 0 87 36 0 8 0 8 12 31 34 79 94 56 45 28 0 5 24 38 42 86 45 2 98 57 23 12 0 0 35 0 0 10 41 78 18 103 5 14 8 89 12 15 53 88 14 3 24 26 130 20 24 0 75 20 42 118 27 23 132 83 7 48 54 36 81 69 11 49 66 20 107 6 7 49 95 128 30 114 28 41 0 33 20 4 4 32 28 54 17 79 24 75 6 27 68 18 18 76 42 32 0 6 
254 69 58 140 103 42 17 227 37 66 116 18 14 84 84 0 18 0 0 71 64 39 0 5 89 0 19 20 60 28 12 0 34 41 69 16 16 90 40 6 40 132 0 106 12 51 106 81 18 53 0 75 0 144 0 0 96 21 0 3 90 9 1 73 44 25 3 64 37 45 12 40 8 34 80 88 82 64 63 28 32 130 92 13 36 90 65 63 56 63 58 36 36 20 64 87 63 8 32 0 8 63 51 56 0 12 33 41 76 135 18 20 9 0 35 41 121 54 83 152 11 97 0 95 9 0 34 49 21 56 10 60 12 0 22 2 16 45 24 30 3 34 0 0 48 89 21 88 49 171 20 96 87 109 78 101 15 21 15 91 40 63 44 0 119 37 49 15 85 30 100 36 0 22 90 72 6 0 0 0 0 87 63 128 0 44 21 75 38 53 47 89 36 45 32 101 56 70 201 0 50 36 72 21 72 109 67 14 93 166 106 6 0 24 98 72 51 55 34 116 37 69 0 0 88 0 70 40 53 32 6 108 0 47 46 81 1 21 5 82 67 85 45 75 25 57 39 15 12 69 0 120 196 62 32 21 
64 35 102 66 121 156 171 23 28 81 98 0 0 0 49 0 98 84 152 5 92 110 104 5 53 83 23 12 8 47 45 69 61 24 81 76 100 0 9 79 57 0 108 85 6 75 96 79 40 206 76 15 66 42 73 191 76 118 65 47 74 146 0 105 30 34 163 306 100 68 71 0 62 126 2 8 133 20 29 86 8 10 17 54 70 97 51 140 49 74 27 69 88 8 54 109 184 0 60 93 0 133 20 24 73 85 28 118 75 69 45 121 128 18 89 39 152 0 48 78 130 0 0 142 38 84 77 58 45 0 10 0 0 69 83 83 112 16 85 67 32 42 147 32 68 196 15 44 30 66 105 0 6 27 101 16 93 64 42 24 93 3 133 50 193 62 85 24 19 72 82 73 111 80 111 39 76 117 18 71 7 54 86 5 105 81 191 109 36 64 62 36 57 28 72 204 10 26 87 45 103 11 74 45 24 45 127 33 73 69 119 26 15 42 145 0 2 24 106 63 96 72 41 54 100 27 133 15 61 65 88 82 132 113 60 116 99 61 15 44 9 79 158 11 94 46 14 17 92 38 140 12 2 0 60 40 
96 150 159 23 119 78 36 114 42 159 64 42 70 75 161 219 10 55 87 27 40 137 9 19 97 133 95 202 24 62 44 180 84 22 94 5 108 82 203 48 33 24 17 0 62 152 56 214 46 145 0 49 70 66 21 272 49 16 1 99 136 0 85 101 0 90 28 82 54 15 83 40 11 121 137 15 15 35 98 0 30 133 48 164 71 134 0 4 131 127 84 81 10 71 48 25 10 134 114 24 73 174 100 61 60 115 45 69 202 72 0 18 20 102 71 20 52 25 83 105 35 117 42 74 87 14 75 114 75 89 32 52 111 39 23 21 52 81 131 18 66 56 35 103 12 72 10 109 38 100 85 56 7 8 132 123 94 70 106 90 111 150 39 45 18 110 96 189 92 174 36 65 16 100 6 64 84 83 30 38 9 30 63 0 54 66 60 119 55 128 157 109 161 182 170 71 103 156 153 50 27 12 112 0 83 88 53 21 54 85 75 108 0 40 62 134 88 57 63 216 88 30 10 102 45 64 204 93 40 43 42 0 28 71 48 33 68 0 9 45 141 55 20 33 85 80 31 72 103 8 147 78 0 52 49 69 
30 20 155 87 36 87 41 59 0 58 74 0 25 72 135 64 28 65 130 35 122 64 26 24 36 88 8 74 60 34 15 72 24 26 56 45 8 56 35 3 0 20 45 14 80 85 4 74 161 0 14 12 52 92 8 67 100 30 34 146 49 87 54 8 24 63 66 2 55 27 20 40 45 9 54 47 65 50 48 42 30 8 0 56 6 6 48 0 83 94 0 100 40 54 28 0 80 40 57 26 0 126 27 40 60 135 30 73 26 54 2 44 65 0 25 0 29 73 30 56 3 49 14 149 102 0 25 48 133 89 0 45 107 45 40 30 49 36 4 10 17 0 0 115 165 0 8 0 0 68 0 0 0 30 8 56 96 63 55 8 79 4 14 4 0 128 36 94 38 14 72 53 18 48 42 0 56 60 0 86 12 60 49 59 109 52 72 73 47 6 40 0 152 133 48 120 40 2 18 7 16 16 110 41 49 0 69 69 42 4 7 20 48 54 8 62 0 80 12 118 8 5 26 24 2 0 70 88 12 78 62 53 48 157 59 28 36 0 60 0 21 6 25 8 30 26 22 12 4 65 0 0 24 16 0 38 
55 152 91 153 14 106 196 124 83 111 66 132 58 0 108 18 105 48 127 145 10 0 147 76 91 5 8 50 44 59 64 153 75 8 37 0 63 104 59 155 183 130 207 112 48 69 70 63 211 97 55 37 21 258 40 21 126 164 112 35 93 82 0 48 112 39 69 54 0 61 60 24 89 76 90 33 68 79 110 54 141 34 42 58 50 93 50 191 121 62 161 42 71 99 12 76 115 162 40 135 62 55 105 138 18 67 81 36 152 80 75 144 28 68 89 90 224 89 14 30 198 89 40 113 115 153 184 89 14 42 81 126 98 32 160 147 16 67 49 158 61 83 82 108 106 75 45 91 42 66 53 69 63 0 127 28 39 105 118 367 29 31 129 64 141 82 110 69 81 140 28 114 238 40 72 149 66 135 39 67 42 18 66 0 143 16 166 0 228 42 174 49 32 86 153 212 124 18 42 10 7 128 81 108 42 34 71 68 159 20 122 111 79 97 78 182 60 116 191 95 110 14 53 124 64 32 109 173 172 118 60 10 179 204 162 125 16 46 214 135 28 91 16 102 142 99 70 33 82 0 27 220 58 84 40 48 
4 24 57 89 45 133 30 15 111 104 39 68 81 2 60 32 72 0 0 93 18 78 26 64 15 80 0 32 42 11 108 37 100 42 58 64 0 93 35 72 34 72 96 142 123 1 0 0 65 30 0 25 48 27 5 39 33 45 12 84 0 36 96 84 196 38 121 7 167 64 57 72 0 48 18 25 82 30 127 66 84 125 72 138 96 56 40 93 45 134 9 30 11 4 24 32 35 56 61 22 19 29 0 28 96 84 139 56 76 40 12 72 0 5 21 4 48 17 65 21 5 10 83 16 65 80 42 166 78 76 0 63 36 2 24 76 0 8 0 13 75 0 66 4 105 18 4 116 4 7 125 67 0 34 131 10 0 96 16 116 18 0 59 15 21 28 27 45 0 6 58 66 3 5 24 21 87 96 37 93 0 39 40 12 93 99 24 27 0 0 85 27 302 18 102 127 88 4 72 48 1 60 50 56 0 87 17 4 44 65 48 35 49 89 71 67 13 18 8 38 22 114 89 2 11 48 80 13 32 47 14 37 94 10 0 0 0 109 0 70 74 21 64 0 82 4 24 0 0 42 42 45 114 103 24 72 
27 61 15 148 0 0 33 12 31 83 159 87 102 47 47 8 32 97 6 68 55 92 0 57 135 27 0 45 24 19 95 121 52 10 0 64 36 16 24 50 9 44 129 5 134 11 23 24 65 81 58 21 37 0 0 74 14 69 32 9 70 111 90 85 24 93 0 24 36 109 93 20 69 82 37 0 47 88 0 0 0 113 93 70 0 6 16 56 32 0 0 108 59 138 60 24 1 91 36 28 32 30 77 68 134 45 18 28 0 21 51 84 24 0 86 10 18 3 77 54 44 18 7 32 63 3 71 50 20 94 69 20 73 27 32 0 81 39 27 73 84 24 59 95 0 16 18 70 10 36 34 24 62 0 28 0 40 24 101 6 22 0 9 73 77 18 0 24 79 55 54 35 12 159 8 0 61 77 63 36 15 30 129 0 85 36 0 0 143 41 27 0 21 68 93 90 54 79 83 50 108 0 42 101 15 57 62 40 117 35 57 53 49 70 48 185 73 126 20 217 23 0 27 0 4 0 55 45 51 32 8 39 20 12 0 145 41 14 14 84 29 55 72 73 18 38 0 155 94 175 6 71 30 56 0 45 
54 103 45 101 133 56 30 28 16 79 90 80 114 71 108 55 63 0 68 8 12 24 79 24 57 20 45 16 98 0 40 78 85 17 54 0 9 102 60 12 55 48 81 84 90 0 14 26 89 34 10 27 27 82 24 6 8 47 72 192 22 62 133 35 11 0 18 12 7 47 171 37 24 64 105 135 69 99 38 80 53 40 146 75 90 28 12 24 80 50 120 77 89 130 14 13 0 14 22 80 3 104 92 78 8 111 112 4 172 58 0 118 56 12 78 32 131 75 101 55 41 18 63 48 152 115 6 86 58 116 2 122 0 68 8 32 7 38 40 0 4 40 116 101 25 65 24 50 89 173 20 87 0 56 84 5 30 27 77 176 24 101 0 76 90 32 106 153 63 70 56 60 84 76 102 24 56 26 0 46 49 15 89 30 77 106 82 48 42 0 14 7 3 85 7 68 90 0 28 63 63 5 19 69 0 0 37 36 158 149 2 55 72 47 73 130 29 106 130 0 36 92 5 38 51 7 52 45 75 69 18 44 65 7 101 151 45 96 54 59 78 7 40 81 104 37 0 44 62 51 157 142 4 52 54 0 
10 4 45 117 91 80 18 121 21 0 45 0 0 81 167 35 151 61 43 0 104 0 74 6 33 56 27 28 0 15 0 16 77 10 99 0 0 24 96 0 87 0 78 0 18 16 20 63 43 54 48 56 12 26 0 27 60 72 80 20 49 81 0 63 0 21 0 64 43 30 72 0 54 137 32 6 54 18 43 141 0 2 0 45 45 9 65 0 57 55 42 174 0 72 54 0 24 18 0 0 0 6 40 81 0 39 14 47 0 0 0 0 72 0 38 12 148 0 108 23 48 0 0 94 22 0 16 102 54 44 7 42 0 10 0 0 0 0 49 0 0 44 0 27 0 8 0 52 18 16 36 42 0 20 99 77 86 63 55 42 18 0 142 99 24 28 27 36 126 58 102 4 147 0 54 49 40 44 0 120 0 21 63 12 173 56 36 0 18 45 64 36 40 88 3 48 56 0 0 81 30 0 51 45 51 0 6 4 8 36 13 45 0 0 81 34 0 61 20 20 18 24 0 63 0 27 104 93 0 117 24 36 0 72 0 153 8 49 63 9 54 0 0 4 0 4 0 144 0 85 72 41 0 42 12 0 
45 67 42 117 58 208 73 85 8 83 96 86 54 67 83 36 60 63 49 0 67 41 48 79 29 31 108 122 38 93 115 86 78 0 97 74 0 89 80 0 15 99 0 52 28 84 6 14 44 106 15 28 0 42 176 126 28 80 112 122 10 21 32 77 0 0 32 30 51 12 48 20 38 44 40 76 99 116 13 122 146 81 0 110 39 78 6 86 45 30 35 115 47 27 37 48 0 0 0 36 0 36 41 26 0 51 87 113 63 55 18 25 144 25 156 50 172 12 102 98 21 15 83 54 148 49 62 52 26 157 18 195 34 40 42 81 0 8 45 0 64 66 0 72 45 0 38 12 28 32 32 70 53 49 56 70 24 48 95 146 9 107 30 161 36 7 38 49 0 97 24 64 107 93 126 67 2 99 34 18 81 142 0 8 56 66 20 70 57 61 54 95 49 0 0 67 38 24 168 0 0 16 21 149 77 18 49 24 70 90 39 55 81 55 110 53 8 81 48 47 51 41 0 53 221 6 86 32 54 65 24 48 50 15 39 115 17 35 120 20 36 51 0 27 18 81 21 75 21 95 0 166 91 42 5 171 
119 86 124 103 42 9 36 61 37 75 99 162 11 96 91 119 51 36 59 68 72 54 84 28 11 4 158 130 188 87 20 124 169 92 60 84 150 152 0 54 112 40 31 171 144 27 57 0 27 96 37 170 45 27 58 129 9 42 95 101 103 127 79 64 69 78 99 0 42 1 122 40 143 26 130 28 20 0 60 4 101 0 0 49 53 104 64 88 145 92 139 101 83 156 64 45 5 16 50 32 24 28 66 114 101 36 48 23 143 76 0 66 16 78 110 2 100 6 76 83 6 64 83 76 54 41 181 48 85 44 42 0 171 0 186 87 0 72 97 81 96 166 28 157 93 100 26 107 49 24 108 69 25 142 41 72 102 76 86 70 113 62 46 0 165 32 30 88 51 2 64 83 74 173 33 105 66 157 170 42 6 72 0 32 102 0 60 178 84 9 63 42 27 0 76 95 76 130 145 70 26 153 37 38 54 30 26 28 59 72 158 140 96 172 158 63 32 31 35 93 49 4 41 69 84 77 21 138 145 65 55 69 116 36 86 102 16 0 40 81 68 180 55 58 59 149 76 35 62 136 86 165 18 30 26 84 
18 17 97 12 12 135 71 39 99 54 36 36 56 27 88 69 0 3 21 65 40 189 127 18 36 0 109 3 10 69 0 37 6 63 39 0 0 0 48 69 0 6 0 60 0 84 25 27 86 72 29 176 18 33 0 0 6 57 17 10 63 73 11 0 0 21 0 27 24 93 0 36 0 0 43 0 84 81 66 0 16 118 132 28 81 24 3 0 30 80 4 105 43 69 0 48 29 36 33 0 88 33 60 43 40 20 21 0 142 111 0 6 0 0 14 36 42 10 0 68 42 51 6 54 0 0 49 0 0 52 90 42 57 0 65 93 36 67 6 0 132 36 36 52 0 88 36 51 8 24 51 21 32 6 0 27 57 0 63 36 18 0 0 45 46 15 4 81 14 88 8 12 0 12 45 0 0 30 0 0 3 81 69 18 10 6 0 8 81 57 49 112 45 69 29 162 52 12 150 0 0 0 38 12 36 66 36 0 18 52 51 48 51 0 96 0 8 6 23 81 24 6 60 81 12 15 42 18 75 0 5 18 16 6 0 42 20 0 25 78 98 15 0 48 51 14 6 29 9 14 30 38 0 22 100 32 
140 84 32 158 52 55 132 58 21 36 3 129 14 129 87 52 72 104 0 51 50 153 18 16 191 24 78 209 15 55 56 43 17 54 145 32 136 267 68 48 221 90 59 46 27 22 88 52 39 72 14 103 26 45 9 62 3 40 124 124 8 98 12 54 0 129 72 48 3 8 56 120 6 45 131 76 29 114 159 43 51 63 65 99 89 62 4 42 61 111 29 56 4 46 79 12 0 26 28 52 42 91 96 6 112 120 45 12 65 26 54 43 0 106 53 50 90 18 37 93 18 147 69 78 133 64 73 42 100 35 0 160 97 0 118 54 54 0 122 4 25 173 224 110 57 109 0 80 51 28 16 118 5 111 76 92 12 58 23 0 27 117 2 144 85 3 93 19 54 110 80 117 87 63 63 60 96 62 15 134 46 16 7 94 191 130 75 80 46 59 138 52 0 5 58 42 44 120 104 136 21 55 189 12 39 93 57 48 7 146 6 41 50 26 0 194 0 48 54 169 40 4 8 171 146 27 4 123 90 53 103 26 99 48 104 74 0 7 134 35 0 51 44 73 12 106 7 29 35 55 66 164 38 60 59 5 
82 173 1 95 70 111 8 46 77 149 92 138 48 35 81 99 81 54 115 79 51 191 113 36 82 87 88 96 45 2 15 25 93 67 59 95 36 137 5 17 65 4 108 138 196 48 126 54 39 48 179 70 0 170 94 66 31 76 111 125 51 116 45 101 22 36 131 68 84 69 108 103 20 52 33 0 28 52 59 46 42 20 183 62 85 91 14 24 108 84 94 97 39 47 114 105 22 129 90 8 0 105 116 259 96 68 7 0 94 93 5 52 24 102 12 0 139 44 35 25 17 11 35 42 22 72 149 49 172 76 81 54 60 27 111 154 64 46 79 117 148 17 45 61 61 126 92 0 13 24 18 71 0 56 196 35 1 28 164 63 56 72 112 60 45 25 109 109 0 32 132 2 97 108 65 42 37 0 25 94 42 137 97 2 110 0 75 3 111 8 162 112 24 19 134 38 62 47 146 25 77 45 49 60 40 76 92 81 54 91 0 91 101 155 91 20 40 142 18 204 11 76 0 98 54 13 97 98 40 7 108 0 89 54 142 81 31 14 81 20 40 92 61 68 88 70 63 12 3 123 0 36 34 40 78 57 
0 161 138 146 94 72 52 0 96 54 30 55 106 15 101 118 0 80 7 24 121 0 25 11 209 25 50 141 170 37 16 73 194 21 91 12 63 60 130 7 62 84 152 50 86 157 62 55 67 106 39 141 32 48 22 87 0 149 87 59 141 97 93 132 176 56 131 18 79 64 20 0 53 94 76 165 143 28 50 80 132 108 32 134 15 144 128 191 184 38 151 21 20 163 119 25 120 82 13 61 81 86 80 0 56 138 86 93 133 0 53 89 60 1 153 196 83 15 60 43 63 123 63 34 246 187 100 58 50 65 54 114 45 40 64 42 16 105 81 89 48 48 68 35 161 25 115 48 20 114 20 104 32 35 0 0 76 6 61 123 79 85 27 57 80 158 63 0 67 141 47 64 0 64 103 0 61 143 10 109 10 81 108 30 21 71 0 54 219 72 99 26 52 37 118 165 43 60 201 32 80 82 29 87 0 98 184 61 65 97 113 84 30 4 95 99 83 39 185 115 144 115 10 14 143 129 202 182 91 166 59 99 20 24 112 76 25 54 17 147 209 18 0 78 172 65 0 84 92 135 108 58 102 81 62 232 
122 148 98 61 142 24 172 177 0 87 67 36 81 0 68 20 32 146 103 76 123 72 85 84 23 45 66 63 130 68 40 20 0 30 58 24 74 0 45 0 16 56 58 84 42 81 31 39 36 166 0 28 94 18 0 66 32 112 19 4 90 18 40 26 49 74 62 100 80 114 25 68 81 119 9 26 51 41 8 34 33 24 104 72 39 88 129 145 32 4 164 188 129 27 75 56 53 0 128 91 50 127 149 82 40 39 0 75 132 27 13 40 46 72 137 45 50 82 50 57 68 159 27 111 36 77 70 136 146 65 37 62 6 87 35 70 24 0 60 116 47 35 71 24 40 104 50 40 16 85 77 0 31 100 80 4 79 36 3 64 44 88 36 66 132 47 77 92 102 9 35 141 121 82 85 111 83 47 28 24 12 36 132 42 0 84 147 36 62 154 100 24 38 72 6 26 99 48 48 94 71 10 64 24 0 14 56 0 193 89 32 19 60 34 108 131 85 84 31 20 12 91 83 42 28 0 59 40 38 15 46 134 76 108 60 57 12 0 40 73 12 42 68 0 104 69 0 10 10 2 57 42 36 0 34 90 
0 14 38 60 109 16 69 117 46 116 91 35 102 88 6 2 135 20 54 45 81 41 33 3 189 20 11 60 203 68 40 142 38 5 189 32 0 38 84 45 71 133 62 28 45 65 41 14 124 87 35 48 71 43 82 65 90 109 78 36 50 110 94 18 107 24 5 48 101 25 49 50 123 68 46 50 58 80 63 35 32 1 82 140 44 36 33 87 15 20 153 93 36 116 66 27 63 88 124 12 49 61 10 40 0 69 129 38 50 120 2 0 71 8 100 54 68 53 5 61 4 36 22 120 120 123 49 37 58 46 18 35 12 36 24 106 16 56 7 45 57 59 66 56 18 97 36 58 18 36 4 0 38 40 86 89 16 75 71 34 4 27 47 50 115 23 54 34 32 5 54 73 70 120 18 34 78 15 77 32 15 96 57 38 148 0 33 70 144 142 15 7 143 30 57 43 20 16 63 0 139 73 14 69 44 46 23 98 30 39 12 14 8 70 9 72 59 54 0 163 13 129 0 0 3 22 146 62 71 63 31 81 72 76 44 51 64 81 26 62 164 78 72 36 64 30 14 48 0 66 24 26 4 0 24 60 
127 157 89 57 93 16 68 2 96 55 62 146 102 34 178 36 18 87 87 32 15 68 158 72 25 0 135 136 83 24 103 44 36 60 79 194 80 129 69 140 121 54 36 80 91 71 114 37 2 189 94 183 145 54 120 173 34 71 135 37 197 144 48 163 136 21 8 50 21 93 77 128 93 18 10 0 178 0 60 48 37 113 92 28 81 217 36 17 105 116 25 63 19 230 105 86 0 9 113 130 56 107 85 50 233 68 86 34 77 0 99 158 79 21 59 65 137 142 0 84 15 50 43 0 255 175 134 72 63 68 183 62 110 10 150 63 68 87 5 51 57 149 74 174 58 10 56 16 15 45 45 51 54 42 121 27 101 81 142 87 46 100 27 143 83 99 119 117 175 61 67 138 28 105 147 67 106 36 119 12 36 28 51 85 44 65 86 34 42 96 39 30 18 38 10 85 86 101 195 80 114 100 66 35 92 28 167 5 20 26 64 78 28 69 69 196 8 6 181 216 12 74 40 188 126 30 36 226 176 141 71 36 34 103 140 139 75 154 16 232 138 56 2 89 94 71 9 116 86 108 56 160 18 87 67 69 
66 3 35 107 21 58 3 82 21 74 21 20 27 65 116 79 27 129 28 21 3 100 18 42 48 42 36 56 44 16 23 39 28 24 27 118 40 0 62 120 6 79 8 0 41 0 90 24 20 24 103 20 16 54 58 14 0 37 18 100 169 36 36 0 18 1 89 0 0 24 39 36 27 62 65 36 36 75 43 8 20 124 2 131 27 64 0 56 160 41 0 8 3 43 58 43 21 6 78 25 93 99 44 0 0 84 22 0 33 0 0 68 42 67 8 10 90 4 0 0 38 9 3 193 63 20 0 82 107 31 0 48 68 31 90 45 6 0 84 57 51 6 136 18 15 133 12 105 45 42 53 113 15 30 37 0 0 56 8 15 34 33 3 4 40 10 104 33 4 0 9 0 15 120 0 0 21 45 40 45 35 48 16 36 49 0 78 48 3 73 72 10 66 3 63 121 99 42 43 76 15 20 72 54 12 24 50 117 0 30 0 0 18 63 45 85 90 95 0 65 100 63 78 28 24 0 54 78 70 66 0 27 9 60 79 30 21 27 0 87 35 18 84 114 12 177 0 9 60 3 30 80 9 36 9 4 
111 72 31 15 58 14 0 8 40 209 42 0 0 93 46 51 0 0 18 4 18 82 140 0 43 53 74 12 30 18 75 63 40 10 78 30 105 100 42 45 0 29 30 66 2 24 117 18 0 111 0 0 27 26 25 100 114 118 12 54 96 3 0 99 39 27 78 83 72 78 71 0 0 0 45 62 24 18 98 34 87 18 20 12 56 39 48 0 0 159 0 99 5 30 36 30 42 0 87 13 18 77 42 0 157 12 12 34 8 12 0 53 79 9 9 24 54 54 55 0 18 0 75 32 18 29 66 99 6 63 47 27 74 24 28 0 103 50 81 37 46 48 54 24 20 0 2 0 32 24 12 54 0 0 45 42 18 36 0 13 38 56 0 93 130 32 44 143 0 0 0 60 0 29 15 18 35 27 0 24 0 24 87 0 0 57 78 12 57 30 21 1 160 51 66 142 100 2 66 37 109 56 51 120 12 20 50 18 18 56 15 6 27 58 35 22 0 48 10 43 59 0 111 55 2 0 40 8 12 60 48 10 91 24 6 66 64 12 0 116 25 0 9 114 28 78 14 6 135 9 81 54 79 28 59 58 
84 129 6 135 84 70 18 29 16 46 0 64 41 58 47 27 42 207 56 8 131 68 81 103 23 40 8 131 54 0 29 17 30 52 0 86 69 44 35 7 149 54 86 58 12 1 6 46 48 58 76 30 35 12 114 58 8 40 82 39 0 24 48 5 105 31 20 105 36 81 151 0 65 73 0 0 42 47 34 53 137 21 12 86 18 54 4 202 77 93 91 77 130 8 92 123 14 138 7 80 30 48 4 36 86 16 24 112 84 9 44 90 165 42 27 12 87 63 54 0 0 41 33 71 119 22 71 65 61 98 48 85 56 3 99 43 10 123 113 37 4 30 75 20 45 18 72 105 4 6 144 6 45 9 72 48 15 63 16 27 85 12 107 94 65 54 118 52 46 93 14 57 48 66 138 65 3 9 41 35 77 119 47 54 95 99 99 58 5 52 61 22 187 38 77 58 14 104 14 73 8 86 41 55 60 106 44 43 43 98 10 18 54 77 37 20 45 20 76 133 3 15 18 76 3 0 87 35 94 102 24 84 92 95 31 58 65 47 10 98 14 9 93 0 145 94 0 35 42 48 18 48 54 66 29 138 
13 21 48 44 18 22 61 10 35 64 0 6 28 60 176 48 8 75 49 12 63 31 128 12 101 72 1 59 41 238 30 45 84 66 197 76 5 131 48 24 78 51 89 24 24 63 30 0 26 225 20 44 65 126 80 34 79 134 72 42 3 28 45 68 3 75 72 45 85 104 41 16 21 24 106 58 36 38 176 35 107 35 48 26 60 78 40 162 40 76 32 80 19 94 6 64 63 87 76 40 81 24 6 38 64 18 1 24 6 22 0 66 28 101 4 23 114 9 64 79 46 85 125 98 126 44 8 20 81 0 10 87 12 36 149 0 117 0 112 11 0 132 21 38 115 38 16 0 66 140 82 37 18 135 84 93 22 139 10 120 10 15 119 36 48 58 4 81 129 92 0 42 36 102 6 4 20 83 54 65 1 30 42 0 184 40 132 56 32 36 8 30 54 50 20 77 94 16 56 157 30 10 132 16 36 0 71 2 43 44 37 31 0 64 27 103 20 12 20 160 48 16 45 22 41 119 100 55 17 9 83 74 64 106 0 1 12 12 42 52 60 109 0 36 3 78 60 40 36 15 33 108 54 110 5 10 
99 134 100 119 148 78 16 30 33 0 59 36 66 14 13 81 0 20 5 9 26 6 15 54 10 0 0 27 18 111 46 3 15 27 59 20 0 51 9 67 92 117 31 20 54 0 0 102 66 120 66 139 0 18 58 24 23 72 167 161 18 172 66 94 8 20 199 25 81 15 39 30 109 67 159 105 36 76 116 116 150 54 80 34 18 0 35 9 113 77 46 0 20 185 14 30 25 0 40 50 126 0 18 0 95 78 9 0 27 69 0 184 18 0 11 37 33 33 17 0 4 34 76 48 59 108 76 10 81 41 81 24 81 67 15 96 119 21 102 115 27 10 89 50 137 0 18 51 45 112 0 75 33 85 12 9 38 63 72 0 19 94 35 38 178 130 87 20 81 22 96 90 0 75 54 9 80 107 9 80 0 12 3 0 108 30 37 18 51 86 0 23 0 65 24 20 18 71 78 45 9 14 84 24 24 98 57 54 35 42 64 0 63 17 26 108 0 45 24 54 77 39 9 122 86 129 117 76 45 24 35 18 56 9 126 53 18 41 14 58 96 64 5 78 83 5 20 24 0 42 4 84 56 81 45 72 
10 12 0 6 36 0 10 25 59 39 0 56 48 83 118 18 9 15 5 49 54 11 29 6 56 46 0 24 66 33 0 8 140 73 70 101 0 34 86 37 33 104 18 0 0 41 96 49 9 56 0 76 36 26 76 0 57 72 25 93 115 86 32 49 0 0 2 139 45 0 67 38 34 0 73 23 45 30 35 0 40 81 7 24 84 74 35 18 0 31 30 112 0 0 0 42 0 113 21 0 6 13 21 40 36 18 69 90 79 36 3 51 92 0 44 8 46 40 0 25 45 3 0 45 19 0 112 54 21 35 5 0 99 12 13 17 17 28 8 0 0 0 86 110 54 0 56 15 24 12 15 221 5 42 73 55 3 0 5 26 40 69 15 122 196 0 80 89 15 32 0 63 0 93 0 59 63 12 0 9 0 41 0 32 108 33 0 95 19 67 14 0 98 42 24 77 86 0 56 63 9 23 36 90 22 0 61 116 0 44 23 4 43 15 49 0 9 29 9 143 20 45 75 81 0 0 90 25 5 104 0 29 8 28 50 36 2 18 12 40 81 80 1 1 48 66 2 8 0 92 0 20 0 30 0 64 
77 20 123 108 97 76 22 4 36 89 83 87 107 46 72 116 35 0 0 88 11 30 37 2 40 14 40 0 45 79 0 43 78 24 50 65 64 94 88 24 24 40 85 72 163 52 70 97 0 89 57 8 53 90 19 65 28 47 12 24 13 114 97 89 79 38 178 60 68 56 45 0 55 40 23 0 24 8 81 24 115 124 118 84 102 41 51 0 75 125 0 80 7 60 18 152 21 0 118 14 4 28 81 49 27 74 52 101 54 0 0 114 80 0 136 0 69 120 98 45 30 4 88 8 0 47 64 170 60 86 0 24 84 16 0 66 5 24 6 74 67 47 95 88 36 20 20 72 15 65 18 72 0 21 75 9 48 24 75 52 26 3 74 21 133 62 123 147 26 24 76 10 52 19 0 58 112 103 110 20 4 178 31 45 190 32 33 109 63 0 87 94 36 18 31 120 191 13 56 50 42 96 58 47 0 62 20 27 91 0 32 79 0 78 201 83 0 57 2 143 40 50 68 106 4 16 50 56 0 25 66 24 0 0 93 59 9 87 28 161 0 40 8 124 57 45 0 82 102 97 69 180 24 92 12 107 
26 50 0 157 7 45 8 38 0 78 65 8 5 28 69 25 0 10 7 0 28 95 55 0 27 2 8 58 8 73 28 69 20 35 6 48 0 166 24 0 0 35 50 82 21 45 8 0 4 21 35 167 0 82 0 0 30 30 48 81 28 23 0 0 8 4 24 0 32 21 6 20 21 5 70 20 0 0 40 24 29 54 59 1 29 98 28 68 94 136 70 20 41 78 49 70 4 8 36 9 0 4 15 122 12 60 77 48 37 18 0 65 0 0 0 25 68 6 42 20 5 0 44 97 77 18 65 63 36 23 24 9 12 4 4 86 8 28 38 14 5 35 40 23 26 45 0 7 90 40 0 24 5 55 40 91 0 23 0 57 0 33 42 0 100 16 36 42 0 0 14 3 6 0 36 28 0 15 63 27 0 85 4 50 24 60 90 10 70 0 26 83 62 28 3 42 30 56 51 18 18 26 20 24 83 34 10 0 49 8 107 60 42 96 89 52 66 18 2 36 13 0 8 9 2 0 22 30 12 35 38 12 4 10 9 0 24 59 18 0 45 23 2 27 57 67 63 0 0 30 39 19 72 40 0 68 
68 65 50 75 91 72 47 43 78 120 57 53 0 81 190 117 18 20 4 55 45 54 35 25 166 0 28 72 112 94 56 14 93 73 151 76 18 53 0 48 101 27 7 105 139 103 4 7 20 23 0 36 24 138 63 47 91 138 150 39 72 78 16 122 136 18 96 12 88 65 129 5 0 54 67 75 144 49 24 29 63 20 41 51 72 23 167 42 100 31 36 86 14 132 57 135 155 72 72 73 63 24 9 63 182 123 43 68 97 69 8 10 9 0 113 133 53 48 144 113 10 90 97 42 129 5 53 134 113 0 0 66 40 0 98 4 0 6 45 0 0 238 134 63 27 55 38 31 9 115 37 76 30 81 85 61 27 117 18 187 124 52 13 70 98 16 41 84 0 21 22 62 89 81 39 100 6 191 0 24 0 75 6 74 119 55 16 156 111 51 72 116 5 0 3 149 152 63 58 9 23 20 55 90 0 0 67 6 89 151 81 7 12 17 36 84 37 127 45 32 33 35 84 5 41 66 6 176 35 145 47 40 30 0 94 61 0 0 67 75 50 119 0 0 56 48 0 8 15 42 0 6 74 12 19 120 
125 23 83 84 10 128 77 47 98 44 65 128 92 203 172 39 93 16 82 0 113 74 135 65 55 0 55 76 17 225 32 25 74 40 60 143 48 45 93 55 124 8 23 131 105 58 88 25 56 9 56 163 28 64 80 96 144 121 18 24 90 87 39 10 21 81 58 10 49 27 108 0 125 54 40 16 168 42 96 30 8 72 90 25 12 60 99 82 72 123 67 90 193 94 40 62 22 0 6 32 2 151 80 193 167 0 0 161 115 84 2 98 160 49 0 0 73 99 75 53 71 24 0 71 0 72 49 82 155 100 115 56 151 8 30 17 6 18 44 20 231 15 99 194 78 66 104 21 0 14 39 145 0 103 52 69 0 0 104 64 0 63 69 38 61 8 23 51 115 91 194 92 101 65 166 123 14 48 127 17 5 85 23 102 14 18 164 72 0 113 0 36 73 56 87 136 69 25 56 112 0 73 226 0 43 15 99 8 79 76 14 94 45 131 69 28 5 0 0 123 84 35 110 81 38 35 87 90 49 0 16 56 0 104 179 96 20 179 145 134 108 113 30 137 36 72 55 111 0 116 40 160 12 145 122 0 
81 113 70 109 7 0 50 44 60 122 14 92 16 35 57 6 25 99 45 41 72 4 142 77 65 65 0 104 0 16 57 46 61 55 32 0 0 86 66 9 98 68 56 47 102 7 0 12 95 0 35 8 15 103 38 70 0 104 0 25 77 44 62 180 33 30 60 95 73 142 64 21 81 28 45 43 70 76 18 9 92 69 96 24 73 72 12 134 49 28 80 144 63 29 75 49 0 116 68 0 96 82 37 10 113 18 87 32 79 15 26 27 55 59 30 8 116 31 25 33 4 165 42 155 15 20 6 30 14 27 61 34 93 33 79 20 62 81 61 11 9 16 10 50 32 29 34 11 79 70 34 64 9 8 40 58 12 50 22 82 72 36 38 33 98 44 137 55 83 12 66 111 0 53 142 40 55 48 0 80 54 56 154 8 72 95 78 67 41 0 196 0 64 22 58 37 59 52 56 63 66 102 49 0 17 6 32 44 20 83 84 32 65 35 4 40 140 71 88 120 54 57 74 31 86 19 80 32 20 15 52 70 87 165 31 63 72 0 34 71 123 98 115 203 69 26 129 24 24 88 8 77 20 114 26 86 
75 29 15 175 66 126 65 35 28 27 119 147 44 95 114 93 116 128 70 84 74 94 68 42 35 21 52 89 54 27 9 88 72 59 24 40 48 77 6 33 116 99 55 65 153 6 0 49 0 33 137 104 31 176 90 0 6 42 3 220 27 97 84 89 74 89 164 28 10 6 37 95 84 133 68 39 12 93 63 159 16 121 57 6 48 5 7 81 115 96 53 135 27 59 142 73 1 64 54 70 25 88 33 172 0 129 90 42 153 52 64 157 69 57 109 15 145 87 102 75 48 77 9 52 91 15 0 33 25 37 77 129 107 104 78 64 33 3 130 161 70 38 35 60 4 87 12 95 7 8 27 36 106 130 76 79 77 176 200 69 117 22 95 86 187 7 58 0 134 32 206 89 0 161 36 22 104 58 103 80 65 67 40 72 124 77 94 74 72 44 180 101 16 0 68 144 64 236 70 54 7 36 50 163 24 138 26 75 34 123 0 65 119 111 93 38 100 175 96 113 3 28 32 85 108 4 51 82 139 108 125 48 31 125 153 48 74 53 74 0 18 66 233 49 66 54 61 51 45 63 24 148 205 18 32 141 
73 100 167 161 105 144 119 136 30 64 62 64 166 158 85 128 79 99 108 10 57 0 43 6 131 19 36 0 163 12 65 24 88 25 181 65 29 30 28 42 143 49 72 103 18 48 130 0 81 86 12 42 74 64 67 25 93 58 168 65 61 58 110 18 44 83 48 48 32 106 113 77 14 110 81 100 74 25 73 36 12 102 27 152 47 16 0 87 135 124 48 105 4 45 49 0 56 72 24 157 0 125 34 102 115 215 62 121 94 24 53 44 73 20 214 73 14 98 143 75 92 106 56 121 79 92 76 150 91 59 22 161 15 40 17 0 6 56 33 5 20 43 134 35 85 56 84 2 0 84 59 13 0 174 103 114 64 30 10 35 31 84 67 96 0 120 142 86 171 83 126 73 18 143 71 36 40 98 29 137 26 54 88 8 181 12 53 50 26 93 95 48 163 95 50 122 52 55 56 109 121 113 53 21 63 120 98 8 93 100 46 76 18 61 155 86 43 39 45 79 0 54 8 92 12 6 77 80 56 90 135 146 104 95 124 163 10 46 83 61 79 8 22 99 60 111 0 48 47 57 132 80 82 166 21 113 
164 101 123 57 32 120 35 61 81 214 0 15 56 40 33 222 0 70 61 25 0 50 162 12 96 34 85 8 119 21 86 24 149 49 75 67 81 94 24 88 38 90 68 26 104 0 104 18 194 81 8 75 167 114 117 56 143 89 82 32 195 104 19 77 124 48 96 0 68 42 53 73 15 119 138 108 88 31 36 119 48 100 64 89 19 20 14 63 230 132 18 11 14 99 64 0 12 6 164 84 56 60 25 148 132 150 159 44 142 9 0 4 51 14 9 67 222 98 74 100 53 30 62 7 119 106 0 180 40 56 5 0 50 62 100 20 63 33 56 144 83 80 163 126 27 74 21 96 64 90 36 10 48 118 178 42 18 30 0 111 32 46 148 70 32 86 105 154 40 51 152 27 0 189 116 49 97 153 45 102 24 99 81 83 96 80 101 42 18 140 137 79 115 0 158 205 127 0 106 78 178 24 68 75 56 20 118 0 33 0 60 12 21 198 164 83 28 103 29 150 20 0 0 65 45 15 46 120 80 6 131 0 136 133 89 50 41 18 72 178 60 38 29 164 36 74 18 12 105 29 89 25 8 69 64 179 
104 74 24 166 11 158 39 36 103 90 114 100 56 27 6 9 71 9 119 77 53 30 6 48 128 4 21 166 144 16 129 133 90 15 25 68 0 117 27 101 112 99 102 40 63 95 16 92 129 29 12 117 74 115 12 72 4 121 73 84 36 234 48 0 33 66 16 123 72 172 66 44 107 202 24 96 180 145 26 173 108 162 154 170 15 42 80 85 90 89 0 219 90 137 40 81 123 82 32 84 45 14 42 88 24 96 52 132 195 51 30 130 150 0 110 60 66 62 75 6 46 45 83 71 213 88 100 77 37 36 0 177 8 24 88 120 36 24 28 135 101 70 136 40 68 41 0 18 0 21 89 128 94 148 40 15 36 67 180 27 0 40 29 66 88 4 53 27 104 177 176 45 69 160 169 0 45 100 45 82 9 83 216 56 60 60 0 1 65 24 165 75 14 8 38 207 44 64 124 81 76 18 63 110 44 36 84 0 134 55 93 83 145 0 140 69 15 73 101 174 64 63 18 67 144 3 73 170 21 5 90 72 54 90 162 96 56 68 178 112 0 36 60 111 91 135 14 28 13 74 91 14 30 48 65 118 
57 24 17 14 0 0 15 22 53 32 46 75 80 8 122 33 14 180 78 36 8 42 126 36 35 9 72 16 163 97 28 25 48 14 60 128 28 63 58 0 49 131 30 105 35 65 12 50 22 126 2 32 75 10 61 136 57 0 64 59 149 25 46 3 64 7 28 1 16 67 130 121 19 86 64 126 82 24 99 43 127 23 52 45 60 46 61 72 132 0 33 35 23 54 97 6 49 96 0 70 14 27 57 25 67 14 13 30 90 108 43 16 16 42 129 36 133 48 85 64 49 3 0 70 111 36 62 10 20 106 14 14 24 25 23 18 2 24 0 18 2 5 85 48 11 42 50 84 9 114 30 33 18 63 73 85 10 100 22 110 12 45 97 72 48 0 69 100 5 34 0 55 82 53 6 116 66 33 52 65 29 2 55 121 42 0 60 80 31 0 81 40 92 0 61 28 12 17 0 32 6 47 0 66 10 46 7 50 142 97 120 53 44 32 4 114 15 40 157 85 56 22 18 4 48 20 2 0 18 32 40 24 21 49 70 60 19 2 0 23 30 36 120 88 18 58 0 16 26 0 21 133 51 6 0 113 
0 34 61 67 106 124 116 3 18 44 38 56 0 99 56 53 36 94 8 12 31 12 67 20 89 45 24 3 5 153 72 60 53 79 141 83 0 18 74 104 109 16 38 12 67 27 54 63 12 36 24 78 75 84 34 78 18 132 73 108 56 129 115 68 73 72 67 20 17 16 58 58 118 27 112 45 238 75 55 36 59 36 0 86 64 29 67 0 84 60 40 126 25 47 127 31 3 0 99 101 54 33 113 74 89 76 58 125 167 50 2 70 22 24 4 35 112 40 88 69 30 12 49 39 81 0 117 38 92 76 3 77 72 0 6 21 12 0 0 71 45 68 134 163 78 140 28 48 24 0 25 88 0 104 96 27 0 46 104 28 49 61 116 129 164 0 0 46 17 35 8 74 73 69 29 81 127 89 63 115 54 41 42 144 28 0 100 85 0 117 18 8 0 123 114 77 0 65 28 104 2 70 15 78 12 6 29 0 32 140 0 36 99 56 41 67 28 84 125 54 92 86 76 85 57 73 144 103 83 134 53 17 0 0 175 157 24 28 73 106 36 56 150 100 18 66 12 63 21 61 0 103 0 60 5 45 
132 125 103 114 26 0 1 40 16 6 4 11 37 18 114 102 0 44 55 29 22 114 89 78 52 6 28 54 22 51 13 115 7 8 90 7 72 56 100 5 42 147 50 32 91 45 0 36 18 120 33 48 34 41 84 40 49 44 16 20 25 97 0 67 8 70 20 30 19 7 52 20 89 0 9 51 29 46 28 0 102 92 33 52 32 66 18 7 126 32 81 30 74 48 73 70 56 56 55 32 124 14 57 104 104 33 54 24 151 36 40 92 0 27 8 8 77 58 32 68 27 142 70 10 95 8 43 8 8 12 75 16 42 18 111 67 0 38 28 44 102 141 52 56 36 80 26 40 0 52 34 28 0 60 38 62 15 34 36 77 56 45 10 32 96 75 124 94 44 69 134 96 4 159 133 129 52 32 81 14 14 81 40 79 33 32 49 161 92 54 42 36 93 84 0 107 107 62 10 0 0 36 111 7 28 36 45 52 27 43 51 44 16 97 9 21 0 0 0 155 33 4 5 14 58 49 10 62 87 135 0 37 19 80 0 26 50 20 16 82 77 125 0 123 46 61 50 27 40 57 2 0 76 3 15 21 
39 9 93 28 91 58 70 7 37 79 25 0 6 27 24 88 45 9 31 29 74 8 5 12 104 27 81 54 68 91 120 4 16 30 18 91 0 1 71 141 44 0 66 112 42 9 21 34 132 0 46 59 108 0 0 83 28 66 37 0 82 48 54 57 113 38 16 63 4 109 129 4 8 74 39 0 99 24 9 70 19 12 14 73 28 18 42 0 60 42 18 80 38 0 65 0 7 2 0 70 56 11 5 35 61 109 102 42 41 15 16 16 58 30 53 126 150 80 55 7 1 1 0 61 0 65 47 157 35 17 86 93 88 27 75 0 76 161 0 0 34 52 140 92 3 21 6 21 22 0 41 0 54 0 50 8 63 0 102 54 21 87 75 115 0 63 31 70 47 59 55 54 15 24 51 28 33 36 5 10 27 30 6 72 132 6 0 72 0 114 37 4 31 0 66 67 20 36 123 69 63 100 4 8 24 55 85 80 21 22 113 64 4 36 135 18 0 26 3 174 0 12 10 73 0 18 9 63 79 2 35 54 81 54 0 56 24 0 107 134 54 31 56 110 54 0 60 63 0 102 40 111 8 75 12 39 
8 64 131 166 126 48 19 121 119 105 135 111 23 76 22 79 127 0 34 145 21 165 136 78 77 24 15 145 71 133 129 169 103 29 130 60 63 48 97 0 50 30 144 60 98 49 55 131 50 122 89 81 16 77 33 72 0 84 6 35 44 76 32 171 123 109 210 117 110 113 33 159 87 121 54 24 82 6 89 178 56 158 78 39 8 105 127 12 61 76 46 36 59 91 137 78 129 16 12 95 112 64 115 108 45 100 138 135 138 0 59 95 118 35 97 120 56 83 119 42 126 36 151 202 124 69 156 0 82 44 61 145 37 112 22 116 0 93 75 108 18 112 157 110 45 6 0 130 35 30 82 116 64 74 108 132 20 54 15 119 52 30 42 34 124 108 197 44 78 66 62 103 35 104 0 75 0 103 93 106 104 30 90 90 45 114 8 32 147 30 54 10 67 14 48 195 81 126 67 117 78 60 76 104 0 8 84 76 8 128 165 94 61 124 65 64 115 91 7 108 188 66 62 16 47 53 76 200 107 157 18 61 21 30 59 79 33 120 27 195 6 110 134 34 171 90 141 132 76 63 50 44 86 0 16 95 
149 49 126 171 0 0 127 61 49 9 0 15 55 0 84 48 42 46 72 24 0 63 114 56 34 26 28 50 60 70 36 105 0 28 20 14 3 44 72 0 101 24 90 142 57 0 0 8 105 272 8 24 103 119 43 120 47 86 41 0 119 0 37 74 144 96 72 0 0 43 5 20 32 12 0 0 136 34 42 46 43 28 0 12 44 72 77 120 46 2 100 106 13 124 16 50 49 63 44 63 60 0 66 0 45 26 72 90 139 35 10 36 0 40 35 45 194 40 86 34 171 180 40 0 59 139 28 16 96 22 89 0 45 64 64 19 0 2 48 145 45 70 94 95 30 125 4 24 53 0 18 0 126 36 16 71 24 40 0 10 76 19 32 18 113 18 16 63 56 100 32 108 120 12 8 151 49 25 121 76 96 84 40 77 101 0 118 0 67 164 48 2 82 148 3 127 79 64 91 63 65 80 96 46 0 72 0 0 97 99 0 35 20 0 48 123 30 41 29 63 40 28 28 42 0 22 15 190 207 24 19 49 63 171 96 40 7 96 45 54 45 49 72 126 15 43 51 41 12 87 0 122 79 15 8 26 
113 30 115 49 91 78 95 0 87 54 33 57 71 105 123 100 14 49 60 0 99 12 67 6 80 85 102 0 105 58 0 24 8 32 93 68 0 159 110 0 92 7 101 113 35 115 74 78 159 30 73 41 47 84 48 48 77 43 28 50 135 212 0 30 18 55 42 51 64 78 32 87 49 0 33 19 87 30 9 51 79 117 105 67 97 105 18 69 143 113 28 126 0 18 51 29 14 27 30 80 88 63 52 129 0 3 18 101 56 75 0 31 80 24 81 0 108 204 21 55 81 33 120 10 116 70 18 0 54 105 56 33 75 75 19 41 115 20 25 87 36 96 85 147 0 21 12 8 16 101 24 37 6 88 96 91 117 0 53 0 31 96 124 16 86 48 210 187 112 43 168 54 42 65 0 62 48 63 64 20 0 76 34 51 144 30 73 64 36 32 159 98 145 70 15 36 91 22 24 55 27 69 192 48 39 32 70 64 12 61 54 146 70 138 132 86 0 8 80 82 24 0 0 84 69 21 30 92 0 30 97 0 70 80 131 74 12 179 0 0 54 0 41 154 0 67 45 38 45 130 48 96 20 30 0 152 
45 55 181 67 97 103 197 56 37 159 99 38 15 121 42 78 36 78 204 60 91 103 80 127 96 73 79 78 44 118 89 211 36 44 86 63 0 69 55 75 21 83 116 141 43 52 105 9 0 95 15 118 0 77 36 63 65 28 51 129 20 31 47 87 22 12 87 18 5 85 108 14 0 87 67 44 27 79 14 24 22 34 100 60 49 134 97 66 84 70 102 72 29 52 43 125 81 62 0 39 104 56 32 94 42 84 141 69 40 70 43 121 42 102 67 75 101 24 74 22 58 104 63 81 102 151 61 92 89 76 55 167 34 15 222 90 107 102 38 9 54 148 104 140 102 126 20 26 40 144 59 105 16 0 221 66 141 15 35 86 46 118 32 101 86 122 67 156 58 17 32 23 0 10 38 184 67 126 0 57 12 60 134 10 40 68 144 54 42 111 26 66 46 30 22 153 0 14 159 76 54 10 57 47 4 0 208 156 76 238 53 0 49 0 107 95 35 54 82 75 20 32 49 18 96 20 40 19 56 134 96 52 56 22 41 25 64 50 15 23 116 50 31 86 22 134 26 52 3 63 72 54 88 119 57 14 
45 65 87 20 91 99 145 27 64 66 84 43 44 186 281 32 14 78 40 30 64 42 142 8 169 27 72 81 80 61 58 32 115 68 91 56 79 166 18 4 60 190 0 22 72 0 40 40 130 24 74 184 0 16 180 12 58 64 102 200 56 72 151 48 0 0 131 24 117 75 48 118 53 75 96 140 103 48 94 24 81 48 44 16 43 165 0 213 24 97 147 55 21 44 60 12 56 132 84 18 40 84 104 45 0 63 0 101 103 44 0 23 0 40 44 94 45 112 0 65 145 16 50 88 64 128 79 0 79 75 134 127 101 0 30 35 113 0 0 35 84 4 164 41 0 114 123 88 110 26 64 84 70 77 101 114 73 106 84 96 19 110 9 196 143 93 161 79 8 32 53 56 76 66 0 47 111 65 99 87 0 70 51 132 220 40 153 81 33 68 132 45 72 35 4 28 72 60 107 72 158 70 81 88 97 203 59 172 60 156 88 95 80 51 80 113 43 90 72 114 71 25 56 56 24 173 60 73 0 67 61 50 45 64 44 66 0 50 10 45 79 47 53 75 201 257 24 15 24 164 48 72 8 0 32 0 
30 84 58 25 136 72 95 42 100 93 108 30 9 33 10 27 24 12 15 41 93 84 84 55 114 36 56 91 91 86 50 182 67 0 150 104 14 4 18 48 33 5 0 102 57 149 28 23 91 103 0 93 0 99 0 60 136 6 92 0 17 0 12 18 59 12 5 8 3 104 14 109 27 77 12 45 9 0 76 0 0 36 101 70 82 148 63 104 54 33 89 50 3 75 100 173 32 60 115 21 0 0 40 34 54 127 18 24 168 77 17 28 10 42 91 12 21 25 45 35 3 24 16 92 0 69 89 8 58 4 16 104 0 12 114 124 54 96 81 51 54 111 43 50 54 113 37 0 57 30 8 26 33 1 112 0 117 18 88 81 72 72 45 48 94 41 19 16 30 82 0 81 27 0 24 36 105 31 54 0 0 60 65 39 59 8 54 17 64 56 27 169 34 1 0 35 40 42 102 52 24 92 25 23 16 104 0 53 28 64 57 115 50 36 96 42 90 26 0 161 81 92 91 4 8 77 0 54 24 54 26 40 104 6 12 26 20 48 5 49 156 16 32 16 110 6 54 44 16 0 107 58 65 42 54 20 
0 56 71 212 68 83 48 55 22 68 55 185 78 98 23 0 83 0 84 129 38 14 17 104 126 118 40 44 54 45 74 77 0 42 70 26 20 106 90 63 30 63 156 76 99 36 0 0 97 30 24 26 0 132 63 11 32 74 52 63 35 5 102 12 124 59 18 0 6 39 42 8 7 26 41 0 53 20 6 4 32 7 9 56 73 30 59 40 64 162 35 77 9 14 0 79 87 126 51 56 2 17 100 110 5 109 63 6 116 36 0 149 53 0 63 0 57 87 66 63 39 77 49 4 14 42 20 19 78 31 94 140 29 102 41 0 2 8 9 0 61 54 131 49 4 33 0 128 24 41 63 36 35 21 8 116 27 39 58 9 64 0 49 21 68 35 85 81 42 0 29 81 63 32 70 87 53 30 65 31 79 65 14 10 105 65 41 9 116 34 169 55 129 117 68 54 32 58 45 60 40 0 62 8 68 61 5 30 154 20 58 60 0 78 35 175 100 92 32 48 1 38 64 0 0 0 182 76 0 99 54 42 0 179 123 12 37 0 81 0 2 88 5 15 14 37 6 33 51 66 36 82 66 35 0 28 
0 133 0 49 83 64 47 74 66 155 70 38 18 54 40 54 125 101 5 0 0 76 162 9 167 46 16 74 6 6 115 30 153 44 84 73 64 107 167 3 49 0 147 32 10 101 12 66 93 5 66 8 19 87 0 118 80 119 0 9 0 99 126 0 72 50 119 21 50 95 54 0 30 86 83 136 110 20 117 24 68 31 0 48 0 24 81 211 67 125 43 72 38 136 0 0 77 68 2 0 71 107 72 30 25 0 6 137 26 12 65 0 67 35 84 84 56 102 40 8 67 72 119 148 89 48 28 152 5 28 0 120 122 36 136 35 71 97 6 83 72 21 82 24 4 60 38 7 32 97 60 72 0 8 25 0 56 89 85 199 45 0 122 0 61 14 171 101 102 90 20 28 69 72 99 47 64 26 50 71 24 147 111 5 40 77 114 151 139 0 0 61 43 36 36 75 62 42 14 150 161 8 56 82 25 35 29 53 25 9 21 83 101 84 99 65 66 100 38 39 45 136 0 35 51 32 37 108 63 70 91 16 77 73 54 142 5 59 0 147 48 65 48 126 48 1 48 198 54 210 0 47 0 18 0 35 
81 28 124 145 74 204 0 46 0 60 14 27 4 66 27 21 0 96 18 140 110 109 108 53 54 0 88 74 180 18 0 112 55 5 63 45 90 0 63 54 51 50 52 70 82 0 41 108 8 129 24 66 27 93 0 96 90 6 24 32 43 81 4 123 0 48 54 18 99 75 0 41 37 3 30 41 85 132 0 4 49 62 98 20 80 77 27 88 79 24 63 36 103 195 30 119 6 14 87 60 48 18 81 8 72 60 0 15 91 66 0 64 0 4 33 0 75 23 111 15 11 69 35 114 73 40 32 123 13 80 6 106 18 54 22 8 64 15 111 84 168 166 146 123 24 48 70 3 79 125 0 66 36 24 17 8 62 39 9 9 138 59 96 72 83 107 120 33 84 56 48 10 78 104 68 78 36 124 81 39 83 31 127 0 53 30 19 15 43 20 56 65 162 20 55 144 6 49 130 45 69 185 169 59 0 96 11 14 102 105 15 59 15 0 78 21 70 63 16 76 77 18 0 95 3 83 94 181 167 157 0 16 101 30 93 157 4 43 0 39 73 9 144 66 53 31 6 0 9 15 168 46 82 58 27 32 
175 109 108 96 14 84 36 27 114 163 24 98 84 0 88 9 88 109 151 8 8 56 0 71 12 37 0 112 225 30 51 57 52 24 23 117 62 30 95 68 137 43 25 105 91 59 96 48 217 79 23 56 86 30 33 124 61 125 26 111 92 0 126 50 17 35 68 0 55 3 168 20 28 40 94 56 114 101 94 45 43 60 17 71 10 183 24 57 73 54 35 85 44 54 74 4 56 203 47 79 24 65 25 88 138 54 113 124 50 84 22 114 59 25 78 0 39 36 58 97 55 88 80 292 79 176 98 186 0 108 40 102 63 92 27 72 7 119 54 0 138 67 48 224 74 49 80 62 0 100 139 55 15 21 122 84 107 8 0 8 17 86 126 39 56 95 90 44 69 56 12 127 67 37 34 74 21 65 8 66 32 14 42 115 36 0 89 94 23 48 90 66 102 56 84 121 38 6 48 86 56 80 54 45 66 104 45 167 88 124 82 56 50 24 127 138 4 67 8 180 50 164 91 72 0 85 6 114 100 95 42 42 148 96 101 16 75 6 60 22 109 89 79 109 60 182 48 76 32 96 0 8 118 49 52 137 
27 94 19 83 129 81 0 28 18 120 85 4 65 0 40 9 38 52 101 27 59 96 38 3 88 4 20 0 205 30 40 24 33 0 124 104 21 47 71 0 63 47 54 32 103 48 24 92 63 39 61 40 82 88 0 45 64 66 96 113 39 78 0 61 0 56 21 63 40 65 0 137 0 92 18 72 46 129 24 32 0 167 64 105 48 89 75 72 14 74 23 93 77 10 64 147 0 64 8 2 0 43 27 64 0 184 9 76 62 107 6 80 8 10 34 0 154 84 30 69 3 12 52 58 0 89 109 42 77 114 41 72 33 79 33 96 50 56 44 6 24 0 66 97 82 72 29 84 9 18 0 36 48 0 113 40 0 20 136 48 31 80 51 144 27 58 87 52 12 19 57 37 50 104 67 48 54 151 7 36 36 56 49 54 130 79 57 27 48 118 81 28 63 13 15 19 77 29 105 4 117 86 80 84 31 4 81 67 95 39 68 44 28 105 61 45 20 2 2 111 36 56 6 49 94 18 45 78 9 39 52 94 8 168 174 121 53 71 116 4 89 63 19 23 36 24 0 1 53 6 30 9 42 12 109 61 
63 104 35 185 42 0 21 39 32 43 54 103 56 117 192 24 0 36 22 72 15 215 125 0 0 24 88 42 30 21 0 27 27 36 21 82 52 40 54 27 42 6 0 190 55 85 78 36 71 0 38 162 0 24 92 56 71 133 46 43 20 38 36 6 14 35 30 48 27 24 0 21 95 30 78 0 21 28 130 0 35 109 64 76 30 108 0 111 15 104 0 87 48 187 59 100 0 0 113 0 32 197 104 106 70 0 75 14 70 99 21 19 65 15 100 27 0 42 91 36 0 0 9 121 40 32 21 19 56 85 51 16 76 0 46 127 0 40 24 90 136 15 54 78 15 62 10 83 16 64 0 64 0 0 62 18 25 0 47 8 126 28 83 0 60 20 0 45 45 8 0 18 16 88 156 0 7 72 75 9 30 0 46 36 77 0 32 22 87 95 89 59 49 0 44 157 14 80 109 70 7 72 49 8 52 105 83 24 42 65 26 122 56 27 121 38 16 7 0 63 8 21 7 54 72 0 96 155 49 102 8 16 56 0 78 30 43 0 30 66 212 19 81 71 50 185 53 85 6 201 36 102 63 32 104 91 
181 123 81 132 8 209 146 123 27 158 58 75 13 25 21 45 39 51 58 22 68 69 38 21 113 6 3 134 216 102 111 113 73 37 118 9 54 42 57 63 62 82 105 69 87 36 9 46 90 82 88 70 152 0 3 119 90 86 141 93 18 36 87 78 9 77 79 29 61 37 42 96 4 96 71 2 19 101 35 137 90 7 87 94 103 96 175 36 63 45 103 105 84 104 36 32 78 48 107 124 30 107 66 58 83 214 24 9 57 134 0 145 106 73 24 61 163 95 81 210 82 148 107 216 68 23 131 108 37 74 57 100 56 71 37 21 15 9 144 17 63 52 206 291 129 102 12 179 90 236 121 9 0 95 45 8 202 65 54 236 48 99 136 40 24 176 20 171 154 84 3 43 18 80 63 38 89 73 23 32 33 81 34 46 62 48 139 41 69 117 52 52 44 90 60 176 0 102 170 117 68 6 58 99 5 60 93 131 159 91 30 98 17 116 71 52 100 75 35 75 129 63 16 6 33 45 66 215 91 84 23 119 21 30 105 48 71 126 56 65 174 185 78 81 102 81 36 24 146 0 107 58 39 33 24 12 
65 203 104 193 7 52 74 194 39 30 0 118 155 88 0 88 4 202 197 120 63 111 103 0 77 21 65 147 137 0 78 72 96 0 40 18 9 101 149 33 58 47 159 114 176 131 70 150 90 72 33 24 117 141 0 36 36 241 108 150 146 84 76 55 167 70 0 31 18 6 36 5 0 56 106 6 39 84 80 59 44 76 12 63 45 73 12 115 338 43 46 92 25 88 172 2 63 120 34 173 0 97 132 64 56 180 109 167 86 86 7 100 0 52 170 61 105 54 4 77 14 27 35 89 226 48 30 174 64 107 25 189 105 32 108 60 24 98 38 16 83 35 69 46 36 48 2 55 60 149 49 35 0 131 71 20 22 154 119 165 39 5 103 77 18 22 105 62 9 64 102 48 75 89 33 91 93 220 40 89 4 85 54 78 125 93 9 63 205 90 130 65 24 75 0 125 143 64 49 48 64 127 63 124 118 8 54 67 66 44 48 100 63 120 67 83 72 53 57 88 57 21 80 73 77 14 31 56 40 16 190 32 17 144 141 118 63 36 109 45 21 104 95 114 76 12 50 54 36 151 54 200 56 103 76 119 
126 205 56 63 90 34 44 116 28 110 12 230 24 79 16 93 21 0 28 28 51 64 55 64 66 9 83 113 78 0 131 57 52 36 121 32 56 130 6 21 148 63 60 40 0 0 51 0 0 51 0 62 28 48 12 78 62 9 57 195 10 32 48 44 51 111 110 42 80 32 36 59 32 0 8 18 92 0 144 24 66 93 8 180 20 42 19 115 143 75 51 12 61 27 94 23 4 56 25 86 27 24 40 30 47 36 112 10 64 66 37 48 4 0 125 0 12 0 68 8 0 77 142 95 85 72 24 85 72 93 1 104 56 0 16 81 0 40 36 35 39 82 6 36 0 26 64 20 20 8 20 118 24 81 113 42 32 42 80 45 40 47 33 102 6 0 0 69 70 118 72 96 43 67 142 7 96 20 5 108 2 45 11 0 92 45 0 42 35 65 64 0 127 17 0 78 36 116 72 0 114 71 68 63 63 18 49 63 55 32 47 1 32 35 143 130 8 3 7 102 4 78 27 66 169 12 0 101 40 5 135 97 157 0 16 60 0 118 82 61 81 48 14 144 70 73 6 0 35 27 63 100 165 126 94 173 
64 146 10 18 40 20 16 20 7 121 64 62 59 165 69 18 84 5 8 118 51 64 147 17 63 15 5 119 84 103 27 32 24 31 97 63 43 74 14 79 51 105 26 104 93 65 42 39 20 112 12 56 109 36 56 77 32 83 39 25 58 40 18 50 35 14 155 16 50 0 30 65 49 7 75 36 24 7 28 7 58 107 50 78 89 29 67 4 121 75 84 135 81 19 0 64 11 42 87 36 25 41 72 101 87 87 6 18 72 34 6 46 55 110 109 24 38 37 66 97 13 103 26 51 83 48 64 90 119 45 8 43 14 10 102 60 64 8 94 127 31 145 234 101 56 21 75 72 40 85 103 166 0 90 9 30 18 106 17 160 66 0 8 96 124 18 71 134 94 20 0 5 75 94 98 66 53 195 71 70 16 3 36 15 72 43 0 105 52 30 60 139 162 19 12 65 95 52 65 48 28 78 22 31 20 52 7 86 84 84 0 105 28 133 180 44 0 62 14 122 30 21 109 56 24 35 25 59 148 89 35 36 60 0 32 0 24 8 61 121 63 92 21 39 118 14 8 32 18 97 122 102 36 73 106 43 
15 102 220 73 77 43 162 59 83 153 51 38 0 51 0 71 72 74 133 13 70 120 154 43 91 20 34 90 77 101 118 130 37 3 84 89 108 98 0 0 12 27 18 80 127 44 90 79 93 71 116 63 21 12 78 130 84 0 93 93 8 88 46 137 0 8 47 29 56 26 63 168 121 42 120 102 100 18 6 34 58 6 30 114 13 59 21 52 0 35 30 155 91 84 0 8 37 6 83 67 68 126 16 65 117 102 12 96 71 40 57 75 152 0 124 0 66 67 63 87 60 63 214 100 52 187 66 35 89 128 116 76 7 24 88 79 121 21 32 10 86 94 134 79 42 71 46 6 32 64 0 32 14 56 29 24 158 6 100 54 17 106 7 40 0 71 125 95 52 107 90 0 10 71 81 38 12 106 30 132 55 92 160 0 25 42 223 108 44 149 8 32 78 15 60 113 30 23 274 0 99 2 74 116 84 38 109 25 20 49 50 60 80 0 62 4 21 153 21 78 68 19 3 112 141 63 67 95 6 3 45 12 190 0 58 137 22 18 69 40 78 66 39 21 61 65 0 4 5 23 80 0 72 16 96 158 
144 119 33 102 180 21 86 135 104 73 44 53 0 211 154 27 128 58 16 84 56 184 76 18 37 21 9 34 5 0 31 78 66 36 120 107 75 107 100 40 89 65 46 17 123 70 102 21 60 126 56 211 103 0 0 70 58 111 64 110 90 61 88 0 0 48 6 42 49 72 67 178 97 79 143 115 6 27 157 18 42 21 122 39 127 31 59 10 20 74 163 51 0 104 108 30 22 8 78 0 48 22 71 58 16 0 72 99 162 0 0 38 28 90 31 41 180 78 56 97 24 54 133 120 72 64 128 0 71 69 62 6 76 6 48 45 3 42 117 108 48 71 132 92 0 168 14 63 63 13 12 72 40 103 94 0 48 76 20 121 15 143 38 79 274 42 104 72 56 32 10 114 61 54 71 93 159 49 0 99 39 71 24 84 56 88 8 130 11 61 33 0 92 65 45 28 27 20 66 65 45 19 99 21 36 88 14 45 0 190 61 102 132 67 108 55 5 40 81 66 29 89 107 12 78 68 37 144 85 136 58 95 6 36 20 2 74 24 75 48 120 100 93 41 0 120 15 78 120 156 23 79 27 42 37 27 
81 74 24 96 18 101 81 12 67 24 0 96 35 0 53 39 43 24 41 15 19 39 45 0 62 70 12 40 74 41 133 17 68 46 78 62 4 51 24 48 38 33 78 85 171 102 109 170 26 60 24 90 32 88 6 0 0 53 71 5 85 12 0 62 52 30 69 60 16 66 66 59 48 80 56 30 73 9 0 0 0 10 32 84 6 8 96 29 105 40 82 54 0 57 24 14 151 48 24 38 18 87 5 18 0 81 7 56 85 5 14 8 59 21 34 68 131 82 36 0 13 36 0 143 82 27 178 57 57 52 0 33 12 0 47 84 0 2 108 38 21 0 15 0 85 88 0 6 18 41 61 27 47 64 18 40 31 54 12 86 32 36 60 0 25 6 38 147 70 70 20 4 72 6 27 18 63 3 0 122 52 27 0 48 42 28 80 7 154 4 20 4 75 47 69 145 10 46 10 0 0 28 52 78 0 6 36 10 4 34 0 28 36 96 67 0 24 115 5 56 35 0 104 111 26 10 81 93 48 3 20 70 32 44 9 90 36 74 33 7 15 48 0 77 54 56 16 60 83 0 0 145 0 6 7 61 
26 76 75 4 75 109 42 16 20 43 129 21 67 63 74 29 14 36 42 27 119 117 109 6 168 0 46 81 28 114 2 14 101 12 40 83 4 42 153 12 15 2 50 93 27 153 37 0 78 127 46 51 72 87 102 124 6 118 75 22 36 79 31 63 41 10 32 64 209 109 21 162 64 63 136 60 114 75 102 27 14 127 12 63 137 35 85 96 60 26 45 63 70 74 56 71 143 81 8 0 121 29 38 82 88 47 44 72 126 60 63 19 82 57 66 36 100 9 51 68 8 62 44 2 180 45 25 0 0 32 48 64 0 63 20 181 96 18 0 35 35 27 241 230 0 0 24 45 18 15 82 68 9 30 132 72 0 163 30 180 27 144 0 65 125 4 69 16 0 70 3 95 31 53 15 6 7 51 63 77 16 12 61 14 110 0 3 22 38 92 117 79 45 2 44 53 42 4 0 52 77 63 23 9 27 67 5 72 24 47 0 150 7 32 75 18 27 39 46 79 20 104 43 0 0 54 54 10 149 105 39 80 0 81 76 40 81 38 51 142 87 143 31 50 63 0 27 29 0 124 42 41 9 28 23 36 
10 69 52 46 28 106 65 101 55 84 114 42 0 151 46 24 128 113 35 90 0 14 57 47 0 18 103 97 53 39 6 76 0 59 137 100 0 222 12 42 41 0 84 109 63 53 79 0 16 135 10 67 122 159 102 4 0 48 117 0 66 44 30 30 50 67 72 62 72 19 6 6 63 23 86 30 105 0 46 48 6 0 48 108 107 16 32 78 130 80 3 43 0 59 103 107 105 0 30 140 0 30 14 90 68 98 88 127 116 42 25 0 75 56 190 0 117 24 93 1 6 100 72 52 74 68 163 46 124 43 2 34 36 0 209 82 0 68 72 64 86 136 90 14 98 80 18 42 0 31 2 114 56 20 115 42 63 185 112 60 125 0 74 3 115 74 54 0 63 12 0 21 24 87 82 93 48 84 48 71 9 67 10 58 141 0 0 2 78 0 42 229 154 4 36 74 4 32 42 45 96 91 0 54 64 47 73 60 42 58 70 0 143 67 63 19 30 49 141 36 6 38 12 45 102 0 8 0 70 85 64 127 0 6 81 42 72 70 0 17 0 63 48 63 36 10 14 70 137 82 82 125 24 54 40 64 
19 40 25 26 12 74 0 26 94 96 28 0 89 104 92 25 32 0 44 20 5 78 44 23 93 35 69 38 129 56 15 46 55 27 119 0 40 120 51 9 44 10 4 99 69 0 78 24 7 9 54 147 0 18 12 115 16 120 0 25 9 24 0 61 38 104 25 24 28 32 30 30 0 0 36 60 60 0 196 0 0 21 21 68 0 38 32 63 75 88 14 60 1 8 0 63 60 12 41 61 12 154 27 0 67 42 17 31 86 60 0 44 8 27 30 0 22 40 78 36 44 27 35 121 12 81 14 0 66 0 42 4 97 12 66 0 48 14 70 45 15 34 159 12 59 1 30 0 0 45 14 34 20 45 29 96 14 0 60 54 69 10 8 0 0 12 2 48 9 131 0 16 0 93 0 0 30 65 24 0 0 0 54 14 0 72 12 37 42 88 6 7 152 33 57 106 0 44 59 0 99 19 41 18 30 42 110 18 12 53 0 12 72 43 0 72 21 10 3 93 61 27 20 18 54 77 0 29 23 76 0 80 84 0 84 97 21 0 21 56 100 0 34 9 5 18 12 36 129 0 9 59 55 0 15 63 
72 26 126 65 25 75 12 78 14 61 0 0 0 59 91 134 12 2 12 22 51 40 99 8 49 18 78 28 20 158 6 40 89 1 52 10 5 10 0 15 8 62 20 30 56 42 112 50 0 35 0 88 43 113 22 29 54 90 0 18 74 90 48 0 80 93 24 12 82 47 0 0 0 124 40 0 94 38 65 63 133 115 0 18 58 73 12 10 109 103 21 105 5 6 34 35 0 64 66 8 88 42 59 75 16 63 30 95 68 103 0 0 52 3 39 67 117 24 30 70 80 2 73 106 42 0 0 140 60 0 0 50 74 0 24 53 0 20 77 131 7 18 103 9 0 0 14 45 0 36 0 52 0 128 62 106 42 87 21 100 11 16 78 47 64 59 97 69 49 70 95 93 0 75 0 42 76 134 15 77 0 147 36 51 87 82 40 26 84 20 169 87 16 0 13 15 77 0 36 0 0 55 7 6 16 0 62 4 18 59 31 0 20 151 87 74 16 6 14 107 48 16 32 10 30 0 40 72 8 54 106 43 0 34 105 156 49 27 24 28 33 4 33 60 12 28 8 63 40 75 42 83 56 101 10 185 
60 75 98 89 125 133 91 17 36 72 0 19 41 92 56 107 0 6 14 24 61 21 67 0 136 25 0 6 57 6 71 0 147 31 49 46 16 73 83 72 70 7 180 58 45 6 0 2 101 45 48 158 0 25 0 36 66 60 163 51 39 117 42 113 0 9 79 62 71 109 84 87 8 13 91 202 107 45 25 21 0 130 84 39 42 12 173 100 24 79 48 63 0 107 18 27 20 28 27 57 0 101 31 55 35 102 0 60 9 15 0 70 0 0 0 91 65 30 8 24 42 6 63 32 109 47 79 39 0 30 23 108 6 40 52 21 96 66 0 50 30 73 161 38 146 39 14 106 20 28 95 137 0 5 103 2 0 81 9 57 48 116 105 40 42 149 89 54 0 124 8 0 18 72 18 71 45 98 15 173 34 24 144 42 154 64 57 24 77 104 84 7 40 66 96 69 33 35 83 18 9 82 75 54 12 61 84 4 28 21 62 41 51 5 0 33 0 11 89 89 30 42 31 95 53 105 55 178 1 30 33 44 0 18 109 72 16 71 38 52 82 15 36 30 51 36 21 0 21 54 50 85 0 66 45 30 
96 143 91 40 62 88 24 28 24 125 32 28 141 0 97 84 0 12 78 94 56 12 56 8 75 32 0 24 46 27 23 117 95 9 12 49 40 79 131 54 68 27 49 110 111 111 8 103 48 260 28 2 17 75 49 60 56 124 79 32 66 151 88 88 39 101 68 199 83 123 43 0 50 41 81 84 69 63 90 21 8 71 111 115 177 24 17 66 192 6 50 53 19 54 32 36 170 0 21 112 58 67 101 39 16 159 80 27 29 78 0 162 27 81 51 0 145 66 13 18 4 81 25 12 121 70 129 55 63 68 81 24 4 76 56 60 52 40 68 33 48 36 138 56 20 7 15 24 42 141 57 50 7 34 58 55 38 60 104 45 91 93 104 8 78 133 119 96 47 136 60 123 6 52 2 64 87 10 24 100 55 56 82 66 219 18 32 82 108 54 159 68 129 96 25 68 48 9 3 12 60 0 0 33 36 29 16 109 81 86 86 49 5 81 28 69 0 25 61 51 36 46 30 51 24 18 121 38 28 116 66 28 42 0 75 50 32 80 0 6 102 35 46 63 30 23 0 33 2 30 19 63 57 73 55 112 
24 87 0 0 114 75 0 110 34 122 35 55 31 0 15 146 0 40 0 81 76 62 47 96 115 28 77 72 18 39 28 99 88 63 36 35 96 83 47 108 166 146 76 45 18 27 0 56 85 54 36 56 39 63 84 120 63 111 133 40 88 15 27 211 66 121 69 54 42 136 186 52 32 101 27 36 96 34 65 43 81 104 40 129 51 15 84 8 123 24 0 72 144 6 96 36 30 88 8 107 24 11 73 0 56 42 80 168 103 46 25 40 141 27 82 101 128 0 111 27 56 29 0 8 63 28 87 81 4 24 0 83 89 15 69 27 24 110 68 207 33 66 111 12 51 2 16 27 15 128 44 139 54 3 216 64 8 8 129 27 35 165 62 62 72 78 27 120 85 227 0 29 40 92 105 63 111 117 0 46 45 69 0 8 102 0 8 84 45 78 36 33 97 37 130 123 25 98 108 0 28 108 0 28 0 12 33 58 27 29 91 24 74 15 130 0 4 0 27 271 51 21 30 90 0 0 31 69 91 30 53 70 191 88 0 45 23 8 72 129 21 3 16 63 16 94 9 0 40 0 8 175 41 102 23 68 
57 152 5 149 0 147 40 38 87 163 6 39 98 16 44 63 49 135 118 5 4 259 19 66 40 108 108 35 134 41 81 10 43 0 107 60 73 0 21 117 76 88 50 133 163 49 32 54 0 42 171 85 56 77 82 63 44 184 170 220 85 0 152 99 30 21 149 0 49 35 149 0 0 45 42 49 46 33 106 0 85 85 59 66 95 0 16 96 190 155 64 84 50 82 56 40 63 230 30 24 12 42 39 56 164 368 48 14 59 49 74 183 44 83 152 43 62 70 15 0 54 44 1 165 105 5 53 99 38 71 54 153 40 42 28 64 0 47 77 59 182 49 312 130 0 0 18 44 80 136 25 6 0 0 15 72 72 26 63 30 8 61 9 82 120 2 72 1 28 42 74 8 12 120 6 0 163 8 94 40 35 60 15 0 129 0 109 35 20 84 130 14 89 54 81 195 126 146 40 15 24 32 41 92 4 100 30 153 148 50 8 34 71 60 100 40 14 123 20 101 64 68 83 24 154 0 32 130 23 57 75 79 93 144 213 62 71 149 95 28 54 104 127 159 129 81 32 16 139 111 0 156 87 98 112 69 
21 132 71 34 50 0 42 87 12 179 6 57 56 23 47 69 28 20 12 29 102 126 53 0 133 20 0 6 120 114 32 8 88 0 45 144 4 10 0 45 99 18 20 35 37 97 18 63 94 125 75 88 89 59 45 53 26 72 50 56 42 129 50 99 32 12 79 65 73 48 9 58 104 74 65 17 6 1 71 74 86 35 28 20 69 25 4 19 56 50 63 33 88 79 16 61 62 48 32 41 71 146 24 64 48 117 33 16 60 12 16 119 32 32 16 53 93 62 44 72 23 16 5 0 67 120 21 30 35 89 36 73 38 65 16 24 75 117 2 35 81 24 204 148 83 0 16 73 31 65 38 91 0 25 83 8 12 20 21 123 46 96 87 32 92 42 91 48 21 57 57 28 29 122 14 27 49 86 12 46 83 36 9 93 73 40 40 71 94 42 12 41 112 7 59 102 12 9 16 40 50 0 36 86 44 64 67 111 72 25 75 39 2 49 36 12 48 29 2 41 60 134 8 44 22 8 155 35 12 33 32 23 14 0 53 65 7 83 78 10 93 52 194 99 79 8 12 121 24 92 0 6 111 0 14 36 
8 47 29 50 105 60 7 42 62 63 91 52 6 0 151 107 0 0 45 86 72 66 12 65 17 28 69 0 131 50 97 70 103 45 4 77 27 54 0 31 54 3 22 110 87 80 56 10 18 44 57 66 45 95 75 27 6 79 8 63 13 18 0 69 45 0 66 0 98 35 88 55 81 103 38 0 57 81 102 14 42 47 0 10 15 6 6 105 126 38 44 160 85 19 0 74 15 8 41 28 80 2 1 63 71 14 0 163 27 12 65 12 66 49 80 89 84 57 52 102 9 0 103 50 51 90 18 64 14 176 20 81 72 0 42 36 0 72 52 20 70 111 11 128 40 8 0 5 7 44 54 24 207 30 38 0 12 82 2 100 32 81 27 20 66 6 38 30 73 13 33 102 3 80 84 25 6 83 131 58 63 28 68 0 77 8 65 58 37 75 27 20 53 0 7 102 204 119 121 9 31 33 10 98 14 68 39 10 44 73 23 65 67 63 205 88 81 100 13 50 38 94 18 36 6 51 43 53 45 6 24 92 34 61 55 39 18 0 64 57 31 81 12 118 63 90 0 21 14 4 74 70 63 0 42 152 
258 35 106 111 39 128 18 67 40 89 51 33 32 24 35 87 0 76 50 3 0 104 17 40 27 61 15 76 245 133 68 42 156 98 81 0 0 12 0 0 54 65 0 77 206 115 29 63 35 92 18 158 96 15 93 0 59 61 0 44 28 37 6 61 75 137 96 96 252 40 32 87 112 193 68 27 168 45 39 81 0 102 56 0 74 24 96 152 96 30 36 172 17 79 103 8 72 63 42 170 8 6 18 32 0 93 42 152 123 81 0 39 56 25 123 63 153 72 99 40 72 66 45 170 59 72 135 195 0 12 37 176 34 38 43 65 0 23 63 144 67 0 48 168 48 81 28 69 9 40 99 0 32 28 211 105 75 149 38 171 90 32 79 134 69 46 32 49 36 20 0 69 16 92 72 65 81 96 15 110 80 18 41 73 119 56 0 63 104 11 76 29 82 0 48 193 18 168 15 0 54 151 10 99 0 102 15 30 109 122 18 14 101 109 35 72 30 18 60 52 18 83 36 98 21 60 28 37 166 58 52 157 117 0 64 64 127 48 32 170 63 118 183 119 153 59 67 0 85 57 20 111 144 61 17 30 
57 114 65 56 177 48 7 64 0 100 75 15 0 0 24 0 81 31 93 72 8 99 88 62 103 138 59 74 20 51 33 114 84 20 35 60 30 34 28 49 191 56 178 72 0 5 35 47 179 142 67 34 21 101 52 161 21 43 88 99 21 85 62 170 56 22 25 125 0 75 209 0 38 118 15 154 157 40 0 54 28 96 1 45 40 61 15 12 167 83 30 108 87 0 61 49 97 54 4 96 0 43 60 42 137 57 63 2 83 35 6 36 112 0 40 0 145 6 130 76 63 9 93 46 24 74 75 144 71 60 24 35 18 128 26 79 0 104 18 119 8 70 110 52 87 73 12 70 88 98 86 82 0 37 129 42 25 48 12 0 0 0 142 30 167 64 90 45 154 64 125 7 77 92 185 22 134 31 63 146 49 6 59 42 95 0 63 59 76 18 26 0 64 13 54 14 94 92 104 104 60 87 0 17 40 0 47 16 36 27 72 23 42 187 153 35 18 59 67 192 41 12 6 162 53 91 74 40 66 60 60 2 78 80 35 106 75 10 0 65 20 21 87 107 45 121 75 52 0 14 185 59 32 36 63 28 
205 122 47 140 107 64 24 52 64 130 107 92 154 0 16 72 36 41 30 28 24 55 60 8 26 1 36 92 201 84 99 131 42 9 64 3 137 57 126 7 173 66 2 41 102 12 38 75 32 45 0 145 4 54 0 89 97 127 0 36 67 32 0 20 0 96 0 66 90 9 21 54 14 90 111 62 132 92 81 18 6 51 33 124 20 15 0 146 72 105 39 13 18 23 42 9 68 17 14 37 31 0 73 24 49 84 32 127 12 159 0 82 14 54 52 24 38 39 0 160 33 143 44 68 69 27 83 118 41 80 0 100 35 12 0 26 64 71 24 40 79 57 141 54 24 0 14 18 25 72 102 10 0 86 90 128 30 110 48 90 54 32 88 8 24 126 106 14 93 64 21 23 18 64 6 62 24 60 71 100 0 0 24 121 42 44 100 143 0 99 105 115 55 102 62 60 102 156 0 20 26 116 148 16 24 118 33 76 70 133 82 59 4 100 24 134 104 22 22 118 72 0 60 81 60 60 34 85 144 21 0 78 76 17 90 6 16 20 8 8 47 150 8 118 124 36 56 49 98 0 91 42 63 0 134 33 
81 97 89 76 45 62 17 155 36 131 55 88 66 66 0 3 100 23 85 106 36 54 105 69 69 0 48 14 190 102 118 109 51 0 78 73 122 20 34 217 34 172 108 31 16 103 93 52 58 189 112 65 81 122 12 55 129 149 85 86 16 164 35 101 60 59 82 119 28 48 68 60 42 67 105 123 54 31 63 0 28 112 19 125 12 46 40 30 148 98 0 18 82 24 36 120 62 78 133 150 72 72 56 0 158 54 107 14 129 84 21 92 22 42 33 55 67 28 3 23 21 18 62 57 101 64 56 169 122 0 101 156 80 53 132 102 119 43 0 143 58 62 174 66 87 78 14 87 99 102 3 131 39 43 116 16 70 84 72 16 32 105 3 139 161 62 124 137 114 28 18 171 94 221 96 26 138 77 8 84 39 60 115 0 83 0 16 147 109 130 74 12 140 17 88 148 42 112 100 51 129 104 37 8 22 28 88 150 67 126 56 43 60 32 129 117 109 6 99 93 87 50 56 78 62 56 82 28 105 41 44 43 219 49 45 57 52 76 0 190 76 14 68 90 90 172 6 0 42 69 198 131 145 179 54 4 
16 78 131 98 0 93 206 49 18 85 0 82 52 5 84 16 0 81 193 88 18 116 36 86 114 0 140 103 130 51 0 10 95 20 60 128 0 141 69 0 4 30 82 76 32 53 76 0 16 62 39 64 0 172 38 112 32 102 28 120 91 154 40 48 35 64 48 0 16 0 89 139 36 79 17 111 157 25 102 0 25 36 0 163 58 50 76 204 90 177 14 75 45 40 84 54 40 64 24 26 56 43 51 137 96 126 8 48 114 57 116 221 4 5 114 0 143 56 24 56 24 8 95 16 165 103 4 9 78 0 21 135 38 35 127 53 63 4 0 54 42 12 218 43 0 86 36 66 0 95 45 193 9 128 2 14 64 98 130 36 15 108 38 16 6 0 102 36 36 107 49 77 52 67 92 75 0 114 14 88 54 16 165 0 63 132 172 12 96 79 162 116 132 6 38 140 4 22 88 30 45 0 33 8 56 37 157 36 55 116 42 38 109 68 33 136 0 12 89 55 69 14 6 12 142 0 14 123 3 43 119 46 86 72 167 100 7 0 159 28 33 15 57 0 24 24 25 17 45 55 14 114 0 83 95 158 
0 149 112 107 8 71 37 202 47 63 90 72 33 10 99 20 60 2 61 36 102 17 16 123 188 48 110 61 75 15 150 99 83 63 214 95 5 56 108 75 134 0 58 87 15 91 65 35 99 42 46 48 28 90 41 77 128 54 155 9 106 2 99 58 112 71 108 0 72 30 63 62 0 41 22 16 35 0 107 24 68 9 48 64 49 36 27 0 19 105 0 182 12 18 68 69 69 102 37 171 0 54 123 141 91 143 12 87 106 85 9 105 72 3 165 90 151 73 143 60 132 38 0 0 36 22 49 108 161 0 0 90 135 60 48 33 66 30 9 81 64 53 240 131 42 63 21 73 47 7 96 30 45 56 127 120 23 22 32 54 117 85 0 112 27 1 98 36 32 6 7 94 81 32 36 77 0 60 104 25 0 216 104 9 83 16 8 198 76 239 59 66 88 70 0 0 99 89 75 102 24 41 55 26 25 40 82 66 120 80 42 49 12 72 3 21 93 65 39 129 20 59 149 103 36 0 8 99 14 0 0 141 81 142 135 150 14 54 51 24 114 63 9 105 24 0 9 34 52 100 42 103 87 40 0 24 
40 0 131 16 63 78 86 58 40 118 49 0 0 0 106 42 45 30 0 60 0 67 75 0 45 0 20 40 26 44 63 0 0 0 102 64 4 35 101 84 77 38 0 15 21 21 65 9 74 56 42 36 38 37 6 0 48 0 87 0 80 35 5 33 49 0 126 72 6 0 54 42 21 83 25 0 7 20 6 52 8 54 4 53 64 0 0 53 47 44 0 81 0 3 0 58 2 0 71 27 107 0 0 18 63 108 12 53 69 10 16 76 14 37 42 60 21 0 0 10 93 35 23 10 0 101 40 9 75 0 44 54 63 35 71 82 30 0 45 35 21 45 139 71 51 120 24 77 20 0 0 204 8 47 0 0 0 8 0 0 58 23 0 72 104 15 40 71 0 75 24 41 56 86 7 46 25 42 0 40 40 63 30 0 27 15 2 57 0 125 10 68 91 82 59 24 68 112 5 0 0 0 111 72 0 19 32 72 0 60 8 52 0 30 42 3 20 8 0 0 67 0 8 0 13 0 52 133 56 0 18 10 0 0 112 0 15 34 48 120 1 0 62 15 6 92 12 29 0 4 0 42 24 10 0 30 
58 66 104 32 207 32 59 159 127 81 63 107 12 126 111 5 86 106 18 12 165 38 154 37 158 0 8 0 44 83 20 24 58 33 62 118 41 60 68 18 10 62 44 118 69 80 156 35 0 44 20 82 39 0 64 42 42 91 38 0 36 24 72 61 94 22 16 76 77 209 8 114 53 77 10 67 67 28 149 6 12 65 38 56 34 48 144 134 0 36 80 54 108 75 52 116 16 110 58 30 31 120 0 32 24 161 28 112 68 0 0 36 73 92 84 50 67 81 47 36 63 108 82 188 12 90 184 62 20 20 90 110 36 59 107 56 86 0 133 15 91 64 81 105 128 72 0 28 62 108 44 18 88 100 123 63 46 62 77 0 66 126 16 105 0 94 60 72 79 0 63 102 54 39 124 1 50 119 139 54 60 26 70 8 0 138 183 0 97 8 72 22 32 94 25 61 60 46 0 133 84 18 20 4 32 76 9 4 70 104 0 26 18 101 55 142 96 142 8 90 58 132 79 96 16 19 2 56 14 25 36 193 54 153 28 10 59 16 24 182 46 38 53 50 116 105 6 7 33 40 21 122 144 56 80 16 
58 73 117 83 40 136 57 105 46 73 42 54 102 129 40 75 54 42 1 60 114 85 52 35 239 100 141 15 64 94 4 12 41 83 62 52 56 68 89 55 97 95 104 139 246 62 71 69 10 59 30 128 67 74 61 38 38 152 17 2 0 65 201 112 26 52 303 13 62 86 76 81 172 135 31 64 114 46 64 75 44 139 71 205 148 45 66 57 169 178 15 149 122 41 73 196 5 49 166 32 40 12 61 54 20 113 100 64 84 111 48 129 92 61 170 13 28 35 149 24 6 108 72 38 94 71 92 192 54 136 21 130 32 25 83 92 63 39 0 90 178 134 178 42 169 40 62 86 61 164 0 122 41 93 80 21 13 54 62 62 65 34 50 24 59 25 105 103 150 65 90 109 44 132 133 50 158 172 32 147 110 31 58 10 85 149 6 53 116 51 40 63 90 98 58 115 77 59 40 118 38 46 95 12 17 34 9 27 143 123 28 36 91 51 211 166 24 159 81 46 82 86 85 62 230 18 132 0 35 87 89 70 15 31 37 46 34 162 3 92 71 21 13 50 19 64 41 21 85 118 83 128 203 164 0 146 
27 56 82 65 118 185 56 64 31 53 21 49 0 136 0 4 43 0 16 36 82 15 6 53 141 10 125 27 126 6 72 12 121 15 110 6 8 7 16 0 45 0 0 24 37 126 36 68 24 28 27 67 13 27 27 5 0 13 3 24 121 48 136 0 133 51 76 54 94 66 76 160 24 18 117 15 84 75 81 9 19 162 137 60 34 117 9 9 94 8 13 119 48 120 0 68 144 87 18 0 24 96 79 40 0 44 57 126 119 48 0 55 55 0 48 116 21 64 41 48 58 18 22 93 237 64 0 126 3 117 25 42 26 22 74 18 77 77 24 29 56 74 0 49 0 19 100 32 0 62 81 6 15 170 62 9 27 59 58 81 106 0 75 24 33 24 52 17 33 95 110 34 0 56 38 0 21 63 41 34 67 58 66 113 22 12 57 63 141 20 97 78 100 47 39 138 30 0 74 18 44 21 59 63 72 64 105 33 2 72 61 21 27 16 70 159 18 19 68 48 9 124 6 38 36 36 54 45 23 68 18 98 0 25 8 49 34 75 6 78 59 8 40 0 51 9 53 86 24 110 27 58 84 0 21 164 
47 117 62 64 83 16 54 82 54 26 0 143 41 5 75 55 12 30 122 85 63 40 32 87 67 54 71 38 78 18 112 60 77 12 79 85 24 70 53 54 161 171 83 207 96 102 59 10 77 98 83 201 54 0 16 58 7 119 12 34 25 1 42 184 130 9 55 47 135 202 0 106 10 170 88 64 6 64 42 56 91 124 53 24 70 81 118 144 137 45 109 38 50 0 125 66 10 49 35 61 115 14 56 7 74 57 84 199 46 57 12 12 12 15 96 40 63 9 95 44 28 58 0 55 0 94 124 13 45 88 56 63 81 85 162 120 16 106 42 70 76 48 54 18 86 0 54 103 76 66 45 103 48 82 91 4 96 0 101 0 41 141 58 44 229 54 14 81 25 2 8 168 42 4 0 64 78 5 19 83 14 16 154 126 50 58 16 10 7 0 40 18 108 10 0 80 91 133 141 18 42 144 0 0 14 39 15 18 173 138 103 38 113 24 198 50 63 39 0 106 45 160 125 9 59 6 38 0 0 54 37 109 57 14 127 39 68 78 4 93 78 76 66 131 49 130 24 9 10 49 21 30 144 75 69 82 
75 94 68 217 100 190 8 106 31 227 25 52 45 76 5 164 210 34 95 33 4 78 40 28 25 26 15 106 69 27 95 27 77 0 73 92 36 211 0 9 142 12 88 162 0 31 10 36 84 102 8 81 42 80 47 47 80 96 23 167 5 10 40 40 0 100 195 6 73 64 66 140 44 80 77 24 86 56 69 103 42 64 40 50 48 41 37 70 0 118 13 43 58 23 58 44 65 106 57 185 30 43 117 82 60 145 73 67 79 60 52 90 54 127 56 0 0 80 118 24 0 64 123 16 51 81 136 158 131 2 14 151 47 20 191 79 56 23 153 90 59 111 50 32 159 68 35 29 50 70 57 96 72 48 186 24 66 63 45 23 63 74 63 52 88 83 83 95 69 62 49 120 93 63 51 144 54 129 8 160 48 38 40 24 178 40 21 65 9 7 149 7 128 83 21 116 54 102 64 45 16 57 30 5 18 111 49 27 90 145 68 75 119 82 110 137 77 8 25 30 14 71 76 73 94 135 57 105 69 26 105 18 40 181 124 78 30 58 185 63 12 79 54 9 64 60 69 63 48 50 112 61 155 39 6 63 
4 151 109 241 33 124 0 19 21 31 0 29 45 0 45 0 15 53 118 16 15 63 30 0 45 4 119 40 181 18 0 0 50 0 79 27 56 35 0 60 83 69 36 60 49 33 93 0 12 0 60 19 0 81 0 28 42 115 86 101 0 9 6 13 9 0 32 0 73 18 48 126 63 47 34 0 57 0 54 34 109 72 21 70 28 67 24 18 49 130 56 154 36 114 108 74 0 108 146 4 48 35 6 108 28 162 48 0 48 71 32 237 94 29 20 21 0 119 10 9 28 12 8 77 117 6 12 108 40 54 60 138 15 6 36 39 41 80 36 0 34 34 112 57 21 48 42 18 96 73 54 3 0 36 82 0 41 102 42 0 52 94 32 45 0 14 36 85 0 5 0 50 0 60 18 0 62 103 36 36 5 66 66 0 89 0 11 25 53 80 144 9 7 73 99 35 71 1 75 0 60 155 2 6 67 0 34 6 103 9 0 64 20 51 36 0 36 0 6 94 0 21 28 47 30 39 72 119 0 21 78 20 2 81 163 131 66 79 89 86 94 25 39 64 105 54 82 32 71 25 28 6 36 52 10 48 
95 15 104 80 16 40 155 17 18 189 0 4 57 105 72 117 35 72 8 109 13 208 67 0 69 84 32 6 79 38 56 143 26 62 56 0 18 115 118 68 70 190 16 122 91 55 13 78 16 92 128 173 5 48 36 88 0 26 53 159 43 64 109 84 7 23 108 48 74 24 0 54 126 8 22 94 0 15 19 54 32 115 28 92 114 30 24 44 208 139 2 86 111 73 9 48 32 0 48 83 0 0 104 109 0 98 96 69 47 76 102 81 0 112 40 0 53 0 0 0 33 130 129 9 0 28 38 44 47 65 36 0 8 0 8 26 0 2 48 117 40 145 144 102 0 3 8 5 31 123 97 40 32 122 0 94 25 115 146 4 82 35 42 52 101 1 124 75 88 56 128 78 0 97 141 53 48 81 166 92 51 104 0 11 20 72 164 35 86 91 36 55 261 221 0 163 89 18 217 0 0 176 59 149 50 68 0 58 0 2 61 103 9 157 320 190 22 125 10 225 38 35 36 128 206 78 63 37 103 26 132 68 68 38 26 68 40 15 65 27 42 34 16 100 42 50 62 30 21 25 71 77 183 24 78 148 
117 64 197 121 61 73 72 149 3 12 40 45 61 35 126 84 0 189 136 51 6 103 16 74 16 2 24 91 62 0 27 91 67 62 12 18 40 41 35 0 67 139 0 44 35 32 5 15 45 65 6 117 9 0 7 9 14 58 0 64 0 133 1 64 0 153 0 12 0 81 51 8 14 80 10 41 54 109 80 77 22 61 21 112 95 0 0 122 69 16 97 29 3 15 74 32 70 12 8 95 116 35 40 31 83 132 6 49 83 33 0 16 19 34 45 102 14 63 45 35 90 56 55 61 35 12 56 119 82 86 62 44 59 4 86 54 2 42 2 100 100 79 75 15 49 45 0 46 0 14 0 0 0 157 69 18 86 42 0 26 65 119 39 64 133 118 45 7 56 66 104 57 2 71 0 3 133 73 21 86 0 9 64 0 63 103 19 9 0 40 58 4 42 8 119 119 36 54 26 39 22 5 73 24 75 36 78 0 0 143 50 35 57 35 0 89 40 36 0 111 5 16 16 118 48 11 58 31 105 46 0 87 46 0 137 94 73 0 0 21 10 26 36 56 12 60 15 0 32 35 0 8 36 12 35 110 
21 20 112 49 126 56 49 0 15 162 22 61 16 59 82 56 18 21 15 128 0 18 62 81 27 74 45 40 124 120 100 146 72 50 193 63 40 87 66 0 0 44 78 42 122 32 33 43 16 169 14 5 0 31 28 78 0 122 19 72 87 16 0 149 30 0 38 75 138 96 37 45 0 25 96 6 15 35 36 16 28 88 8 44 56 65 187 6 32 80 36 90 12 146 24 84 81 0 38 16 60 63 59 64 32 51 36 56 108 0 12 14 0 29 20 0 23 40 77 82 10 0 129 96 70 68 140 10 86 72 42 0 57 47 44 0 16 10 82 0 0 62 91 18 45 65 30 53 18 41 12 122 0 73 4 105 24 28 10 55 64 38 0 0 112 64 50 146 12 10 0 32 48 108 24 141 30 113 54 16 0 12 10 79 107 72 5 51 54 68 52 7 144 48 9 134 154 4 159 61 0 106 40 119 0 0 77 0 16 55 49 6 4 45 112 95 10 61 20 159 24 25 58 71 73 56 56 71 51 69 0 69 16 32 52 84 43 21 35 54 65 91 33 35 32 69 24 27 0 36 30 42 107 24 6 116 
45 97 127 21 35 12 2 3 112 205 30 123 0 137 110 93 72 54 58 9 153 32 79 60 0 0 112 80 183 61 26 58 157 122 89 208 88 71 6 92 112 102 88 0 108 25 34 25 72 36 35 39 92 12 24 5 61 71 21 78 93 16 24 43 0 12 105 32 11 47 117 80 8 99 75 72 46 16 56 0 60 119 0 35 0 212 47 120 80 126 26 72 15 49 8 4 11 33 55 31 48 70 66 0 0 0 68 52 54 6 0 16 56 30 16 45 66 81 90 40 45 23 104 186 78 0 0 0 12 9 46 101 42 27 6 32 0 48 241 56 67 141 15 47 9 78 33 80 20 0 29 88 48 100 60 132 109 72 84 84 82 178 6 0 60 150 33 59 106 83 56 55 10 93 6 7 54 67 64 117 15 27 22 50 195 0 45 44 24 0 106 3 147 0 25 16 30 17 51 77 122 47 67 0 35 52 63 60 0 53 84 48 33 113 102 116 50 60 51 160 105 30 0 84 52 30 0 108 12 15 110 34 112 96 18 34 75 159 30 4 21 42 45 94 93 96 0 0 162 44 174 173 91 122 74 208 
45 114 71 103 110 91 5 63 123 57 76 137 51 142 56 59 30 99 86 8 14 48 96 6 18 35 8 64 77 64 41 70 133 85 35 31 0 19 27 12 71 65 96 104 135 0 96 35 36 67 0 54 35 48 12 0 16 36 54 57 22 105 0 28 56 72 75 8 12 0 127 50 56 44 0 45 94 78 62 32 15 0 24 16 6 18 36 69 126 5 101 149 4 88 90 4 0 0 7 56 0 0 14 45 0 0 69 62 288 12 6 10 0 3 50 0 66 0 30 20 0 36 28 47 5 0 97 21 168 16 0 12 87 0 15 160 0 61 14 101 166 56 20 36 15 115 54 4 0 0 84 0 18 125 66 20 31 81 14 116 70 55 89 24 81 15 28 80 0 0 18 0 143 4 0 76 0 77 51 47 88 24 0 100 30 36 90 12 94 14 15 41 20 5 81 61 42 143 25 0 36 67 0 76 26 99 28 67 65 71 0 63 126 99 0 5 9 108 80 48 119 48 69 114 88 9 18 60 107 31 39 45 32 58 94 105 35 42 68 4 53 87 109 32 108 78 27 63 9 68 36 50 45 21 78 89 
25 35 58 54 58 14 0 36 26 69 30 42 64 0 121 0 81 68 96 9 6 15 48 80 26 27 49 88 81 2 57 100 51 3 89 8 13 100 61 29 84 7 75 60 20 68 11 27 73 172 12 47 50 22 12 33 23 53 71 63 138 0 75 54 40 109 162 36 0 57 23 51 7 2 8 16 44 135 36 97 16 40 0 0 113 24 63 24 50 43 71 71 33 50 28 39 90 9 78 90 0 69 60 84 11 132 108 32 62 17 18 21 18 63 145 84 109 19 60 67 105 4 112 90 69 159 72 41 84 25 0 77 9 0 81 57 0 8 102 27 0 28 159 34 130 63 18 5 18 158 63 101 24 114 132 21 0 18 6 0 36 88 131 8 3 156 56 124 56 91 43 79 0 58 18 73 0 44 7 108 30 0 85 53 48 8 66 23 0 60 35 83 40 13 1 107 58 32 117 44 14 42 63 14 0 28 206 131 6 96 71 17 28 0 9 76 0 20 38 40 0 0 0 34 34 0 78 52 77 94 24 71 90 37 66 6 10 28 31 35 32 34 15 92 54 69 36 10 5 0 161 84 12 24 77 117 
0 25 12 47 0 6 70 20 31 138 15 18 84 0 113 29 0 94 35 35 76 75 53 3 105 9 0 110 93 111 42 69 76 0 21 0 157 0 42 15 112 114 18 65 168 0 38 20 35 79 21 96 61 0 21 103 56 56 10 20 6 96 84 88 0 0 222 12 25 18 105 0 123 115 0 7 0 124 64 106 0 52 8 72 86 24 45 72 36 0 0 163 168 48 74 151 15 87 178 117 51 0 91 77 139 48 63 28 68 65 56 118 43 42 43 27 3 77 0 89 14 6 0 53 42 9 53 162 45 81 35 12 42 6 0 54 112 36 27 14 96 65 147 89 85 3 38 75 14 0 0 12 20 73 68 48 35 52 30 58 21 7 9 56 32 43 11 52 3 24 90 191 45 124 57 68 87 132 29 31 15 21 100 0 75 14 31 50 0 129 27 0 61 30 212 208 72 5 34 35 35 148 59 99 21 46 0 92 20 30 21 78 0 57 14 54 27 46 0 192 27 12 93 57 82 108 14 45 6 3 42 41 63 16 130 3 32 54 96 135 0 45 128 75 67 0 98 20 79 104 90 7 70 104 98 102 
113 47 153 77 37 39 75 75 26 58 16 6 0 16 95 58 66 147 146 129 9 83 17 70 48 56 48 7 23 96 23 67 57 42 2 108 7 56 42 60 21 151 78 75 15 47 152 7 70 46 38 91 16 72 19 69 12 145 155 40 111 125 61 95 77 70 40 18 66 9 102 40 36 36 88 68 107 34 100 12 54 54 50 28 42 77 7 8 177 35 69 67 65 129 44 37 51 0 40 110 56 63 36 187 86 37 97 53 97 12 9 63 30 2 67 77 98 20 18 49 50 61 26 68 34 140 9 24 46 2 31 0 56 61 84 16 21 56 7 124 55 125 137 63 4 146 6 63 12 136 70 87 87 73 24 15 58 10 0 0 30 138 79 16 140 72 147 21 94 4 62 50 0 96 128 39 114 67 17 30 16 64 124 84 30 23 106 7 60 116 60 112 64 12 18 30 73 35 131 88 13 112 2 15 0 8 89 14 0 89 0 28 8 144 261 18 0 22 42 137 98 72 70 84 24 119 18 121 78 52 46 23 24 56 60 35 85 29 0 52 65 47 70 110 7 49 10 179 26 54 0 45 32 24 7 60 
16 59 0 91 21 89 3 2 29 57 63 43 23 118 43 12 42 28 0 29 54 0 45 1 103 33 69 88 15 63 125 49 7 41 24 31 12 64 13 36 77 18 64 40 10 24 30 82 23 135 0 120 0 92 55 38 0 56 58 60 9 17 6 45 74 52 52 91 17 120 19 39 40 42 34 9 77 61 53 14 47 66 64 59 48 208 106 41 80 24 83 78 35 135 18 54 78 73 42 24 96 14 59 0 23 85 12 27 86 43 13 85 41 140 11 81 47 80 12 21 54 73 68 154 203 36 35 27 56 80 90 162 36 5 137 30 101 4 69 30 12 112 47 81 97 114 0 2 137 85 48 36 118 84 44 0 0 0 0 30 0 50 10 49 100 27 33 27 96 27 32 152 42 57 20 21 33 31 3 42 84 0 42 54 63 37 20 18 49 33 75 2 66 48 51 74 0 6 68 153 36 4 21 84 18 21 65 90 82 123 15 0 10 0 84 152 48 81 30 7 21 0 15 0 30 22 67 102 0 96 62 7 0 63 1 44 14 113 76 35 135 0 18 23 45 168 87 15 2 81 4 51 54 75 1 29 
221 42 54 31 84 3 2 51 37 24 29 35 42 12 36 39 96 14 0 151 53 47 18 67 89 12 15 43 66 133 12 42 3 47 62 78 16 60 62 126 0 96 59 0 166 107 0 93 84 18 14 46 6 73 21 6 54 6 49 6 20 0 36 78 99 53 71 88 41 135 166 35 57 15 45 0 54 118 25 36 46 59 111 43 54 81 107 0 42 89 14 68 56 79 72 94 86 50 52 75 48 12 19 102 144 62 90 54 72 83 14 53 60 54 16 14 64 18 27 46 14 114 133 103 10 75 60 24 45 22 8 31 6 0 29 20 65 100 164 4 126 94 0 66 50 6 0 57 49 72 178 14 20 66 85 56 18 16 55 70 105 22 96 0 156 129 60 14 92 69 36 45 5 0 27 0 12 6 36 20 60 24 155 25 161 24 6 31 96 64 16 66 91 51 81 76 36 57 78 48 24 0 0 36 71 37 38 39 43 77 0 12 28 60 34 104 74 72 10 57 18 30 83 48 0 49 91 37 72 12 18 68 15 15 28 71 27 24 30 95 129 97 0 4 16 27 76 56 12 0 4 62 85 67 38 40 
75 30 81 116 4 2 126 74 2 45 24 48 46 81 93 41 28 152 0 32 48 49 25 20 94 21 100 45 83 55 33 8 0 0 29 116 17 61 34 0 195 77 94 38 158 21 0 38 102 54 64 67 0 114 28 32 66 126 2 0 40 36 27 157 35 0 73 16 49 83 40 110 56 0 42 12 27 9 45 127 64 6 0 0 50 0 0 102 12 43 60 76 4 12 47 105 35 9 24 35 72 0 37 102 108 83 84 84 50 48 134 95 74 56 99 0 56 0 14 73 102 124 86 117 33 48 0 5 14 90 45 43 48 36 48 24 54 58 102 0 90 157 90 66 0 90 0 0 84 54 21 54 0 113 36 24 0 86 0 8 54 1 40 68 163 12 8 61 53 63 0 124 118 83 0 82 0 55 32 108 96 0 64 64 165 28 8 53 42 28 85 125 42 41 0 70 85 10 32 13 0 64 102 92 38 38 39 90 48 100 0 103 32 48 0 64 52 106 15 20 12 0 48 28 102 16 58 39 7 115 92 59 0 45 12 42 6 76 109 28 0 7 94 78 0 119 96 49 0 90 25 71 92 0 40 67 
8 62 77 120 75 110 0 54 162 105 182 36 44 211 114 61 30 9 60 9 51 30 54 90 101 132 98 60 53 56 140 160 84 62 54 14 14 1 30 21 124 0 65 175 44 63 42 27 52 55 24 75 35 127 28 13 33 98 12 3 99 57 112 0 149 28 75 23 42 18 16 41 11 11 139 6 85 43 115 24 18 133 159 5 165 186 99 136 121 81 113 54 14 79 30 80 0 9 34 87 95 92 65 144 81 56 47 56 210 124 19 46 94 36 107 24 35 136 146 47 11 18 0 0 114 70 104 141 119 112 4 39 96 45 36 21 79 32 6 16 120 87 131 44 15 170 67 31 0 81 0 105 0 109 153 84 15 15 23 94 57 71 14 39 72 64 19 96 75 51 96 74 63 82 47 0 35 85 156 6 24 105 99 12 12 91 69 48 66 40 61 75 104 15 56 2 0 55 63 27 0 100 103 80 12 68 62 55 62 78 44 28 76 216 90 114 101 18 56 124 35 105 49 52 63 4 66 15 78 40 99 90 146 93 34 69 1 75 35 55 242 37 122 10 141 59 135 80 29 143 104 176 56 113 0 101 
76 98 64 36 144 14 104 33 72 135 47 0 40 130 164 48 159 31 0 60 0 26 65 0 150 29 135 50 114 146 10 102 40 35 142 22 52 89 24 108 80 82 22 123 83 55 79 0 103 72 8 52 94 80 56 26 87 142 34 28 83 95 99 85 0 63 50 15 141 80 194 24 42 87 143 29 36 83 83 47 21 49 0 126 33 0 106 79 112 29 0 164 71 120 56 51 9 12 41 81 95 22 65 31 0 43 81 158 142 44 8 26 44 17 220 71 48 75 65 45 111 42 54 21 213 66 50 76 170 70 40 79 9 47 123 24 28 121 151 147 105 78 84 30 46 40 36 0 0 88 4 27 71 79 76 21 36 97 63 97 52 63 25 28 16 41 91 82 66 112 118 26 147 142 30 16 32 155 19 35 21 18 65 20 208 30 50 65 19 40 23 46 24 58 43 20 114 56 31 73 9 52 133 121 12 24 9 24 68 85 88 40 90 120 69 50 18 153 28 196 32 87 96 25 137 60 36 127 113 49 49 152 0 90 25 30 16 54 77 5 55 49 37 32 106 94 41 73 92 78 48 178 42 75 0 113 
79 42 72 11 25 101 5 85 14 27 36 62 0 184 66 28 8 30 58 0 7 14 56 83 90 27 0 43 38 84 24 48 71 0 25 75 6 48 0 38 88 36 55 35 70 111 121 3 63 28 59 73 76 9 155 54 0 72 49 86 24 45 30 58 40 30 36 55 86 113 9 4 32 63 48 60 0 0 40 2 37 78 26 6 50 67 15 105 93 27 59 131 68 41 58 84 47 93 12 64 40 24 30 57 0 60 0 64 11 12 17 54 99 33 124 40 73 60 37 89 110 8 31 177 56 55 42 54 0 147 39 140 102 0 82 64 25 18 90 54 7 48 88 69 28 22 56 6 24 25 53 30 63 124 76 101 22 43 45 89 11 50 0 74 84 5 48 31 15 33 24 40 6 100 92 57 67 60 0 97 70 49 63 10 114 0 3 113 115 120 25 74 48 74 8 108 26 56 93 15 8 86 9 50 119 59 55 72 42 90 4 21 114 63 74 77 10 119 30 67 12 63 18 51 0 10 124 32 0 114 91 56 54 6 121 54 44 20 80 30 45 50 51 102 36 128 70 4 16 91 14 148 55 112 59 54 
118 37 83 69 83 194 74 72 142 159 158 73 5 53 23 49 20 93 108 97 35 39 17 54 63 63 63 39 101 54 71 182 115 82 38 8 68 72 89 125 63 48 63 176 109 103 112 88 47 42 12 124 21 123 60 121 38 113 70 23 122 206 104 101 110 18 9 96 28 42 62 27 75 150 80 25 30 131 57 98 11 6 135 0 6 54 76 113 178 37 38 74 36 68 10 155 88 0 111 86 42 34 108 107 63 79 54 36 142 56 24 30 0 0 158 48 108 98 88 47 21 34 23 57 147 20 176 92 53 35 8 69 71 6 175 76 0 84 11 62 117 142 121 76 42 108 21 61 0 31 47 14 51 129 143 51 105 152 158 79 43 28 47 16 144 77 136 17 33 34 82 114 47 134 15 90 153 116 45 35 17 137 95 16 65 24 60 87 90 6 96 236 89 7 123 101 12 50 84 55 34 53 117 58 82 76 23 9 137 81 177 112 164 38 105 72 62 88 180 144 79 67 71 49 141 87 79 47 106 48 47 30 72 9 236 117 41 86 19 117 81 70 143 0 100 66 15 53 96 141 105 123 73 6 63 99 
175 108 48 150 60 94 55 106 30 178 63 114 48 130 114 57 0 45 38 72 63 130 205 51 117 21 36 0 24 0 2 67 105 29 72 95 167 127 92 116 72 142 55 72 23 56 96 103 0 72 106 70 95 0 98 152 64 157 89 3 151 27 9 136 54 0 55 5 56 130 0 38 17 83 87 175 51 89 18 0 93 183 0 30 37 157 131 30 239 85 52 87 108 32 90 28 8 63 97 0 39 131 83 0 110 35 70 96 0 81 0 26 49 49 69 0 6 13 77 72 7 30 21 53 117 6 130 135 28 40 68 86 78 0 111 3 104 17 41 124 49 32 214 93 81 0 46 84 39 208 90 192 35 84 85 41 12 0 36 44 36 25 1 120 56 64 154 104 79 36 48 134 0 71 174 0 75 108 6 140 79 49 148 15 5 4 128 63 61 99 0 85 163 104 36 202 119 4 197 100 153 144 183 45 83 24 68 4 80 36 43 108 32 129 174 46 0 119 26 347 51 70 112 146 48 0 95 47 182 52 111 9 99 40 196 145 0 0 21 96 109 68 7 175 10 0 24 60 90 74 145 64 77 83 24 28 
76 77 8 124 42 99 12 194 63 90 55 0 72 0 114 9 67 45 5 28 0 24 116 18 0 18 49 56 44 6 4 55 7 60 77 0 68 12 84 25 4 9 12 82 18 9 11 21 42 37 2 42 46 119 15 42 41 109 18 45 9 27 3 12 2 4 19 66 42 69 9 0 62 7 28 54 58 0 0 28 20 40 69 42 75 3 13 78 39 14 24 0 12 87 0 69 51 54 0 31 96 87 37 56 0 102 3 81 13 23 42 33 14 4 77 17 84 65 107 18 7 0 56 49 23 21 72 128 113 18 2 51 74 24 77 6 7 53 12 0 11 28 24 4 81 78 0 28 30 38 6 6 0 0 72 49 89 29 33 69 39 15 52 41 17 14 66 18 70 41 6 46 24 6 4 0 80 15 3 12 9 77 0 19 19 56 8 30 6 64 63 49 51 42 41 83 9 58 25 0 9 63 68 35 9 3 44 8 47 4 61 36 51 0 49 15 52 28 21 63 61 24 36 50 70 9 40 144 57 87 5 46 39 13 0 194 25 25 0 9 54 101 27 2 15 11 49 84 0 127 10 47 79 110 27 28 
14 45 64 36 25 45 8 6 45 0 0 36 46 28 91 0 106 0 58 17 68 48 16 18 18 0 32 58 15 27 4 5 36 28 85 10 2 0 81 0 18 2 0 56 0 54 22 0 56 89 42 48 42 56 0 45 48 66 3 3 28 0 76 0 0 86 40 36 31 39 9 80 0 56 21 0 0 8 130 0 34 67 6 0 109 0 31 0 0 74 92 51 0 60 0 0 0 0 0 63 27 118 82 63 0 69 24 96 100 0 6 58 16 24 136 58 0 0 136 56 63 30 0 32 0 72 16 0 27 30 40 48 16 54 38 20 24 12 108 30 53 0 34 0 8 68 0 44 0 63 0 77 28 14 15 43 32 51 58 52 0 81 12 0 54 34 6 75 44 15 81 75 8 30 0 40 6 24 63 24 51 48 78 6 64 84 54 42 0 35 64 40 0 3 0 6 16 4 31 46 0 64 76 44 3 80 88 1 0 70 25 4 26 0 54 27 54 8 7 52 38 0 15 18 8 18 42 21 55 25 0 89 63 20 0 10 42 46 0 28 12 12 39 20 84 0 56 6 6 30 75 81 68 118 51 62 
34 76 50 132 41 16 70 85 98 156 83 65 122 150 0 108 99 78 89 79 249 144 257 49 122 0 98 93 94 43 4 25 2 111 58 118 1 148 55 39 121 83 2 185 131 82 58 1 9 105 3 157 57 113 24 33 87 56 66 5 58 5 9 0 56 19 167 0 80 59 130 63 37 181 104 44 88 79 45 131 7 7 96 28 76 0 16 51 119 22 80 58 7 18 69 112 8 30 10 77 211 104 60 68 20 120 0 180 178 26 10 54 34 63 148 27 121 89 148 9 64 141 24 100 50 130 142 65 136 34 0 71 101 27 163 89 3 72 158 97 125 182 126 14 78 164 40 43 0 5 86 123 72 52 89 67 100 75 49 123 153 35 94 0 96 12 157 65 18 40 24 105 53 6 41 163 45 72 74 80 35 149 32 63 70 71 55 10 70 7 108 123 84 64 8 113 26 184 61 24 51 74 31 56 0 32 28 13 191 85 44 55 78 14 147 8 52 80 99 7 48 127 36 28 37 9 97 70 138 77 97 56 70 8 72 188 18 8 2 20 74 26 83 24 68 54 0 74 54 52 23 36 55 42 29 161 
143 0 72 28 64 202 18 9 0 54 0 0 0 15 81 56 27 35 3 0 69 33 4 24 216 12 40 2 12 41 0 18 127 0 8 12 0 21 24 48 0 0 100 61 49 10 20 35 0 24 41 58 0 105 35 0 22 90 13 31 0 118 51 48 0 36 34 15 225 18 0 85 64 0 0 88 135 27 28 27 8 54 62 67 15 63 93 72 59 48 0 12 40 35 30 58 35 0 33 70 0 65 78 106 54 12 15 62 18 84 12 39 34 0 4 0 73 0 26 3 30 8 159 8 65 66 0 0 35 89 0 93 0 0 28 0 58 15 49 84 112 21 103 12 35 0 48 37 42 0 49 74 0 0 113 0 63 81 29 5 92 27 56 6 78 0 75 21 15 42 49 18 0 12 48 0 21 56 0 96 38 62 179 6 84 52 49 69 5 48 135 89 30 57 64 40 0 14 0 0 34 63 32 12 58 0 18 30 0 88 0 5 48 72 48 27 36 30 40 89 10 15 48 62 57 97 27 73 0 18 49 25 14 30 38 75 6 6 10 0 53 33 7 0 63 0 63 16 39 42 0 44 0 0 16 98 
36 9 32 40 27 56 37 24 56 142 24 106 45 78 9 65 40 8 34 27 66 50 25 64 0 52 99 0 9 87 16 30 0 153 52 172 45 20 54 78 30 29 7 87 19 74 35 47 14 75 36 73 16 129 53 109 98 61 0 26 67 65 34 63 14 44 193 60 20 18 115 53 64 107 80 10 108 30 36 0 7 107 9 97 15 7 0 70 110 80 24 81 51 25 0 60 101 32 82 20 111 94 45 70 204 38 0 35 43 4 24 36 35 0 62 0 123 65 123 48 44 34 44 114 63 0 100 39 61 15 84 25 57 65 98 23 45 48 117 41 71 115 175 120 0 72 38 14 28 10 28 45 54 11 60 24 41 8 41 99 64 48 46 62 54 20 104 26 12 18 57 89 33 125 0 0 0 20 65 40 120 6 59 15 61 70 57 91 4 89 86 37 176 5 91 91 49 40 24 33 103 48 17 40 0 30 22 101 32 0 20 10 40 12 25 12 73 25 28 54 65 5 16 27 46 14 98 40 36 73 75 8 155 6 0 74 32 0 45 101 45 33 88 56 52 74 72 5 10 37 70 8 48 72 67 123 
95 99 110 100 144 8 83 30 77 30 272 154 125 35 72 52 89 58 55 38 171 51 112 82 120 98 86 154 128 17 0 16 86 98 118 56 28 87 69 86 51 35 53 160 49 93 8 34 105 120 28 105 0 53 0 90 136 16 35 6 0 32 45 46 0 139 140 16 33 54 220 16 98 153 95 54 128 75 113 77 24 229 107 93 22 60 26 78 36 149 74 162 9 102 16 137 7 0 59 82 54 14 80 101 63 96 0 134 72 45 21 143 117 25 40 91 105 112 199 12 206 0 76 126 94 169 30 217 51 5 138 30 62 97 16 80 22 52 116 77 76 98 207 49 31 132 30 3 24 43 51 15 96 56 72 59 117 69 72 126 74 2 30 81 51 48 115 41 193 216 146 93 90 241 134 99 103 179 67 91 20 45 9 2 18 29 56 40 42 50 34 101 31 102 0 92 99 31 0 81 115 23 121 87 88 0 167 12 133 41 113 137 18 78 171 208 34 0 15 50 21 45 20 205 97 30 68 131 113 40 125 78 51 26 40 115 84 54 25 126 60 31 35 34 32 85 24 95 96 75 121 50 26 72 34 178 
33 244 206 40 84 201 189 67 53 56 45 103 46 57 161 72 54 83 164 218 20 175 145 47 76 0 80 88 25 61 4 49 146 3 86 118 65 137 0 48 75 111 111 160 99 4 120 0 36 56 42 132 0 28 122 66 12 124 55 91 55 82 84 98 77 77 142 54 110 60 108 102 79 40 32 100 127 8 85 114 58 88 64 236 61 70 0 162 172 77 114 94 19 15 273 20 67 0 56 57 53 34 57 88 130 51 0 34 48 36 78 177 108 47 124 44 85 30 69 10 13 66 97 77 127 129 110 30 65 2 103 60 87 54 213 127 73 152 42 241 24 57 39 57 25 72 123 32 84 126 40 7 61 36 190 9 172 151 125 59 122 111 35 64 60 104 90 64 44 3 41 33 49 166 41 84 32 175 22 183 60 0 156 7 90 44 164 30 185 120 144 147 12 12 12 101 74 58 130 105 46 189 100 8 35 62 159 0 58 181 68 52 111 128 219 36 24 77 64 62 27 39 65 104 96 125 96 24 95 64 107 15 52 85 69 59 74 78 41 97 43 66 102 238 138 179 104 94 77 75 28 106 64 128 54 68 
44 16 28 27 115 78 30 28 16 35 0 68 99 0 93 24 0 107 4 56 41 112 10 76 5 8 78 0 227 42 0 32 85 54 48 90 37 172 147 0 63 66 99 72 75 48 16 86 7 18 6 124 54 60 72 2 40 0 54 68 97 56 59 40 32 0 48 3 12 24 76 92 52 2 136 74 40 148 72 18 0 8 4 42 71 92 24 159 94 72 42 57 79 32 69 44 18 0 41 14 4 0 43 36 40 81 80 123 217 68 0 42 56 0 7 2 63 8 24 130 42 7 45 84 246 36 26 94 0 36 97 141 20 24 32 28 14 0 8 0 8 8 138 100 74 0 0 15 16 29 0 42 113 227 65 80 0 70 43 0 0 101 0 118 98 109 57 2 14 65 44 30 25 64 63 0 74 121 0 55 78 68 47 28 8 72 109 48 12 42 32 0 126 9 20 62 8 0 63 71 10 45 111 32 105 130 2 35 25 126 114 28 135 18 72 118 43 27 96 70 0 14 15 90 7 27 48 118 89 64 36 30 18 0 96 96 26 54 45 6 9 28 44 0 45 140 0 8 8 50 72 0 27 38 20 86 
157 56 22 158 72 32 48 71 56 103 55 96 56 0 56 0 61 18 56 79 49 107 71 0 68 2 15 130 93 94 72 116 65 16 14 8 15 0 36 58 51 91 19 64 28 115 0 39 24 157 45 48 40 0 12 32 31 49 0 4 63 9 0 24 0 35 0 0 42 28 96 36 27 53 35 62 60 48 108 42 30 132 0 89 76 186 12 63 165 98 65 55 65 59 77 25 8 132 102 42 95 35 58 54 0 85 117 20 69 18 30 7 48 0 24 47 20 0 77 0 80 0 10 131 79 86 84 64 50 5 45 52 49 44 21 116 0 51 27 126 32 54 110 62 36 0 0 21 18 70 98 88 4 0 88 118 21 108 0 4 63 77 46 72 104 24 63 5 109 0 64 108 87 37 132 36 91 47 81 34 16 0 0 65 0 0 150 10 168 0 81 38 88 0 8 169 52 203 112 45 27 92 0 0 41 63 10 24 0 88 90 48 0 81 162 8 44 10 4 148 0 91 84 177 48 24 63 28 148 81 30 7 54 62 0 87 93 78 3 5 108 0 63 9 117 18 83 68 45 18 58 33 179 105 64 97 
72 122 35 0 85 72 30 0 16 0 49 64 0 56 61 16 0 4 65 20 146 0 129 15 150 0 22 58 16 10 0 0 7 0 61 45 0 112 48 21 30 0 3 113 75 49 79 115 0 21 15 76 20 0 0 18 112 40 0 0 58 89 60 10 47 6 109 42 68 38 75 0 35 0 54 0 61 9 31 21 43 18 102 78 37 34 56 33 15 28 129 25 20 33 53 0 0 0 32 0 4 6 82 84 20 4 14 96 2 18 21 69 0 25 32 0 58 112 30 54 3 7 0 38 8 109 40 129 0 105 33 49 55 38 9 45 0 37 7 63 53 16 79 35 83 0 50 0 36 55 0 48 0 42 51 35 23 6 10 81 4 5 102 25 0 0 161 63 0 30 0 47 56 14 0 136 0 56 9 13 24 24 0 14 72 0 0 0 0 0 27 69 0 36 0 24 52 80 55 35 9 40 84 0 0 73 3 0 135 69 46 49 0 63 14 84 0 8 0 76 20 82 67 94 56 18 36 36 80 30 7 0 0 0 63 121 20 36 0 35 51 28 30 111 41 48 46 64 48 67 0 118 66 139 55 7 
54 92 150 71 27 144 138 10 8 118 66 14 30 95 110 27 4 45 28 60 48 12 99 38 120 0 126 24 145 118 134 84 2 28 88 107 0 43 102 57 0 36 124 56 91 109 45 66 7 64 0 94 102 172 60 0 101 94 105 95 6 78 89 0 56 16 0 18 183 108 60 80 30 56 138 102 108 72 95 0 26 18 48 188 70 50 0 64 36 78 18 8 26 151 39 17 45 0 31 22 72 43 62 12 40 24 82 98 70 72 19 6 54 18 64 54 45 12 34 0 12 24 180 164 85 70 34 66 162 148 8 110 0 32 58 154 62 56 64 14 66 54 25 32 60 9 112 0 8 12 25 66 32 8 113 8 75 52 113 166 80 18 33 62 82 93 66 65 130 0 6 15 30 46 47 30 28 6 2 140 0 0 102 0 94 42 54 33 42 36 12 82 82 82 24 86 0 80 86 44 12 62 50 52 12 0 118 70 104 126 36 44 100 14 123 112 0 68 125 48 8 138 6 30 36 90 112 53 48 72 18 106 64 21 0 70 24 28 12 7 150 8 59 56 8 131 62 97 81 60 162 63 6 52 13 18 
199 91 46 99 132 56 112 11 0 120 49 8 56 14 48 27 0 67 78 36 22 28 0 58 25 4 35 6 48 0 41 96 35 15 42 7 49 88 94 42 54 127 8 0 83 87 83 79 176 78 8 75 54 0 0 77 36 10 77 56 61 0 18 111 20 27 0 94 24 37 74 49 56 84 131 58 54 38 0 73 53 134 5 6 0 0 36 56 210 15 7 54 2 42 48 82 0 56 4 28 60 28 63 134 30 79 103 87 35 0 47 42 27 72 18 69 37 0 103 63 60 117 147 37 0 150 58 0 0 84 44 117 29 88 16 43 6 50 38 35 72 57 0 218 30 18 3 74 5 10 64 30 0 34 32 4 135 14 78 0 79 57 21 42 105 120 56 19 54 132 72 30 59 84 99 30 25 130 48 91 43 7 49 94 56 35 123 94 36 83 0 107 99 80 30 34 93 46 72 45 42 13 173 28 10 0 55 18 47 9 60 67 60 40 108 25 0 0 16 216 17 0 0 48 188 18 18 134 49 0 0 51 31 0 100 66 12 29 0 0 56 89 0 81 0 62 24 0 56 21 98 53 36 0 85 84 
20 6 20 74 45 0 28 67 95 30 31 98 84 72 33 40 120 12 1 70 74 4 72 40 11 12 50 49 32 0 37 126 20 77 0 80 8 69 39 0 63 9 20 94 24 0 6 38 0 56 0 3 9 13 24 9 0 20 12 72 10 0 22 0 84 89 82 26 0 39 75 66 32 49 72 45 36 41 39 52 6 0 8 27 62 48 72 2 21 8 24 58 18 54 18 9 15 63 3 127 102 14 22 20 30 24 63 52 17 0 18 9 4 57 40 18 94 0 127 36 45 55 18 64 126 0 0 22 67 16 56 36 63 0 24 0 0 0 113 81 2 133 70 190 10 49 0 51 0 30 52 0 93 18 106 21 6 35 24 40 136 16 42 45 78 9 16 7 21 33 0 205 20 0 0 27 63 99 43 15 48 27 10 4 21 8 16 57 0 22 92 13 88 21 48 97 14 0 0 80 72 40 24 68 0 41 2 0 68 93 18 47 70 78 58 18 5 22 81 0 1 18 42 0 0 0 6 80 106 72 57 7 40 27 57 97 1 4 35 18 65 37 9 31 0 54 24 97 112 78 40 36 22 54 15 72 
30 172 31 86 133 79 78 63 9 154 18 105 78 56 126 28 150 70 48 96 78 121 42 112 84 0 0 193 48 49 28 202 33 24 62 6 18 92 48 0 96 21 84 189 128 72 56 4 16 78 53 166 70 36 36 28 16 42 94 47 0 169 87 50 130 18 133 45 16 15 9 39 72 59 33 56 100 18 89 24 0 3 0 27 57 95 108 113 105 145 44 90 160 137 139 121 120 58 38 149 0 73 58 170 133 0 134 88 101 0 33 0 14 66 83 22 52 12 72 24 33 12 33 49 123 156 113 112 146 42 69 69 24 33 98 59 17 34 107 12 99 57 63 114 80 35 53 49 18 59 106 78 33 62 36 42 33 31 69 18 27 39 108 24 35 92 155 63 0 5 84 142 0 138 112 153 0 103 106 124 56 56 156 42 0 84 136 16 69 110 63 14 174 49 6 32 4 131 53 90 129 48 80 68 28 90 64 0 140 68 42 3 5 123 24 107 12 45 30 103 0 75 24 24 72 97 55 43 0 35 14 115 45 51 104 82 0 49 69 43 75 57 30 63 135 96 86 8 2 118 39 108 0 36 98 92 
15 108 79 143 10 63 54 8 54 78 0 76 73 51 39 12 18 78 81 31 16 8 14 18 36 18 18 0 14 40 42 5 92 9 30 72 0 15 48 14 30 59 94 139 54 8 99 66 12 42 0 39 9 6 36 4 0 14 146 137 65 18 120 10 12 12 59 10 0 32 9 16 85 56 48 61 68 33 49 49 111 25 71 43 30 0 0 56 123 8 201 54 55 135 32 0 2 12 12 68 16 31 23 62 18 95 21 45 95 30 0 112 0 7 32 27 42 0 21 35 17 1 54 112 73 76 108 18 9 14 60 25 31 3 0 75 18 6 36 16 5 12 86 72 45 0 0 52 105 88 43 30 0 0 63 16 9 0 35 28 38 47 24 14 30 9 38 27 45 14 24 25 90 0 21 0 74 55 7 35 22 21 35 12 5 0 18 0 120 0 19 0 25 81 56 130 29 0 40 29 12 53 0 42 6 64 21 0 63 72 93 34 10 79 81 36 0 96 4 16 71 45 44 100 47 72 90 30 51 0 1 4 42 0 50 46 8 78 36 24 18 85 48 7 41 0 2 53 87 3 31 110 38 24 1 0 
153 71 119 125 77 16 25 57 47 129 0 13 115 54 69 160 42 107 49 20 5 43 43 16 71 35 81 39 191 75 0 18 63 84 64 18 134 68 76 74 72 87 35 50 160 63 87 39 35 27 16 122 62 4 10 78 45 0 92 105 63 24 130 116 89 154 173 95 0 61 102 5 81 15 133 24 45 91 147 4 3 66 134 66 36 60 127 90 251 69 18 98 11 148 58 0 0 46 26 4 0 64 25 54 0 92 0 47 54 0 27 93 0 0 143 84 64 12 16 97 75 30 0 160 143 0 70 114 48 76 99 115 72 12 38 28 0 108 21 61 59 60 124 105 88 40 81 41 0 18 83 3 0 114 75 120 24 72 7 125 55 210 3 64 30 113 116 0 0 84 64 64 15 216 56 18 239 249 61 106 90 2 18 0 158 87 30 86 24 0 6 87 36 8 45 66 52 75 75 94 92 114 98 50 73 53 60 17 40 96 113 91 20 80 136 56 6 55 125 150 52 37 111 18 8 45 25 118 111 48 77 48 63 21 118 163 138 118 10 90 161 18 98 42 109 8 18 115 196 91 60 218 139 186 85 49 
54 6 15 190 101 3 140 52 31 36 104 22 21 64 234 12 101 77 45 27 14 60 109 3 100 24 24 69 90 123 26 0 62 0 76 49 47 57 99 37 189 35 72 53 64 6 39 0 28 107 30 63 73 69 110 33 86 45 141 149 92 54 57 99 60 20 81 114 117 65 94 47 152 81 62 37 69 150 51 104 8 90 1 132 75 54 0 114 66 48 36 123 26 75 67 52 102 7 93 21 0 33 70 14 0 83 24 106 51 78 54 119 150 7 113 17 92 90 80 39 67 31 20 36 102 46 24 64 160 81 30 9 75 83 36 54 32 14 33 68 107 50 83 48 75 18 18 20 31 74 85 71 21 35 49 60 55 96 11 103 44 60 101 12 123 82 140 2 156 48 113 56 24 82 84 69 54 129 64 67 42 96 18 55 232 6 69 4 99 81 29 16 76 6 48 185 76 60 91 156 135 178 26 24 18 62 45 28 59 106 0 93 56 58 174 49 17 63 67 115 21 54 0 54 78 72 105 169 220 144 103 30 57 18 24 88 77 66 12 164 117 93 195 54 42 25 2 124 25 96 106 52 84 48 42 21 
63 99 0 198 63 72 41 39 22 44 56 102 188 103 111 57 0 38 46 20 0 112 74 20 87 9 156 105 133 96 82 135 9 0 72 85 45 24 48 120 52 166 36 189 36 45 101 28 0 25 40 108 52 64 164 32 10 66 55 61 250 13 36 20 20 92 92 30 15 76 100 102 28 14 45 0 86 20 80 30 26 0 85 59 14 139 17 80 273 32 52 87 53 66 135 40 77 87 0 68 14 36 42 118 91 65 72 42 93 23 21 162 58 26 54 58 28 89 146 65 0 28 0 66 183 7 224 102 53 62 63 62 82 19 128 80 40 82 128 109 45 56 144 81 64 0 45 17 45 103 20 48 20 154 113 159 85 28 35 56 35 81 107 86 98 58 28 0 0 52 56 76 30 19 39 24 35 35 200 9 51 28 23 75 71 18 81 51 71 110 119 6 124 76 67 0 0 64 61 81 0 40 120 14 59 94 95 30 119 80 175 0 21 138 42 119 73 16 94 193 57 45 151 132 0 5 69 50 8 106 5 139 30 135 117 30 18 102 15 54 111 59 33 102 99 144 64 53 56 31 9 94 0 0 22 109 
10 78 10 48 80 120 22 75 32 6 193 155 65 64 105 33 57 24 4 54 16 122 74 120 149 55 12 0 33 42 96 211 206 30 138 16 16 124 53 8 109 106 148 60 94 130 46 131 79 71 35 211 5 33 156 82 24 111 15 60 21 191 24 127 51 51 56 144 44 57 75 53 29 24 87 72 50 0 100 56 0 144 15 3 45 17 125 141 40 145 90 126 17 62 64 127 49 36 18 88 26 8 17 30 55 59 48 90 114 0 6 86 135 45 68 45 96 1 117 41 120 50 64 100 96 8 91 48 24 114 72 72 84 55 52 101 14 52 41 223 126 21 106 2 0 60 8 8 75 24 12 134 59 137 0 43 18 0 45 0 47 90 52 31 331 0 10 90 27 65 21 30 87 31 122 18 28 43 71 21 109 99 89 114 25 64 6 25 141 30 27 64 84 79 118 175 81 24 49 63 7 38 52 16 75 86 0 0 0 30 5 121 72 143 202 72 105 25 59 159 31 0 36 66 36 30 168 63 52 60 0 39 93 24 62 72 44 79 9 54 116 98 29 87 3 134 50 34 9 109 0 86 6 12 25 89 
7 75 33 81 106 130 200 124 5 62 6 101 81 92 7 32 0 85 40 36 83 0 35 44 36 18 0 38 76 99 59 2 34 109 116 19 11 0 0 12 0 62 141 116 81 17 45 25 127 48 38 103 53 62 47 69 15 133 53 20 25 54 111 44 8 44 49 63 72 21 107 5 79 110 126 32 104 36 196 69 21 25 30 7 25 21 6 57 62 22 76 222 98 128 69 69 31 12 56 115 107 104 40 81 72 33 51 76 17 26 9 18 120 14 5 47 61 27 91 72 4 99 8 125 55 109 6 126 111 23 25 65 25 60 14 48 33 63 127 105 20 46 24 155 52 66 28 0 7 89 60 0 69 87 3 8 48 175 2 73 23 45 150 15 92 44 34 126 96 41 32 177 6 70 142 0 122 115 68 39 73 88 27 77 100 94 157 12 90 0 0 30 82 39 15 17 6 1 39 106 189 0 36 80 56 10 114 48 97 17 3 55 10 24 78 191 19 34 45 13 8 133 8 30 43 83 107 96 0 0 44 167 2 112 56 30 39 59 58 45 53 0 16 75 58 0 7 92 36 140 52 2 28 9 51 151 
4 50 66 31 15 96 40 87 148 157 0 45 0 111 97 20 117 54 59 34 18 195 130 12 88 33 156 0 207 0 28 28 0 56 94 48 51 126 63 0 2 0 12 28 44 0 30 58 43 9 83 173 0 0 54 56 125 0 74 83 84 32 83 33 0 90 27 22 81 18 0 154 50 0 36 15 21 87 58 33 14 0 9 82 60 71 21 0 66 12 72 141 12 93 44 0 15 0 24 49 30 195 23 24 35 27 39 53 127 81 0 48 36 0 67 0 31 98 3 45 0 0 88 161 114 44 74 45 61 33 137 42 49 60 63 36 56 24 24 54 196 6 162 107 24 0 28 9 51 96 0 0 44 87 12 33 15 0 53 0 26 52 26 66 24 24 102 92 23 7 6 6 0 72 51 18 69 42 36 0 45 50 60 0 62 0 24 18 49 56 56 28 205 29 12 57 41 9 131 30 87 4 112 25 35 114 74 9 125 124 101 0 84 42 21 77 0 35 66 96 0 0 61 74 30 72 12 63 81 33 0 16 15 0 86 78 0 69 0 37 81 54 159 54 88 0 12 64 60 0 15 5 27 0 95 99 
36 40 34 12 49 21 10 51 11 0 42 26 84 10 16 24 0 14 17 2 76 0 18 24 17 8 0 76 50 38 14 43 58 0 36 33 16 47 3 10 63 28 24 22 0 0 2 0 9 39 24 4 18 0 0 18 26 38 0 0 14 18 21 12 0 36 53 0 0 21 20 0 18 0 10 6 0 0 42 0 66 4 0 0 2 48 12 157 18 6 49 20 0 5 0 0 14 12 0 8 17 12 30 14 18 57 3 66 90 46 0 56 0 0 2 4 86 28 0 21 59 21 37 24 16 0 0 32 22 21 82 24 73 9 70 4 13 18 74 22 76 30 26 0 27 6 0 0 2 2 0 0 60 45 15 0 65 83 35 0 0 35 31 18 43 119 37 21 0 70 16 34 0 41 15 58 60 59 44 57 0 0 6 4 53 0 12 0 70 32 46 39 0 34 0 0 0 29 36 0 56 24 18 6 44 80 10 78 9 31 0 54 110 30 35 41 60 8 0 24 79 7 9 22 0 30 0 78 22 66 0 4 21 15 55 45 5 39 0 4 10 12 0 17 71 80 0 0 6 38 54 49 1 16 7 0 
49 66 89 74 14 160 36 47 12 96 35 51 54 188 231 38 88 121 159 44 111 28 76 28 148 32 36 19 70 54 131 4 85 67 111 142 31 70 0 75 165 66 27 126 32 0 86 21 116 147 0 67 35 148 97 27 58 44 201 129 102 72 118 44 82 126 83 12 14 99 78 0 20 29 185 108 90 6 9 20 110 50 52 149 64 55 55 135 205 25 87 57 8 126 12 45 63 31 56 202 75 45 129 153 159 81 84 77 123 1 14 108 0 9 42 46 117 59 126 48 68 0 84 39 96 51 64 88 113 39 99 100 63 11 72 13 87 0 21 79 98 168 230 151 84 45 28 36 31 8 4 62 40 85 86 37 84 54 31 109 76 35 54 118 96 47 33 21 3 0 40 64 26 105 0 18 61 200 64 50 0 61 28 26 153 54 27 42 42 62 72 42 70 0 54 110 86 101 49 81 97 100 12 53 51 51 53 149 63 27 36 60 92 258 138 22 25 27 49 121 144 18 28 4 68 113 14 173 102 85 57 54 27 86 166 103 40 60 36 26 86 120 48 19 4 127 81 100 103 162 77 150 56 121 5 42 
0 101 169 10 0 51 123 66 40 120 71 46 56 44 56 30 20 26 105 65 79 48 127 14 99 27 169 44 51 0 28 61 72 18 81 137 0 138 120 68 14 44 135 145 14 80 75 36 79 16 84 96 103 75 9 49 32 152 72 0 141 18 150 24 48 8 10 0 0 38 69 58 0 72 139 16 20 0 45 16 0 0 0 93 90 92 36 32 144 80 73 132 41 28 12 16 29 38 22 39 85 163 42 32 27 146 88 36 58 6 47 51 14 25 183 28 22 41 18 18 32 27 120 78 116 49 97 8 38 57 56 70 74 8 144 41 79 128 0 10 126 6 56 20 0 98 42 49 51 85 54 0 12 31 41 0 112 40 146 63 85 24 43 0 167 87 51 72 72 42 4 40 54 0 10 25 0 39 0 18 20 48 96 67 111 20 52 0 85 66 35 32 81 82 18 0 8 12 112 36 119 69 0 27 40 24 131 41 38 67 72 71 90 14 105 54 73 46 51 22 20 163 54 68 93 8 67 2 66 0 58 63 16 14 88 213 28 24 50 51 63 4 67 93 56 32 36 96 99 125 60 155 14 84 42 49 
30 75 36 74 96 59 51 2 58 91 128 62 33 71 76 16 16 40 62 0 1 31 62 11 62 87 44 90 12 104 94 96 51 7 0 58 12 74 156 47 77 0 144 112 48 13 64 28 51 27 0 47 0 10 52 70 0 53 96 168 110 80 42 45 16 16 39 72 61 0 69 8 52 71 76 0 57 94 143 10 37 41 21 0 40 75 100 89 97 8 108 78 40 57 22 76 52 56 56 0 84 61 72 16 76 18 64 22 124 19 56 86 65 68 133 40 2 132 0 6 0 52 125 21 4 12 99 42 78 147 10 47 76 54 43 168 37 84 14 0 64 120 30 16 70 61 30 35 0 5 30 42 1 35 152 12 19 0 38 91 0 95 18 7 138 4 95 129 75 56 60 74 183 48 53 64 101 89 68 4 17 56 15 0 61 15 61 90 88 0 127 0 35 5 100 17 42 36 66 73 0 64 28 46 69 44 70 73 52 20 98 80 1 129 68 78 107 80 74 85 12 24 45 106 52 74 102 74 72 0 48 0 38 58 46 30 4 56 95 193 90 95 73 6 84 93 30 65 6 16 86 59 27 0 5 32 
70 0 35 18 72 44 7 81 14 156 32 136 0 37 40 51 97 101 68 5 54 72 40 69 150 3 0 46 136 72 61 125 76 23 79 46 20 53 0 106 102 91 0 8 75 11 3 0 4 114 20 60 1 72 49 0 88 23 81 55 78 146 96 114 18 10 2 30 56 106 121 72 60 42 12 19 9 26 59 8 22 78 25 22 23 90 24 105 33 8 64 68 32 97 50 36 16 80 83 66 56 76 0 29 70 122 19 8 61 0 0 58 0 76 36 102 48 36 11 8 17 80 12 74 63 93 32 0 21 46 87 120 68 117 185 13 90 56 91 45 126 136 65 133 86 42 16 24 31 84 0 57 12 38 39 14 35 44 117 72 14 179 52 88 99 71 14 0 56 30 125 10 49 167 18 62 58 14 86 5 99 6 102 78 60 54 68 39 60 57 72 42 81 0 68 49 20 96 0 57 1 20 34 52 48 13 5 21 82 51 48 28 90 61 18 47 105 41 6 153 7 4 5 62 39 9 62 112 73 4 8 36 106 30 159 0 89 59 38 0 0 57 191 114 16 40 76 9 12 58 2 84 99 58 4 41 
102 62 36 56 84 28 44 114 0 166 49 30 54 77 27 70 135 40 102 55 0 92 21 0 96 0 40 120 252 77 36 48 7 18 53 23 93 54 71 82 171 144 74 42 87 12 37 53 74 109 37 69 48 36 21 40 140 42 51 16 34 60 38 35 40 22 5 6 28 15 223 128 86 102 49 80 45 75 69 58 41 20 37 158 18 42 0 0 101 32 12 110 73 65 0 21 49 0 69 32 20 71 24 15 64 28 48 8 88 123 7 0 88 45 50 4 24 0 72 105 0 97 54 36 69 35 7 112 101 52 49 0 12 31 72 9 16 12 80 28 28 103 54 34 52 71 8 25 8 69 85 37 0 18 21 100 0 140 48 37 20 93 65 0 26 0 31 82 92 47 156 101 57 224 72 80 67 10 0 106 50 48 42 76 137 40 122 143 46 106 28 8 28 4 93 95 84 72 23 99 72 54 32 58 38 0 30 53 57 136 53 33 23 6 79 145 20 77 0 158 45 0 45 97 0 15 81 56 9 9 15 3 0 62 16 54 101 70 51 55 54 32 66 94 71 73 0 40 103 7 82 57 91 49 56 91 
62 125 16 30 56 20 12 64 35 128 63 69 24 61 27 48 81 43 3 0 9 35 66 20 209 70 79 127 6 0 38 121 57 0 60 22 44 101 23 27 60 106 171 137 84 8 94 75 28 78 2 32 27 126 139 27 40 73 73 0 121 114 57 0 126 12 48 21 48 24 5 44 50 0 0 36 137 98 30 18 57 22 0 78 28 149 42 0 126 44 95 25 30 124 65 77 0 0 99 0 0 76 58 68 0 0 12 0 84 131 16 23 97 102 19 56 54 71 24 90 45 40 64 72 183 26 78 122 114 65 47 69 0 71 130 72 0 22 125 133 18 40 136 81 25 82 4 91 24 127 31 165 0 18 45 0 63 8 44 65 16 10 48 49 35 27 104 96 0 31 131 115 117 126 63 45 117 0 12 58 54 48 30 21 65 35 106 11 81 64 54 64 36 18 4 85 36 0 105 83 70 0 27 103 32 12 67 65 12 110 16 0 0 169 40 62 0 189 11 110 16 10 8 108 12 0 4 87 7 62 105 17 36 129 5 0 14 3 78 73 66 71 90 72 54 126 46 64 69 78 90 50 43 3 22 132 
129 45 28 82 0 146 16 136 67 78 5 15 9 16 104 16 63 99 83 70 31 47 38 6 35 0 15 48 55 6 49 30 77 9 56 27 45 25 62 90 128 97 31 79 70 18 39 25 98 82 83 92 24 24 17 16 66 13 70 2 35 40 40 86 133 40 64 87 79 96 54 112 0 95 0 55 107 87 36 76 0 123 58 92 75 111 79 72 32 19 62 146 0 119 52 90 56 6 0 161 30 99 0 39 49 141 47 120 157 18 0 0 33 36 69 59 56 123 60 0 46 2 0 12 89 40 127 32 130 8 102 66 55 80 66 48 36 23 28 104 103 59 104 171 45 47 14 94 0 81 35 180 8 30 44 12 106 36 18 19 105 105 139 56 144 29 3 84 9 14 8 162 3 45 6 51 30 0 47 35 94 1 79 102 21 46 64 34 20 74 53 16 119 14 45 197 67 222 103 90 122 35 73 127 43 90 105 11 73 186 21 0 29 7 86 36 59 0 19 67 72 24 31 20 0 24 6 156 56 18 20 46 89 16 128 27 12 4 79 89 15 35 168 103 125 48 39 5 3 87 72 39 90 10 21 72 
2 18 18 73 49 80 53 7 13 90 78 112 5 18 71 45 0 16 33 21 47 0 49 58 21 49 0 70 77 116 30 72 166 28 40 86 9 4 24 18 152 45 100 0 97 25 1 43 54 63 78 24 60 158 109 32 79 32 96 72 47 97 54 87 0 94 28 87 12 77 0 56 109 52 82 10 42 88 82 25 144 80 56 24 27 132 36 92 76 8 76 104 0 40 0 46 42 72 24 8 0 7 2 2 0 38 72 6 40 82 24 98 102 0 40 3 188 25 38 56 20 16 0 100 53 3 48 0 16 135 31 96 36 30 16 34 27 66 108 48 0 63 36 86 0 8 14 32 25 4 45 130 133 13 79 0 94 76 71 99 15 108 99 121 169 75 58 42 117 136 36 43 15 94 48 80 150 108 0 225 96 59 36 36 129 0 132 16 0 0 12 16 32 15 14 48 28 22 88 0 60 68 8 64 72 64 68 52 10 77 93 83 0 27 54 8 56 49 30 53 96 0 8 5 32 40 206 165 16 66 52 0 76 47 42 27 69 55 16 0 34 65 0 16 81 39 42 36 37 60 72 40 21 9 40 37 
72 95 60 55 0 63 95 42 104 54 0 105 48 97 64 96 20 0 5 0 32 0 7 6 22 36 18 69 63 12 60 0 8 94 0 105 90 63 0 0 141 95 111 48 18 28 35 69 68 1 51 24 1 96 52 4 30 18 83 27 18 52 12 71 12 30 0 7 0 81 0 18 0 54 48 23 0 81 45 45 98 107 4 104 0 81 0 0 51 17 0 63 44 27 18 15 6 63 44 92 0 240 72 42 30 9 0 90 36 7 59 4 124 24 66 12 76 92 42 1 22 92 4 42 14 0 42 20 45 0 30 60 45 0 0 51 0 137 0 27 33 63 0 116 80 45 0 93 0 7 34 54 0 0 114 45 21 18 18 135 0 102 122 63 0 8 138 108 105 56 112 0 16 98 63 72 86 55 58 0 0 73 6 54 63 30 90 0 6 0 99 14 10 0 3 6 105 22 0 90 30 70 105 87 9 36 45 52 38 30 0 14 42 24 28 36 38 33 56 147 81 48 8 63 112 0 0 72 7 0 4 9 46 156 0 99 42 169 36 9 36 81 48 141 97 198 9 102 54 18 72 69 42 18 48 0 
54 57 67 49 17 43 32 0 52 49 35 94 16 29 75 51 115 0 0 53 0 49 70 0 0 0 134 88 99 30 56 37 45 0 92 0 4 28 21 84 35 59 49 157 141 20 94 93 0 133 15 139 14 7 0 13 12 63 40 72 85 43 6 24 17 9 44 60 58 27 72 45 0 134 0 8 33 25 6 77 3 38 23 49 24 110 68 48 137 24 56 54 6 63 30 38 65 3 39 45 91 60 6 0 0 56 38 24 112 0 0 15 68 28 2 43 6 43 59 30 21 55 2 38 84 64 141 56 128 16 9 54 103 2 108 108 6 94 78 41 69 57 0 3 33 56 18 22 15 0 0 54 0 116 21 5 72 32 56 0 61 51 14 10 68 6 66 108 63 35 74 31 109 0 73 30 38 37 9 54 16 113 71 54 35 27 30 0 103 4 42 13 75 59 0 30 75 51 89 72 40 21 20 11 46 12 12 14 0 34 73 0 0 28 161 35 16 74 20 23 7 3 0 96 19 8 12 73 56 37 32 9 32 0 63 45 10 72 24 7 48 73 15 6 8 48 32 8 0 0 56 34 26 9 0 77 
96 5 78 84 98 64 22 110 21 48 56 45 0 127 22 63 40 42 29 40 85 26 86 0 78 8 81 77 81 0 12 40 59 59 10 80 148 107 5 20 96 30 96 19 62 14 96 16 77 176 49 29 44 66 36 7 154 64 111 25 81 40 6 58 0 12 103 95 120 16 52 167 39 50 92 30 76 30 81 139 97 83 20 51 78 90 29 93 69 36 0 46 78 17 57 46 108 25 84 38 24 64 118 72 109 24 10 137 10 69 37 15 178 73 10 0 50 34 0 104 24 90 104 91 86 7 48 56 12 44 4 101 55 1 64 49 111 62 69 32 36 156 28 54 109 128 12 115 0 75 46 74 8 165 147 53 11 90 48 63 56 20 50 96 113 94 20 9 63 88 27 122 72 8 69 5 24 58 15 64 10 56 166 60 172 32 44 37 20 69 190 75 160 99 33 68 14 12 108 91 101 74 96 37 20 92 71 28 7 73 45 26 88 37 49 155 0 46 51 156 16 38 28 132 0 36 6 9 56 41 32 45 204 109 23 185 41 36 125 73 23 45 32 0 49 186 70 42 17 53 142 82 53 78 53 80 
99 33 34 22 24 16 12 41 54 55 86 0 56 42 13 24 54 15 30 61 89 24 66 30 46 54 63 144 45 85 60 115 56 21 87 76 24 78 0 70 26 79 98 50 123 77 5 0 74 0 18 54 115 18 40 0 0 97 63 15 0 18 24 32 105 63 19 19 9 53 36 0 0 0 47 16 55 36 51 0 47 5 170 35 57 106 35 53 7 73 63 51 3 63 63 0 0 73 35 7 77 35 18 48 78 85 62 28 115 54 3 12 0 48 58 48 88 41 0 12 0 20 56 56 92 50 36 3 33 36 30 114 103 0 0 0 0 35 72 0 9 32 32 0 4 8 12 1 0 0 16 24 0 1 54 18 67 36 0 105 7 9 73 42 33 131 40 24 42 64 8 37 27 29 93 0 26 42 0 3 0 0 42 28 35 126 0 27 49 0 49 54 119 0 54 0 12 27 90 14 31 92 15 51 0 59 57 16 12 78 0 85 7 36 0 54 56 6 23 71 72 124 121 65 16 80 117 48 23 8 7 16 69 0 0 74 69 11 47 75 258 53 90 130 76 9 48 92 141 30 120 105 12 132 20 0 
64 92 0 17 0 27 7 25 50 81 17 31 8 9 45 26 31 38 101 112 27 70 15 12 122 8 78 76 105 14 128 63 146 12 24 118 18 38 0 43 49 101 20 56 117 37 161 24 52 160 35 68 96 21 43 92 28 118 68 74 131 43 28 72 8 16 68 135 56 67 8 127 46 16 58 0 19 12 110 61 69 80 31 103 85 48 24 25 142 60 56 71 0 16 92 66 33 20 58 12 21 19 54 82 29 0 84 32 26 28 80 58 46 93 36 83 24 45 71 207 28 0 103 74 85 72 158 14 18 156 40 56 131 29 67 68 0 48 21 44 57 38 117 36 0 16 0 133 8 39 2 52 72 165 67 59 75 26 14 65 10 80 16 0 130 30 41 125 17 0 15 93 93 75 41 51 5 28 52 2 17 8 48 26 55 35 53 58 57 49 71 49 129 0 16 78 121 35 249 85 52 64 6 63 0 88 9 36 57 84 98 8 32 69 157 51 8 63 79 97 46 4 20 94 42 49 52 32 0 14 37 49 62 16 8 89 60 0 12 12 0 155 70 94 33 36 108 32 30 40 10 30 149 116 23 150 
74 153 23 7 89 27 142 52 24 128 54 33 33 122 211 54 63 18 67 0 93 144 36 9 225 15 85 9 96 86 25 72 24 7 134 82 94 95 149 15 30 183 25 98 39 112 54 0 54 112 13 191 40 144 219 43 199 85 132 45 95 30 83 0 15 138 100 112 80 93 0 165 112 58 72 58 33 88 68 81 102 30 130 174 232 99 169 134 54 49 156 112 52 10 205 69 205 102 189 36 24 42 64 54 97 54 70 102 102 93 78 106 85 0 152 18 27 36 25 174 21 51 176 58 196 40 42 6 59 87 148 87 71 21 132 206 12 0 96 145 40 140 156 44 84 64 34 21 54 211 18 60 17 190 233 105 3 90 83 84 5 198 140 53 305 100 40 75 24 14 55 154 24 123 10 56 142 0 84 36 14 123 72 121 126 36 130 144 86 133 131 84 56 24 8 96 81 16 182 9 123 50 67 5 32 99 111 126 46 60 0 9 0 0 37 4 27 31 41 162 0 83 84 15 121 90 0 2 74 131 104 93 126 153 107 76 150 110 19 62 153 279 18 24 88 154 102 75 81 53 108 119 120 102 99 35 
90 52 64 83 112 240 47 68 127 18 48 89 45 123 77 29 126 40 46 91 70 125 44 40 101 82 27 59 103 81 114 52 6 56 144 34 0 225 15 71 174 60 65 71 63 138 21 83 78 72 12 154 15 61 63 27 58 136 70 36 2 62 28 63 15 93 124 71 41 9 121 94 66 96 60 16 51 76 110 58 79 65 115 60 50 35 79 93 42 183 34 108 24 60 30 90 50 6 60 89 74 7 78 55 120 60 20 27 70 50 6 44 111 64 10 106 85 98 47 53 22 135 86 138 0 87 24 52 68 57 54 117 41 51 105 120 7 55 78 150 113 182 167 114 73 93 63 0 40 78 24 8 97 30 88 56 71 30 77 87 54 65 18 86 135 18 58 81 47 30 12 120 56 78 145 45 65 158 20 48 122 140 44 0 178 106 81 14 113 118 53 58 71 49 16 138 44 60 97 50 60 0 66 10 45 50 35 23 165 94 76 58 94 93 128 54 42 48 28 34 94 33 21 34 36 25 217 82 66 2 84 30 53 98 150 144 66 63 111 87 123 75 36 29 46 67 36 110 129 82 2 84 42 2 35 108 
33 88 166 49 120 101 136 133 64 23 24 30 5 0 162 26 68 31 93 93 56 96 44 94 115 0 81 32 78 149 24 34 111 68 118 61 136 125 30 4 63 28 190 70 48 118 118 93 59 97 24 149 62 160 21 98 24 121 8 62 44 32 24 135 193 153 0 62 187 75 117 0 0 226 68 45 115 93 163 49 0 30 33 0 16 67 115 67 90 115 18 183 7 111 0 0 161 66 9 24 146 130 80 62 0 18 10 95 132 72 0 128 0 0 195 69 54 78 55 123 0 6 102 114 74 152 26 118 152 31 81 97 72 50 68 111 81 28 160 74 34 12 103 0 58 72 20 136 0 176 94 155 73 59 50 126 174 112 68 225 40 24 40 0 109 58 108 54 59 62 43 97 0 68 10 94 148 64 4 72 0 0 121 38 258 37 148 58 127 136 81 59 64 8 60 111 82 164 83 80 31 41 108 89 81 56 115 50 66 112 31 15 63 48 65 50 8 105 33 24 55 84 25 30 36 92 62 120 35 92 5 84 63 79 61 19 26 100 22 45 58 44 71 46 0 129 22 15 57 46 72 182 28 40 0 82 
129 33 102 74 62 56 24 26 63 20 24 4 40 38 10 51 0 62 50 0 13 82 18 4 53 7 0 9 184 168 20 4 70 78 93 16 36 24 36 83 12 19 13 0 63 32 129 81 0 121 0 64 6 85 29 71 46 162 39 14 22 83 0 68 4 81 20 47 107 41 82 45 12 37 106 53 142 0 148 0 36 37 24 0 34 94 36 31 48 26 5 30 6 141 34 49 0 18 61 41 85 0 75 0 125 74 12 137 78 0 26 38 62 2 61 40 21 49 71 81 70 48 68 0 34 105 6 116 179 12 12 105 28 46 5 11 36 8 142 0 95 65 102 68 12 0 4 0 49 40 0 8 4 96 56 40 36 45 36 12 0 30 45 81 63 30 0 55 62 40 25 52 44 77 42 36 49 51 24 48 72 43 103 63 151 36 56 36 12 40 11 16 0 0 18 32 4 37 23 36 82 36 0 15 63 50 82 24 18 52 20 6 83 8 20 12 42 18 30 18 138 21 14 85 12 141 85 48 20 48 12 39 45 0 74 85 0 14 0 96 36 6 0 58 30 5 42 77 72 8 48 44 8 24 0 96 
