5 56 70 93 16 77 20 46 48 28 38 0 37 21 0 43 18 82 80 28 123 27 56 47 94 48 79 45 61 19 99 5 24 0 38 6 72 18 119 192 100 39 130 66 63 0 136 48 63 0 91 94 48 20 0 54 117 0 32 90 63 52 145 0 65 18 0 87 0 19 72 117 92 4 70 0 232 50 0 103 50 8 66 22 150 120 33 68 0 88 86 36 0 37 146 3 30 36 60 16 6 162 2 88 66 68 9 76 99 2 130 16 66 6 74 67 8 49 0 66 47 32 0 37 21 90 49 0 81 0 4 40 45 197 2 97 37 68 83 74 3 63 40 1 42 119 22 18 36 45 118 93 40 81 29 15 88 47 97 14 42 44 80 8 76 38 120 142 49 27 74 42 182 10 88 16 90 0 55 27 27 147 189 45 141 4 92 23 82 11 70 123 107 46 3 76 35 82 148 28 40 18 72 159 76 218 62 60 7 0 91 60 60 69 138 216 83 0 36 4 124 59 30 142 0 76 88 37 96 147 108 36 66 0 30 73 23 99 114 10 100 28 0 69 12 118 86 44 125 48 47 9 63 35 16 73 
15 53 33 80 3 79 94 76 28 6 33 26 68 67 159 24 94 70 72 42 83 39 194 59 28 70 85 100 91 190 21 71 76 1 57 77 75 72 61 14 78 107 30 85 0 42 21 18 88 3 12 79 12 74 0 4 0 15 0 47 21 81 81 16 96 15 22 51 15 96 3 9 35 9 36 8 64 90 38 25 8 79 67 0 55 44 52 23 30 45 23 90 56 105 103 64 99 20 31 8 81 75 33 65 153 124 84 39 69 3 72 106 73 35 107 74 30 57 93 43 54 70 51 71 56 0 78 47 45 12 43 92 7 49 22 69 23 0 36 3 54 15 39 34 0 7 103 27 45 36 23 45 0 33 7 38 15 179 42 81 53 57 67 139 76 65 12 57 64 44 83 63 0 3 18 32 48 13 0 116 37 38 8 25 0 18 32 57 23 15 55 24 94 31 12 0 83 24 17 0 0 12 65 15 56 22 46 61 48 6 2 93 54 70 53 64 28 8 31 91 40 80 30 38 30 34 84 18 62 80 0 121 38 101 60 10 68 70 13 73 62 1 20 32 3 63 151 94 49 24 24 65 57 68 6 83 
10 109 0 59 31 34 0 75 54 75 40 0 10 68 14 69 31 82 44 7 0 107 138 75 43 54 152 22 24 130 16 99 0 63 119 77 46 42 59 54 23 10 70 0 21 24 22 94 42 52 61 77 57 69 32 24 66 117 18 84 2 43 25 110 89 65 0 48 0 167 3 113 112 0 9 0 21 58 58 2 21 99 60 2 44 40 31 5 67 27 18 22 14 21 20 28 59 46 112 32 59 102 53 50 23 7 27 82 81 12 86 26 125 76 94 0 128 39 0 104 120 50 56 0 35 60 69 90 20 9 22 4 14 132 16 105 161 9 59 84 87 78 16 72 68 30 100 18 21 24 24 37 56 82 16 8 0 107 106 72 6 0 26 71 67 8 48 37 107 134 64 0 45 21 32 4 37 54 14 9 14 148 56 0 92 39 108 61 31 56 64 72 76 65 60 18 93 96 81 21 109 12 49 76 8 106 20 21 54 105 0 92 0 39 15 52 101 72 56 23 69 54 99 23 73 152 62 73 124 23 69 84 10 21 52 36 26 33 142 74 16 60 28 9 4 71 86 26 97 52 49 35 29 0 62 41 
53 100 0 0 51 65 43 86 100 28 32 4 6 94 267 81 98 38 45 80 9 0 202 80 118 99 73 104 78 235 0 104 24 8 75 95 51 117 16 0 122 4 0 42 96 68 78 0 41 81 28 15 42 62 40 0 48 36 64 96 127 155 41 117 35 114 47 8 63 8 0 0 59 111 65 50 34 40 21 16 0 115 28 0 0 189 12 18 12 26 20 219 24 56 96 27 80 65 48 14 156 94 110 18 70 0 100 44 78 36 75 148 72 66 0 8 67 95 14 51 102 32 51 28 75 24 62 26 0 63 14 0 102 48 51 21 36 52 140 35 35 69 36 30 88 154 45 12 51 35 18 10 12 61 28 39 29 101 90 56 90 46 12 84 72 90 51 52 36 24 21 4 91 57 97 18 57 6 12 10 96 68 16 52 121 35 53 60 48 52 99 9 63 18 51 46 141 68 0 27 15 18 12 70 62 10 45 72 136 193 18 153 76 103 134 82 39 77 0 101 0 149 64 24 138 27 0 9 51 0 39 72 0 50 33 4 160 49 98 18 70 0 91 84 102 98 90 64 45 80 16 104 28 56 0 105 
92 0 64 18 49 21 0 6 128 78 145 21 78 80 33 28 17 155 33 0 0 0 32 16 15 41 90 36 0 56 36 89 15 6 6 93 11 24 8 31 153 29 63 39 34 27 63 0 17 37 92 106 0 118 6 2 108 56 9 106 24 27 51 44 44 0 35 72 21 77 16 9 90 19 27 8 18 16 9 4 18 72 23 65 188 47 32 27 110 32 19 42 12 102 24 69 39 40 22 0 56 99 27 0 27 130 82 33 20 31 22 30 80 0 51 75 54 27 89 8 78 68 30 0 14 0 52 66 75 31 63 108 117 96 28 36 8 0 22 75 149 163 57 24 76 0 49 30 12 34 21 150 120 90 18 28 32 18 90 39 71 22 155 64 53 77 92 6 26 99 59 84 15 0 34 21 154 67 47 8 19 19 53 0 71 50 0 56 20 103 49 36 50 43 47 21 65 75 51 57 0 58 94 30 76 61 78 28 56 0 21 73 89 78 225 33 0 61 0 175 57 19 15 24 24 32 0 6 79 6 40 52 56 21 39 7 18 63 95 8 27 7 45 12 36 42 112 24 16 25 54 21 160 68 77 86 
49 62 53 0 25 119 120 71 12 60 10 33 8 55 40 15 21 51 4 15 0 26 50 0 5 98 99 46 0 40 77 0 35 59 0 0 81 70 21 58 16 61 26 25 76 21 5 135 42 15 38 40 51 74 138 140 0 12 14 32 49 39 48 37 94 25 61 45 5 129 34 32 17 50 57 35 85 40 9 54 77 0 0 16 0 59 123 101 62 39 20 34 40 27 113 79 39 62 100 45 84 90 15 41 71 72 77 45 45 36 20 88 35 55 55 94 20 24 83 167 41 5 120 110 0 78 30 41 82 43 29 65 88 38 15 0 103 115 130 115 59 84 30 14 94 4 36 0 9 36 57 10 0 67 20 35 30 94 54 35 81 90 117 0 50 81 36 50 5 5 25 0 49 45 82 46 33 46 40 0 5 166 56 57 212 126 133 30 24 59 91 0 33 24 13 72 126 90 48 48 47 25 33 64 68 199 103 102 46 42 80 66 80 60 147 120 157 111 8 14 144 51 49 25 5 45 25 39 5 43 59 39 32 64 40 50 80 10 30 93 0 40 5 24 18 145 0 132 106 62 94 5 0 0 74 72 
45 0 204 80 75 41 70 79 77 28 12 72 53 95 63 6 37 15 114 45 67 133 93 106 59 142 83 20 194 93 0 43 63 61 141 81 76 0 54 0 159 149 81 0 0 6 65 72 0 18 198 87 39 84 152 167 40 84 24 102 82 39 142 9 153 146 0 59 12 94 149 168 102 56 201 52 10 46 0 29 56 206 19 108 110 0 106 102 178 196 200 25 49 81 174 62 136 16 114 6 66 137 69 145 145 59 62 9 21 23 92 30 97 27 0 43 207 72 104 81 122 72 53 32 137 60 135 33 54 72 114 121 151 42 0 119 45 18 8 45 35 104 136 88 128 216 48 47 54 89 30 89 38 118 72 48 10 148 89 0 118 223 0 183 72 155 7 88 107 81 0 63 101 78 309 115 99 197 103 73 130 117 87 0 93 80 83 213 0 114 27 117 32 83 47 58 59 125 0 95 49 46 131 24 110 114 21 33 22 28 72 154 98 194 108 30 21 152 161 110 103 90 0 99 89 15 14 193 18 108 94 107 27 217 118 118 180 144 97 54 96 27 56 72 136 118 114 100 102 117 20 85 85 21 0 173 
87 76 62 9 32 52 146 27 6 24 56 56 35 68 89 14 52 0 142 8 76 83 69 203 53 108 75 111 8 6 18 77 0 88 103 18 25 61 137 70 34 113 80 11 6 18 26 117 0 24 9 60 70 90 101 0 0 18 53 32 71 84 140 64 14 198 14 22 0 11 100 4 72 54 51 56 141 0 98 96 39 221 8 11 158 42 12 0 121 73 0 0 47 80 105 87 6 64 61 9 0 100 44 119 7 0 0 0 36 9 117 0 109 0 85 193 46 72 56 36 128 0 177 32 19 109 42 151 80 4 16 7 24 35 0 3 31 0 28 25 42 54 0 49 77 90 4 0 33 1 54 71 46 112 7 99 0 5 0 56 56 24 42 102 40 56 68 4 137 0 62 0 116 56 188 32 105 102 101 59 10 164 93 205 88 39 104 45 54 0 48 56 118 102 73 117 20 98 24 112 58 30 84 82 0 223 42 121 7 8 64 24 80 0 79 0 93 77 101 69 172 24 64 71 36 224 64 34 221 79 81 39 112 4 117 85 127 8 162 90 28 0 32 86 90 57 88 147 6 56 64 88 86 26 0 97 
0 32 0 0 68 48 32 75 140 55 34 0 11 184 53 25 22 78 23 114 11 36 54 141 45 59 54 112 5 68 20 0 0 92 102 0 112 87 8 36 109 12 126 12 27 94 98 65 56 0 0 65 31 118 149 63 56 105 9 72 0 132 72 0 67 223 40 2 20 12 20 74 129 35 107 55 34 40 40 24 3 25 88 95 126 121 45 36 24 24 52 127 42 0 39 137 69 21 104 9 45 48 2 32 135 4 32 57 70 26 12 30 96 16 64 44 192 78 42 56 85 0 60 40 24 34 83 9 0 97 15 0 59 22 76 110 22 49 16 102 60 5 2 8 164 121 30 38 57 123 99 26 39 108 102 6 106 107 24 40 72 104 64 64 51 0 25 91 61 76 115 77 73 48 0 76 61 103 32 17 25 32 109 35 25 4 64 79 16 0 63 25 2 24 69 72 58 33 112 70 88 42 33 70 0 110 6 2 0 36 0 63 164 63 8 44 24 87 66 66 30 104 30 139 84 0 40 112 54 82 53 22 58 48 111 40 130 24 16 25 107 64 14 18 18 66 10 83 77 98 112 5 102 0 100 54 
96 159 48 30 70 14 44 126 56 32 57 12 27 143 75 0 69 104 128 0 0 160 9 101 91 60 51 0 78 126 15 20 45 22 47 83 75 130 21 3 48 22 22 8 77 36 8 0 120 39 181 154 9 3 139 140 44 76 52 31 30 73 85 64 83 80 8 42 14 57 12 53 16 99 34 122 105 24 36 23 41 106 44 10 156 140 37 75 152 30 30 25 74 19 126 61 116 75 67 32 125 9 36 75 61 74 78 61 28 15 51 47 21 0 41 31 48 20 106 42 128 0 24 24 40 118 0 28 123 4 29 42 23 45 2 106 0 107 29 21 35 151 53 0 43 72 39 0 0 13 43 92 17 89 78 27 15 29 68 135 116 65 32 54 42 86 6 122 75 72 15 91 0 27 206 85 51 64 72 45 52 74 13 0 15 136 114 87 84 79 29 0 111 126 33 76 50 0 30 28 100 25 172 24 120 20 61 64 0 121 34 84 48 24 60 40 102 142 40 129 30 4 56 99 0 48 18 5 18 3 0 37 0 50 48 74 70 93 120 8 3 74 30 45 5 154 88 28 73 99 69 189 63 32 49 0 
4 26 54 0 0 4 40 90 77 8 51 48 74 0 20 4 38 18 52 4 32 88 26 46 82 44 107 26 5 16 16 56 42 36 0 139 28 27 81 24 27 19 62 40 77 42 87 70 63 25 21 79 4 59 77 14 88 111 40 133 60 77 0 0 46 56 32 27 0 89 31 14 68 31 41 54 70 12 16 8 13 26 112 121 85 87 35 40 26 6 24 100 42 16 46 48 46 28 28 103 0 52 54 13 20 30 32 34 48 22 68 113 64 28 48 60 40 36 0 123 52 36 0 0 4 90 134 91 45 31 54 10 43 55 16 40 127 40 66 18 79 112 40 24 44 62 138 51 50 158 60 58 68 126 82 0 140 18 42 10 105 66 57 55 76 78 10 140 70 6 18 60 24 66 32 52 54 50 26 21 30 41 88 4 138 36 96 32 133 29 123 104 56 70 82 20 20 100 81 4 12 37 69 113 0 60 8 22 7 79 72 101 164 54 16 60 9 34 60 19 98 55 97 30 56 80 64 119 24 127 0 12 30 79 24 16 12 20 110 12 32 19 0 60 0 31 79 116 62 16 12 37 132 105 34 58 
24 64 92 0 66 27 106 116 33 2 26 49 22 130 223 26 38 98 22 56 24 110 167 183 205 89 2 66 8 48 40 60 21 84 42 108 55 88 36 24 70 63 90 66 35 84 48 56 101 77 73 155 70 96 108 34 16 0 80 141 30 123 137 68 0 60 48 48 16 97 37 63 233 51 5 43 31 123 21 4 87 9 124 2 14 45 113 12 231 66 32 46 118 120 43 0 89 66 110 126 252 40 5 102 144 159 78 0 99 189 56 69 81 106 137 94 90 65 2 65 143 48 51 3 15 33 79 98 186 32 63 98 46 80 68 116 7 14 93 6 16 155 86 71 132 0 61 78 84 155 70 29 21 105 131 54 48 57 105 149 10 131 160 8 33 52 119 45 158 149 81 158 113 107 32 75 53 99 162 97 128 92 0 32 182 123 7 79 167 0 70 134 92 124 89 120 86 103 122 138 45 131 210 112 52 140 59 110 13 172 16 219 25 84 49 19 97 83 20 95 24 71 45 144 112 164 7 111 202 160 50 66 79 21 117 34 329 55 172 0 36 48 47 28 101 269 5 16 110 102 60 105 50 32 283 36 
49 12 16 9 27 39 144 52 0 34 0 72 42 11 99 35 48 0 87 0 21 208 88 190 32 27 81 88 6 64 23 8 24 126 187 9 0 99 117 12 27 18 84 16 42 70 104 36 86 40 106 67 127 124 30 215 45 42 97 10 162 202 63 74 47 151 89 46 0 27 16 3 84 147 146 51 24 36 61 0 15 15 54 5 81 7 36 79 34 33 57 0 84 75 171 119 170 3 48 116 0 71 12 122 29 79 89 11 28 0 33 48 102 6 174 0 27 24 52 27 64 8 89 87 9 32 93 30 72 0 77 37 157 17 93 33 33 44 21 12 58 44 135 60 127 112 184 27 64 67 108 3 59 0 12 78 96 112 50 24 123 78 120 91 180 78 24 46 14 16 27 13 64 66 86 0 0 116 132 30 3 89 76 48 99 84 64 47 52 19 106 79 4 18 58 7 0 81 115 93 2 111 34 79 0 63 8 24 87 0 36 29 24 78 40 78 27 122 8 18 59 92 99 147 50 56 0 139 146 169 7 0 45 166 93 63 79 48 64 76 68 0 72 63 14 124 131 30 133 124 3 81 48 62 12 132 
45 4 24 4 0 0 16 132 45 71 23 0 9 16 0 18 45 64 39 54 42 8 11 30 5 8 7 0 50 69 59 112 40 125 31 109 18 11 8 0 22 9 0 13 77 69 65 62 51 23 0 64 4 4 24 37 40 59 81 64 45 8 77 36 0 4 56 8 40 0 0 0 70 9 72 27 0 75 99 135 54 2 32 0 12 63 42 45 115 0 72 99 0 19 49 97 2 12 175 56 137 24 0 0 93 6 0 3 26 54 32 144 88 32 69 63 57 6 0 111 91 164 36 81 8 0 40 0 2 81 31 18 7 90 63 6 73 45 23 5 91 67 21 24 0 6 9 0 0 0 180 0 0 12 110 0 41 186 13 0 94 21 0 106 39 0 3 63 1 4 8 9 1 4 81 57 4 161 9 42 125 85 154 75 102 56 5 32 0 0 6 115 41 36 61 90 6 72 34 28 107 0 90 47 36 0 7 12 0 112 0 9 0 49 21 104 26 99 34 100 57 0 120 14 42 96 63 18 194 93 8 40 9 0 120 3 56 8 66 80 98 16 1 54 0 81 208 67 0 77 82 70 65 0 0 46 
142 54 0 66 119 61 38 58 92 40 105 0 3 22 12 0 13 65 19 42 53 65 71 28 55 8 119 82 44 110 33 72 0 63 8 18 40 9 33 7 24 0 73 57 6 6 9 41 50 28 13 80 25 34 62 17 60 91 4 156 5 0 42 94 16 0 0 30 14 173 18 76 201 18 117 0 35 87 32 36 76 6 51 8 4 151 14 9 45 148 86 39 50 76 60 0 18 57 10 4 27 62 10 34 46 55 21 23 113 47 50 0 185 97 12 2 91 13 35 36 0 31 56 96 19 9 59 0 3 9 0 12 20 16 39 1 25 79 12 11 21 37 18 52 20 63 31 37 2 70 26 17 0 41 13 81 42 0 1 35 15 42 72 53 14 128 0 81 59 93 45 7 95 33 32 11 20 10 26 85 40 33 0 24 67 23 55 0 30 50 5 18 9 81 67 103 53 142 83 6 0 40 53 25 71 0 45 0 0 56 44 74 59 14 36 30 59 35 94 21 44 24 25 0 81 47 71 44 20 0 10 43 8 17 10 25 45 66 15 18 5 0 14 132 72 45 126 16 30 30 24 43 7 14 70 43 
58 36 44 57 68 99 242 37 86 78 15 0 9 262 235 32 136 96 115 21 76 88 234 78 38 43 91 0 64 183 82 95 59 42 101 68 8 0 123 71 153 87 81 53 143 40 24 102 12 91 8 96 86 67 8 1 35 126 16 54 30 93 173 121 39 63 151 91 52 145 43 69 222 62 88 27 75 33 52 39 70 252 0 79 77 9 45 68 103 45 144 4 74 0 107 106 265 68 120 41 138 83 112 15 104 70 152 101 8 9 37 91 176 96 0 90 135 195 18 109 0 80 88 84 61 42 28 58 53 70 28 191 96 8 60 63 69 131 1 40 24 31 124 8 71 42 57 62 49 37 48 24 0 188 30 74 77 167 46 105 96 94 0 211 147 67 92 0 58 124 35 180 112 100 170 78 43 148 77 0 109 250 68 53 45 133 18 86 42 81 68 136 105 208 101 21 208 225 115 50 3 32 115 25 35 148 114 0 99 105 45 156 202 65 139 67 111 54 131 146 118 140 24 74 159 51 9 131 136 134 21 143 86 64 21 0 36 201 142 128 112 77 1 55 20 168 41 114 38 130 65 58 101 54 22 196 
15 4 0 0 94 0 12 46 2 0 169 65 121 208 138 0 19 81 83 28 78 20 102 63 72 86 102 154 45 28 66 12 99 0 0 0 14 66 42 105 82 7 191 34 32 123 301 105 36 58 58 145 17 87 238 7 48 108 52 127 76 33 144 49 0 122 87 54 56 70 108 96 146 38 44 60 63 106 18 36 18 115 106 174 6 117 22 24 36 112 153 201 89 16 62 9 45 19 76 45 84 72 9 18 63 56 286 82 130 62 56 81 33 145 120 77 4 63 8 135 123 126 54 187 103 126 120 139 80 156 0 42 105 75 77 61 151 66 99 24 90 135 99 43 13 26 82 0 0 41 0 17 0 63 173 62 0 25 0 32 0 0 76 29 223 0 36 60 192 15 21 126 20 60 8 99 144 107 154 63 0 54 63 12 37 131 122 58 66 105 55 34 36 91 106 30 54 127 154 138 0 51 102 68 92 66 0 40 78 66 221 60 134 113 111 36 7 72 117 149 68 44 25 48 100 99 107 77 26 42 28 180 61 198 59 0 27 19 39 0 49 48 72 151 7 6 4 0 54 28 54 94 63 9 0 32 
67 72 0 64 0 85 42 53 13 133 0 48 181 50 138 48 0 72 99 27 45 6 193 154 23 160 30 30 83 16 54 41 48 48 38 85 66 22 167 35 20 48 115 51 141 16 99 150 60 18 35 35 30 66 135 95 135 78 31 58 24 27 72 49 0 63 72 40 9 24 77 100 50 72 75 60 107 69 6 128 25 69 64 10 56 85 4 0 46 18 29 0 76 180 179 7 118 16 275 128 24 71 87 10 115 40 176 58 33 4 150 89 21 102 51 95 44 42 50 148 85 78 81 0 24 54 85 31 12 53 14 66 8 24 124 51 62 72 38 2 1 119 49 178 66 39 138 0 46 49 16 27 51 80 9 32 59 53 69 119 82 22 19 18 143 121 50 15 70 18 36 18 3 204 50 46 138 162 72 152 115 27 129 42 204 42 81 68 152 42 136 100 9 88 22 58 49 99 71 88 48 16 40 106 18 86 18 114 16 21 43 90 72 74 29 126 15 0 34 125 190 66 99 12 72 45 15 118 89 4 3 109 6 186 139 27 79 165 154 93 42 2 0 24 77 0 24 0 74 20 12 154 71 89 11 80 
100 45 0 12 71 151 83 44 0 23 90 79 87 22 45 72 0 18 24 6 112 8 21 111 56 35 0 37 36 8 36 0 24 21 15 82 20 89 71 100 73 0 109 2 49 54 99 106 51 52 54 118 4 6 16 69 0 14 46 68 49 165 76 64 21 0 40 89 6 63 35 80 121 72 54 20 142 23 42 0 20 16 56 0 78 20 0 89 10 56 69 21 72 8 17 9 0 74 24 0 104 0 24 14 22 62 53 99 32 18 28 0 62 0 82 63 0 170 25 42 77 14 26 0 30 79 0 21 185 176 10 82 18 158 34 0 11 41 0 12 42 14 104 25 8 14 22 71 61 39 69 28 37 0 24 0 11 46 81 0 14 18 10 91 33 42 49 0 56 54 7 82 71 0 0 73 0 129 57 137 64 126 118 49 68 127 25 0 32 27 0 132 60 138 1 17 11 85 42 98 12 85 140 133 30 140 45 0 35 42 33 204 25 30 91 18 24 19 0 57 91 68 66 179 5 21 0 48 72 81 0 0 86 0 35 26 18 0 75 46 1 6 48 10 35 156 7 150 8 83 0 63 74 63 90 0 
0 192 73 98 60 112 28 0 18 66 103 79 135 59 181 69 10 72 55 74 39 28 170 34 46 24 54 3 102 122 75 0 126 44 16 54 16 17 57 24 65 94 128 34 37 56 47 77 27 16 24 14 111 48 66 66 21 42 30 165 37 27 163 29 122 91 185 63 97 149 123 206 13 25 32 0 57 9 63 168 134 79 93 26 7 0 10 186 42 20 44 9 31 0 127 55 118 0 47 99 172 69 36 9 152 38 85 85 53 92 103 40 0 95 124 159 0 185 46 138 104 92 27 48 0 45 125 204 12 0 18 68 46 96 82 158 99 58 35 52 73 18 15 48 0 0 132 0 42 76 6 7 0 68 210 112 18 80 96 64 3 120 54 0 167 102 0 42 179 36 141 49 79 18 139 55 16 79 57 54 176 126 70 20 92 147 76 183 128 37 31 52 91 81 92 8 96 82 148 81 150 40 51 98 31 64 153 49 65 163 59 92 62 100 41 66 54 45 70 137 19 63 62 63 164 32 49 71 26 78 101 93 7 81 64 15 45 123 57 75 141 101 49 85 33 156 59 61 89 28 71 59 51 6 8 106 
0 112 79 76 6 34 78 0 0 69 33 0 0 60 54 15 75 24 83 6 28 36 260 104 43 138 106 66 9 178 63 0 45 16 48 2 86 110 42 72 35 0 57 42 0 87 100 78 90 99 9 56 9 18 27 55 110 0 12 66 113 118 156 2 106 137 102 27 69 42 105 65 128 54 68 42 24 64 57 145 69 99 135 42 2 40 30 40 42 57 10 54 28 45 16 75 16 16 42 10 6 55 7 33 2 0 51 63 27 49 69 0 157 48 131 40 70 25 30 9 159 12 20 44 12 70 158 19 64 85 0 18 37 89 98 88 40 18 164 51 74 0 61 17 100 58 67 0 42 48 14 63 28 81 155 63 82 96 26 0 8 0 57 98 0 0 69 89 0 6 69 82 70 0 46 17 112 36 78 18 137 75 27 0 49 6 120 20 63 49 9 10 27 37 39 72 125 51 140 130 69 0 23 35 27 179 69 8 92 63 36 89 39 72 86 150 37 36 52 26 110 85 105 80 155 67 0 68 88 128 91 157 9 44 72 72 167 28 45 127 0 6 65 28 80 56 118 96 58 18 51 30 90 25 24 68 
166 45 65 60 40 46 6 95 55 208 47 82 52 33 56 89 151 247 126 97 112 83 31 42 44 60 34 3 40 110 62 49 168 86 63 56 57 83 133 25 8 31 89 142 143 35 15 59 15 20 18 30 24 46 99 135 0 113 62 140 69 17 28 86 48 62 30 43 49 86 23 72 179 183 64 79 101 116 114 71 91 42 20 3 25 64 45 70 0 130 15 70 0 26 0 66 68 43 135 59 65 66 86 60 45 36 66 73 98 65 42 132 59 93 111 63 150 127 25 7 56 43 92 31 79 149 47 116 23 152 0 54 39 80 141 122 118 154 9 6 48 73 27 68 81 31 69 17 95 76 90 28 0 59 81 51 6 64 57 63 40 78 55 55 117 87 84 25 131 115 0 117 63 99 139 40 30 100 0 30 25 243 76 54 83 77 80 52 85 95 74 53 198 30 22 237 12 132 92 49 53 0 137 30 20 138 63 20 0 129 24 24 106 67 90 206 48 37 129 91 154 87 20 262 7 65 63 24 112 65 72 43 95 37 119 100 118 90 35 36 113 8 54 104 46 7 142 79 114 102 80 78 42 18 26 261 
47 32 24 0 160 74 18 248 52 65 42 1 0 112 199 23 51 45 52 6 60 105 66 105 123 195 177 88 87 36 87 0 12 12 80 119 42 45 57 57 16 39 75 20 105 20 57 0 93 21 7 100 83 28 64 18 0 0 56 50 10 47 142 148 0 94 0 91 35 0 28 26 61 39 56 46 54 71 0 54 103 134 84 0 62 154 35 62 34 116 39 15 60 99 49 24 12 96 67 0 152 42 28 0 79 0 43 16 1 12 44 14 137 0 68 57 0 98 28 102 55 19 116 74 87 48 65 82 111 20 6 4 0 6 5 96 37 34 46 15 94 32 170 9 56 66 89 0 0 80 6 38 35 36 24 6 44 89 10 42 0 38 142 120 96 80 124 144 46 4 26 8 85 58 75 146 85 20 16 71 98 36 8 70 56 56 72 31 83 0 62 73 122 65 16 28 15 74 40 10 17 15 53 66 0 79 98 28 49 58 158 67 142 90 153 45 135 68 45 39 95 73 52 18 74 111 90 13 53 60 35 8 81 35 12 12 12 92 32 91 35 0 37 15 25 62 68 36 72 0 75 134 36 32 14 131 
0 69 27 114 0 79 122 117 47 0 15 12 8 39 64 108 16 67 131 0 63 45 154 176 164 123 54 127 57 75 48 94 114 85 57 42 119 170 101 45 89 16 73 56 126 42 118 36 5 28 47 140 0 64 126 69 93 91 16 153 88 101 54 25 65 86 146 35 21 97 24 171 158 0 72 154 59 93 54 0 15 63 8 87 46 50 68 87 126 133 133 116 28 18 104 6 33 64 90 86 95 173 40 123 150 73 36 27 106 21 123 122 103 62 111 84 144 44 48 91 166 50 74 206 95 65 124 27 40 81 0 27 1 59 37 93 242 115 129 85 5 135 25 55 125 105 123 1 69 54 147 84 30 87 149 30 163 50 46 53 121 127 28 49 102 48 23 0 7 82 0 144 135 109 272 97 94 84 35 20 11 77 177 19 249 24 166 31 236 61 116 80 81 63 94 36 65 167 99 4 32 35 33 33 45 31 89 110 10 110 60 113 28 50 30 191 111 55 71 91 82 37 131 132 64 99 32 0 139 90 53 13 71 119 164 101 141 149 154 25 66 5 62 112 54 46 92 74 101 15 6 48 98 104 64 176 
114 28 3 0 99 112 52 204 6 134 35 57 65 84 60 159 160 49 4 0 66 111 185 130 66 72 0 19 40 60 98 22 91 50 121 141 89 76 90 134 108 9 111 27 43 11 28 63 11 143 53 155 51 8 79 80 45 68 0 102 136 154 72 149 117 106 77 91 49 114 134 107 224 45 143 0 135 8 104 133 6 165 129 80 147 18 79 93 53 107 144 81 40 79 69 113 64 30 104 66 129 60 37 67 183 4 135 60 172 30 22 80 57 128 58 8 66 175 51 184 174 36 56 18 98 105 58 125 72 130 21 0 101 285 93 47 115 88 58 116 30 154 22 89 41 105 10 36 83 123 27 136 0 173 0 178 56 96 96 16 0 128 22 83 92 144 85 0 154 122 46 145 112 55 0 64 19 122 80 109 69 150 69 82 0 79 116 126 6 70 49 144 281 114 18 69 78 289 85 242 74 33 93 75 15 148 72 50 32 137 9 148 88 200 72 9 94 103 15 61 86 146 16 206 56 31 78 28 156 98 15 90 128 151 120 123 29 28 97 58 76 32 83 14 12 6 27 44 100 77 52 9 25 34 93 62 
34 18 0 0 26 34 4 83 0 25 33 31 14 92 0 0 38 12 0 40 70 79 32 107 70 46 0 48 108 10 0 40 0 26 0 0 14 51 8 78 58 53 35 0 0 52 108 23 0 68 58 70 7 75 48 22 0 30 36 46 0 41 0 8 10 54 19 0 82 21 70 24 46 0 0 10 24 46 36 0 15 129 73 22 10 44 57 60 16 16 64 8 36 7 63 12 41 7 91 0 76 6 0 22 101 12 12 34 0 22 141 54 64 0 87 7 4 46 74 67 60 20 0 60 18 0 90 24 48 4 0 0 33 100 34 0 94 16 0 74 0 18 12 4 5 12 32 0 0 34 48 133 0 32 66 0 0 44 80 18 28 84 24 0 72 52 24 8 75 48 0 67 8 0 88 182 10 122 0 0 64 109 21 0 18 16 99 34 106 26 66 6 17 44 49 74 31 16 193 27 17 110 90 0 16 44 18 14 41 26 0 10 106 6 22 20 12 42 69 46 12 4 37 0 45 132 30 4 126 9 36 12 52 24 72 16 18 0 43 60 33 42 13 0 49 12 0 60 26 8 20 72 24 12 86 50 
79 63 0 27 5 53 120 54 14 126 121 8 55 19 52 6 58 63 74 5 24 0 126 130 174 130 49 60 62 24 87 13 46 0 77 25 42 119 17 47 0 0 135 28 38 43 118 17 118 53 18 42 10 73 83 68 0 36 54 115 96 0 37 28 27 50 0 26 26 99 68 115 161 78 59 80 9 112 154 33 159 131 66 72 41 56 55 21 112 46 69 22 8 6 30 34 7 112 24 24 90 76 0 36 15 49 44 146 112 63 0 54 129 45 114 73 89 27 78 24 163 54 0 113 26 226 119 75 10 87 0 9 88 40 18 73 88 150 72 84 54 139 72 81 58 44 145 0 21 48 0 49 0 8 111 42 17 20 11 18 0 83 103 17 90 53 0 19 30 0 9 206 2 78 35 27 49 57 0 84 14 156 57 0 91 58 90 3 12 63 77 23 49 40 6 42 17 0 78 43 4 72 117 53 93 38 106 15 0 145 167 48 56 46 60 51 66 31 105 71 2 35 29 27 30 29 107 4 101 46 32 67 36 90 33 140 123 83 41 15 69 15 5 0 68 46 9 10 42 63 12 241 63 0 28 46 
134 60 9 48 57 165 12 123 81 64 74 6 75 71 8 114 0 47 183 28 48 73 43 33 108 5 30 36 8 78 2 0 86 60 45 41 8 84 93 42 43 0 101 10 59 30 60 42 6 30 48 72 0 25 118 107 29 62 0 141 64 65 70 69 9 117 0 0 9 27 10 28 79 39 155 35 126 0 101 34 75 35 22 20 109 65 5 96 64 57 68 113 24 0 72 119 0 121 24 63 72 51 39 0 32 104 42 5 18 40 45 138 102 18 97 83 164 15 85 94 33 0 21 72 99 56 20 67 110 198 0 0 118 4 0 89 9 53 28 60 57 153 115 6 67 57 25 3 6 102 82 190 4 0 129 30 75 81 36 24 189 8 39 41 16 106 60 20 130 5 36 42 104 0 207 56 80 49 20 39 0 61 75 16 57 0 113 30 10 18 67 36 106 29 161 70 126 51 71 42 14 40 60 206 0 80 0 88 0 169 5 40 40 150 158 60 25 9 64 152 11 76 71 30 0 30 0 19 130 162 15 13 9 0 0 0 42 72 36 0 0 4 62 14 36 1 10 53 46 12 41 36 49 16 27 87 
75 66 0 84 131 126 69 51 12 131 238 170 24 98 77 99 47 251 127 101 99 99 49 108 0 91 1 29 64 96 63 0 82 197 62 11 66 3 82 125 36 4 184 88 159 18 81 42 48 0 30 127 64 54 63 61 101 120 91 154 152 50 173 14 62 81 96 54 72 143 74 15 116 104 78 64 108 115 94 0 36 0 150 56 12 54 15 184 8 64 0 66 124 45 9 6 58 60 261 0 21 15 24 105 138 44 51 171 205 0 32 135 6 79 282 56 40 168 0 64 163 43 64 53 20 78 51 43 112 68 12 63 54 174 66 56 0 152 54 15 89 18 209 19 43 18 96 18 96 152 174 25 0 94 0 0 109 70 71 56 28 99 52 136 21 84 70 148 196 121 56 53 56 72 117 24 39 98 2 63 92 85 93 81 40 103 63 25 66 21 114 50 247 104 9 63 78 123 160 145 64 35 172 107 28 182 140 12 44 51 45 67 149 0 51 179 18 24 40 62 93 73 27 190 124 26 0 168 107 58 0 32 95 0 131 78 16 176 61 66 0 56 80 119 8 77 0 34 145 67 87 55 42 36 96 152 
93 85 80 29 162 46 119 165 70 54 80 72 6 89 10 137 161 20 0 6 49 86 227 154 0 64 147 0 43 68 32 0 82 7 2 35 7 30 61 54 117 2 102 16 79 36 58 95 35 77 94 149 40 53 143 79 8 63 18 84 143 106 54 134 158 35 0 7 5 242 44 72 191 45 188 62 63 1 88 65 89 21 190 0 135 98 23 85 100 213 147 6 193 57 32 6 102 77 102 65 53 27 4 87 32 14 41 84 14 73 5 42 76 20 14 18 82 12 18 38 154 0 123 114 94 99 125 117 61 189 14 66 63 125 0 68 26 85 3 70 65 104 10 99 10 248 100 0 102 41 63 0 55 132 41 18 28 17 8 0 113 114 42 184 52 0 90 200 112 71 16 168 20 0 337 0 54 53 10 153 8 205 63 116 71 65 98 45 70 77 27 60 76 107 108 85 90 102 102 140 25 6 123 60 77 39 32 16 11 214 48 105 55 36 67 26 153 33 74 46 35 199 29 173 87 82 56 83 101 204 104 0 5 47 153 116 56 18 67 46 66 14 54 88 2 23 103 24 82 86 72 101 47 0 102 104 
0 0 25 0 46 21 16 251 45 103 48 41 118 42 35 15 43 140 171 0 102 84 84 47 98 52 142 69 77 30 7 83 100 5 66 77 67 47 72 104 20 1 139 58 53 48 224 184 24 23 55 217 55 72 140 98 69 30 63 102 42 80 170 33 0 242 39 34 49 86 115 230 16 0 77 132 71 42 18 163 42 35 182 0 57 59 12 28 57 14 122 56 48 27 87 118 83 12 23 76 47 230 51 126 41 51 140 35 0 18 77 60 32 77 126 18 83 75 0 71 79 0 48 98 56 66 154 67 12 54 0 36 36 197 49 137 118 24 17 0 28 120 72 103 97 78 94 39 36 82 32 12 21 54 160 18 42 171 9 49 72 40 95 62 80 48 44 65 159 85 90 75 49 71 51 56 24 132 69 87 181 140 56 51 63 35 175 31 190 45 54 91 47 40 143 99 5 119 109 126 128 67 72 186 42 27 60 48 15 69 58 38 50 132 65 104 99 50 120 84 100 21 43 122 97 107 14 74 92 117 10 6 101 8 69 33 212 157 147 98 78 36 56 136 103 35 87 178 22 50 20 60 93 92 39 156 
16 16 116 26 127 26 53 57 22 221 134 50 0 175 18 68 0 109 81 40 0 16 136 22 48 93 12 72 0 85 0 0 54 0 81 36 35 0 89 40 10 82 83 136 27 0 135 28 42 61 45 72 50 88 36 8 0 86 32 125 58 119 83 0 120 0 0 51 49 0 96 87 94 0 6 45 70 42 21 8 73 71 138 64 0 16 138 2 27 84 25 52 63 32 70 126 89 6 58 16 76 57 0 38 15 81 64 0 115 84 54 7 44 0 25 59 94 0 160 86 64 32 161 25 113 2 10 72 40 0 32 58 42 153 27 35 24 173 31 12 16 59 51 24 136 101 2 27 24 18 0 148 21 38 18 0 0 65 78 16 80 74 0 96 54 94 76 105 49 184 135 110 77 69 121 38 37 188 40 103 75 90 48 60 34 97 27 97 54 14 78 63 30 72 150 121 15 41 0 40 19 0 117 60 128 22 70 8 2 70 92 65 91 42 72 24 10 58 206 10 71 33 61 116 63 43 0 32 186 58 72 35 23 0 45 46 4 58 89 0 60 44 128 61 59 68 79 105 83 169 58 28 57 105 61 55 
8 0 4 65 9 52 21 75 11 58 119 58 2 95 27 17 15 61 56 24 0 115 10 97 21 92 43 32 33 8 0 9 0 31 58 25 34 36 51 12 8 12 6 0 0 28 82 45 34 30 44 119 41 36 56 56 15 42 20 0 74 87 18 43 8 63 70 36 7 30 24 4 65 72 86 64 0 20 0 49 36 26 76 14 65 62 146 104 46 64 0 0 10 35 18 2 119 64 88 17 89 1 10 69 62 12 14 93 40 64 58 10 24 6 102 3 28 60 36 16 35 0 76 72 56 6 33 32 24 16 9 10 85 54 31 40 8 59 9 54 110 20 64 7 63 0 0 3 0 64 48 129 30 75 49 39 0 0 5 63 21 72 48 15 0 12 24 60 28 27 0 9 32 0 84 23 14 0 16 3 18 27 10 6 46 2 111 45 63 2 61 43 69 86 17 59 42 108 120 57 10 94 60 5 20 134 18 36 18 100 12 23 3 0 85 52 32 46 72 3 12 20 49 120 3 74 20 50 72 43 21 53 45 37 71 0 82 25 32 45 15 8 59 0 8 95 0 26 63 0 127 18 46 28 10 19 
36 0 18 106 0 0 105 26 34 36 74 0 122 82 85 57 15 22 65 18 161 18 71 81 44 14 25 91 110 54 38 28 108 26 0 108 49 55 22 131 168 30 6 67 88 107 72 51 44 18 6 32 88 30 12 13 62 24 0 0 79 4 134 110 102 12 49 79 44 87 120 0 9 48 57 0 206 8 27 95 78 84 40 18 121 51 20 146 36 133 46 14 91 0 96 32 110 108 48 0 110 171 18 84 59 4 72 14 95 12 206 28 61 32 0 131 4 36 68 60 54 9 61 49 36 16 149 0 0 0 47 51 69 78 40 100 13 64 20 19 18 37 93 3 30 26 42 24 63 8 0 17 20 44 36 44 48 62 112 42 18 7 8 126 52 188 30 0 136 6 10 0 115 70 105 12 75 5 42 72 53 0 33 97 39 6 56 72 37 2 125 8 44 12 9 0 72 78 54 34 16 13 58 40 35 28 63 9 9 14 18 184 86 125 49 114 12 173 28 57 111 13 56 56 75 6 35 27 19 32 119 58 78 86 72 74 146 53 52 33 0 0 97 61 16 15 57 49 75 16 0 4 44 52 14 117 
5 0 0 70 0 85 103 100 100 32 84 0 28 70 73 113 78 44 80 3 50 52 131 152 38 28 72 6 72 80 56 83 0 94 15 193 48 39 52 14 146 113 111 14 0 10 16 3 25 166 130 24 44 99 0 80 76 20 10 43 22 14 95 24 42 20 42 120 56 122 30 108 24 0 0 0 54 52 60 4 38 170 16 3 49 42 12 32 9 64 15 0 16 128 56 0 195 25 129 79 0 193 22 78 39 64 36 4 186 0 140 20 113 0 100 0 114 82 82 67 18 12 72 0 103 64 6 88 46 62 73 68 58 56 51 43 98 14 20 27 97 20 4 80 0 74 80 0 36 17 0 116 177 115 24 16 4 96 78 75 68 49 133 117 111 54 182 134 23 98 32 38 90 91 84 68 70 14 72 64 0 58 73 72 165 34 35 206 44 135 36 104 103 0 9 135 92 76 107 44 39 16 80 25 76 88 72 28 6 72 21 82 105 115 68 52 80 109 36 180 193 111 40 72 0 104 33 23 125 48 81 96 36 54 125 130 22 40 81 48 122 0 12 85 42 0 93 80 160 47 0 85 92 48 18 64 
65 80 40 0 89 130 145 162 15 0 70 0 78 75 147 24 21 44 44 121 122 21 60 231 128 38 70 120 133 137 39 93 128 47 53 27 46 43 26 39 0 45 172 18 0 58 34 50 8 86 10 80 28 8 96 0 61 110 43 115 129 30 75 155 56 150 8 54 48 153 30 54 60 94 78 15 43 26 146 95 0 64 0 102 64 8 47 15 10 0 29 61 157 22 48 83 73 60 46 113 44 87 36 91 9 0 92 0 30 0 189 72 129 152 14 71 47 57 0 147 111 54 36 32 92 131 174 131 66 115 35 33 103 14 79 24 129 51 117 50 168 168 42 102 46 177 158 59 30 171 6 160 56 125 171 9 126 64 109 0 58 24 69 51 108 158 68 3 0 70 3 117 39 60 107 126 108 51 51 71 27 118 143 18 109 66 96 21 90 77 166 59 61 70 185 39 240 92 156 0 74 21 75 97 0 0 39 76 19 104 102 28 128 123 77 65 27 143 65 1 11 71 36 37 88 158 72 80 102 181 43 0 14 90 137 58 51 39 80 54 82 65 156 66 37 16 127 131 146 6 194 146 193 33 111 212 
5 40 117 38 33 98 88 58 24 117 86 28 18 47 71 22 51 80 19 39 163 105 151 86 30 108 117 8 45 100 0 111 26 63 63 27 7 30 144 6 48 49 59 23 77 99 70 55 40 16 64 78 47 70 108 0 0 90 48 87 40 20 101 90 29 128 64 78 37 72 63 51 141 8 16 124 15 123 55 96 38 52 36 78 0 95 45 10 67 32 52 8 7 87 73 76 28 1 88 150 52 117 51 12 66 39 6 54 0 42 13 70 100 102 48 95 88 57 8 73 96 70 25 18 15 117 17 27 72 46 66 39 48 82 105 85 66 67 102 72 93 36 84 44 198 106 103 44 108 33 97 141 60 167 120 69 8 36 28 7 22 111 36 77 50 30 90 72 8 55 2 56 114 76 95 30 97 122 24 19 16 36 66 72 152 42 43 0 48 125 104 0 52 27 33 2 86 81 33 15 36 18 36 34 63 38 124 95 15 14 54 130 62 76 44 117 30 103 87 0 87 74 72 33 54 9 102 72 126 18 89 90 0 110 154 57 123 189 75 102 169 40 0 51 30 0 83 11 6 18 75 18 50 55 0 144 
77 35 0 25 0 41 51 142 5 56 37 34 10 61 55 23 14 42 147 21 72 52 4 4 70 133 40 82 22 62 10 58 6 58 35 99 73 41 133 30 72 33 48 99 28 6 49 77 85 116 103 96 43 21 28 103 0 0 87 99 28 85 170 43 66 39 0 24 56 48 103 59 93 64 20 140 18 74 114 35 68 69 160 18 23 114 2 8 142 87 45 21 32 41 87 0 30 14 6 70 105 42 70 27 14 156 101 71 71 110 25 64 126 49 100 50 99 9 62 119 124 73 63 48 25 62 49 85 83 60 54 44 65 56 31 18 64 99 70 55 0 18 47 71 44 4 123 56 71 46 32 192 28 36 25 45 7 97 42 60 31 52 60 37 0 128 43 32 91 41 72 56 61 108 161 66 15 20 27 54 5 48 0 18 130 50 47 51 27 36 81 28 0 148 29 67 129 10 101 118 0 64 44 117 89 44 45 92 6 137 19 60 39 38 28 55 56 101 9 24 34 99 47 28 0 30 42 56 26 0 14 0 32 38 92 89 114 44 95 40 24 31 5 45 93 13 104 24 15 52 87 30 48 100 82 16 
44 0 25 12 10 72 20 30 118 54 72 0 45 0 45 89 5 161 70 153 83 0 44 51 63 109 48 150 48 150 52 164 27 19 72 135 58 77 14 9 8 125 0 5 154 96 97 32 7 8 12 37 106 100 27 34 68 10 95 27 81 0 171 0 32 95 74 96 48 42 53 187 32 70 58 97 24 50 120 81 24 91 101 45 142 112 0 64 35 58 0 112 0 0 152 79 99 81 25 45 158 60 33 93 35 74 117 55 77 14 27 236 74 79 49 30 117 77 100 58 58 19 26 0 124 49 173 0 117 14 59 99 0 114 40 63 21 48 38 8 31 52 9 15 12 52 90 84 20 9 96 47 85 12 108 54 27 170 33 0 0 2 213 41 0 124 46 0 80 0 117 96 73 81 80 37 32 101 8 4 57 63 57 39 234 0 86 9 70 16 38 108 55 24 78 66 89 133 130 112 34 182 85 48 99 147 216 50 134 181 9 104 18 96 97 53 12 86 0 106 30 28 46 63 45 25 35 83 46 9 18 24 85 45 123 42 116 162 144 36 12 9 40 66 101 102 74 134 49 48 99 49 50 24 82 150 
86 16 0 0 7 75 0 28 14 141 72 5 76 68 16 40 44 0 6 45 12 55 22 56 40 63 111 80 104 57 129 15 28 55 30 0 0 30 105 21 14 21 45 46 88 35 79 53 137 84 115 27 24 70 128 13 16 8 8 20 0 169 137 55 49 82 104 0 26 119 63 0 0 94 42 159 214 8 32 35 49 27 56 79 88 48 84 47 113 88 56 0 5 35 116 0 40 91 120 116 114 43 59 73 98 91 133 12 0 59 64 102 21 8 0 143 8 61 42 71 42 132 60 0 98 45 68 57 96 30 14 77 63 81 45 24 19 96 14 48 15 105 29 24 0 96 149 53 49 58 0 27 24 78 25 77 0 66 121 98 63 54 107 6 103 72 56 59 95 41 88 96 63 197 16 87 21 179 86 30 0 105 75 76 194 69 51 115 60 49 53 12 99 24 3 27 72 70 33 78 64 120 49 66 0 169 3 80 0 140 18 58 137 128 85 225 123 84 0 45 246 70 128 35 37 162 46 21 116 68 88 0 66 90 98 30 87 65 120 30 10 0 12 24 42 96 62 155 0 14 84 100 62 56 18 125 
27 102 9 18 0 5 137 120 10 78 136 72 128 124 51 44 24 46 113 45 58 8 77 216 24 58 55 58 19 87 117 103 24 64 9 74 115 36 109 44 13 96 17 24 28 107 93 6 60 24 157 56 118 64 54 15 142 0 106 129 9 91 187 20 1 57 144 171 0 61 60 156 53 58 66 94 74 52 7 156 45 54 131 83 88 90 58 146 31 173 45 88 0 60 123 72 114 36 134 36 113 52 90 50 0 174 116 0 146 52 49 49 81 83 166 27 124 36 97 64 50 87 10 56 88 12 12 63 70 51 31 101 16 173 75 74 0 8 40 18 27 90 145 137 0 125 150 0 29 34 60 68 30 53 7 36 7 13 0 0 105 0 156 60 74 74 30 65 135 36 74 0 86 198 127 42 54 2 118 76 102 92 0 93 185 6 108 28 45 16 66 139 7 18 48 73 161 42 149 82 38 16 90 34 141 108 76 148 9 139 47 0 53 34 55 12 26 14 6 54 135 24 6 109 94 41 93 93 159 30 1 24 17 88 8 123 134 122 102 52 43 83 45 114 86 49 94 20 34 12 5 64 28 0 79 68 
72 76 72 0 96 236 16 70 0 49 86 0 87 42 23 27 39 35 7 64 24 48 8 24 44 46 28 0 30 102 14 0 78 77 0 70 14 76 92 15 67 21 40 0 9 33 159 125 21 44 99 0 21 51 85 81 8 102 90 44 42 5 55 60 28 81 0 26 35 0 9 90 155 65 58 44 2 26 76 125 70 16 108 20 0 53 66 57 10 86 65 10 0 104 55 35 0 97 80 63 68 23 42 6 26 9 71 36 16 46 0 54 77 77 38 0 41 102 33 5 34 18 48 56 42 77 81 70 128 98 35 40 111 88 6 0 0 24 23 84 65 28 26 16 110 5 36 7 34 119 18 18 15 9 75 4 0 82 29 0 24 65 7 64 67 77 113 8 10 85 3 32 27 5 12 3 0 44 86 48 71 88 65 2 64 73 0 0 0 64 27 8 18 98 48 101 0 56 0 35 43 71 40 0 8 56 0 0 0 99 12 108 10 104 51 32 26 118 86 27 48 62 70 109 16 0 0 63 68 57 0 0 36 92 67 60 131 25 85 136 27 0 79 0 0 69 113 105 24 28 115 32 4 8 152 119 
0 58 18 0 72 62 48 42 51 32 95 9 66 177 117 45 35 48 64 0 40 58 108 10 73 43 63 28 133 75 64 99 75 2 0 194 38 30 19 9 181 71 63 18 92 95 109 81 49 131 156 124 40 73 102 10 73 20 119 30 0 45 82 93 104 67 78 48 16 63 53 45 63 14 99 67 162 9 36 50 84 166 17 0 52 174 179 81 69 82 21 120 9 151 50 69 92 175 30 59 64 43 18 0 18 72 106 33 161 46 126 173 93 119 5 124 0 57 114 56 47 72 92 42 43 74 0 60 160 51 103 84 202 174 58 62 53 9 93 30 147 21 83 52 29 63 48 0 24 82 15 54 119 36 95 9 105 107 70 45 96 72 144 94 63 6 2 244 39 36 52 33 57 120 32 0 81 24 60 58 0 123 53 55 238 46 0 198 33 2 88 18 72 40 12 48 87 107 44 77 39 81 123 72 210 87 38 70 119 141 36 59 57 81 57 76 63 123 0 71 89 45 91 16 122 68 88 9 18 80 59 260 45 6 12 2 127 49 235 85 0 0 5 0 56 70 135 141 95 35 33 71 29 78 44 78 
18 75 54 0 9 50 190 45 10 0 87 0 27 61 45 0 9 70 60 10 77 35 96 198 131 20 52 82 77 0 206 0 0 165 20 30 57 21 27 3 2 79 21 0 29 50 39 9 91 86 84 33 100 35 161 0 0 42 18 23 119 57 41 7 19 83 49 33 0 132 67 81 59 35 42 64 14 7 60 40 35 0 119 0 28 40 35 5 40 40 8 37 32 92 18 10 16 89 115 47 0 56 35 6 125 21 100 59 81 90 79 66 69 40 239 19 0 134 9 38 132 81 25 0 129 10 56 90 57 24 30 0 0 30 48 17 63 75 10 51 107 132 75 91 0 2 95 2 84 91 49 49 14 54 94 62 136 88 28 18 58 54 166 0 48 114 117 82 29 75 48 59 58 128 24 63 39 32 66 35 114 70 48 63 91 135 58 41 209 42 169 16 90 33 0 150 73 135 142 10 36 0 89 112 0 125 117 6 43 180 3 110 174 0 23 170 52 84 85 69 83 81 20 48 156 6 0 93 120 56 57 117 53 102 0 14 32 56 34 109 0 40 0 144 12 50 7 57 88 10 30 158 36 44 94 8 
4 13 12 0 68 24 0 99 0 42 81 44 3 0 63 76 56 107 81 25 2 116 92 33 5 0 89 2 58 0 42 0 69 89 41 143 10 102 63 6 81 25 9 40 4 114 48 16 64 3 7 76 0 72 75 73 103 35 25 76 20 11 5 44 38 168 0 24 36 47 0 36 88 9 47 13 20 4 77 0 25 119 32 0 40 102 74 4 0 29 33 97 5 104 0 72 29 0 43 37 0 12 0 17 53 81 54 20 19 0 0 33 116 101 56 23 27 44 10 65 1 20 46 22 18 19 13 94 18 16 83 69 102 123 0 146 10 87 48 9 63 10 145 10 39 43 43 1 0 15 30 54 81 80 16 24 68 0 61 0 0 70 69 40 48 83 18 77 81 24 177 7 0 0 24 29 90 0 2 56 28 50 46 0 0 34 37 70 0 45 27 0 112 24 3 3 69 111 0 0 0 12 95 0 133 27 12 6 5 6 27 0 96 18 117 32 10 81 46 9 30 24 24 40 39 10 28 1 64 10 90 23 0 28 20 18 1 48 5 41 61 0 79 14 0 20 42 3 111 57 50 83 0 64 0 45 
43 105 73 18 33 71 78 103 0 58 159 0 6 139 90 0 16 63 208 18 36 56 88 64 54 4 6 4 20 88 18 12 34 59 26 93 121 0 78 15 127 100 21 0 93 74 135 30 18 71 60 45 79 38 72 33 42 21 204 43 6 0 122 0 103 15 72 21 14 83 63 116 13 50 21 29 0 33 43 71 18 170 15 26 5 34 58 32 45 52 129 6 87 42 191 92 117 52 31 44 97 0 31 79 126 68 115 50 6 16 0 42 44 33 92 96 40 127 25 21 80 0 43 14 93 19 32 128 24 47 97 36 71 230 31 147 3 119 24 71 114 15 46 114 51 90 74 24 66 25 45 106 141 30 20 0 3 90 54 46 30 106 109 69 164 119 180 96 85 62 60 7 3 62 83 101 149 0 54 0 229 82 56 8 48 124 12 82 0 33 91 0 0 40 76 1 101 38 23 78 27 6 105 47 112 63 137 42 63 108 57 66 94 22 117 10 48 104 0 115 72 68 0 35 111 75 10 33 122 69 30 75 20 49 24 20 109 84 27 51 34 78 27 73 21 117 76 72 84 14 12 26 72 94 90 15 
85 46 21 15 24 4 0 122 36 118 18 6 50 123 49 30 24 0 9 24 66 74 24 54 87 97 45 56 36 28 0 6 0 54 6 45 29 30 73 10 22 10 63 54 32 88 72 9 57 81 89 53 38 28 210 190 87 74 0 51 36 18 24 85 38 42 47 0 133 139 41 85 42 64 77 74 159 24 9 60 18 82 9 61 64 118 22 95 30 137 0 5 128 58 0 42 113 36 154 18 65 63 30 69 24 16 106 0 38 36 101 30 128 14 5 30 109 0 74 70 8 42 28 59 3 18 176 60 0 37 70 70 172 20 70 77 153 64 13 54 53 79 58 51 16 7 87 30 48 88 0 96 18 4 100 1 49 27 79 110 96 26 108 21 54 135 10 8 2 67 63 12 28 72 42 128 16 58 52 5 0 0 0 36 81 138 67 56 71 136 62 0 8 0 36 71 79 64 223 15 41 24 105 47 18 6 24 0 0 52 6 54 113 75 26 56 63 126 0 85 126 34 0 48 56 99 7 123 44 95 28 45 136 86 111 44 24 27 42 38 2 60 39 8 54 14 33 18 111 0 8 6 60 15 12 185 
16 32 36 72 48 81 54 97 58 44 95 60 69 221 145 14 33 87 124 18 73 212 27 130 129 124 96 37 85 22 26 28 92 73 8 102 113 113 57 14 129 79 90 9 52 8 28 0 34 39 137 124 24 26 0 178 110 0 87 35 35 146 111 53 0 112 0 54 0 106 99 159 111 48 66 97 60 41 57 47 72 129 78 93 13 52 105 27 84 169 105 6 6 98 103 84 32 11 67 77 147 52 15 188 174 48 43 0 74 30 137 0 85 51 89 20 27 0 30 31 115 78 89 0 34 68 53 114 86 93 60 36 84 96 24 120 24 72 67 36 125 116 118 25 24 66 24 3 66 43 12 54 68 75 91 87 14 9 122 81 0 60 42 188 184 54 67 75 111 55 88 3 99 57 148 62 130 145 67 46 100 208 67 48 111 54 18 138 204 125 34 99 25 28 24 0 208 91 89 72 0 3 49 0 54 154 9 58 31 78 24 24 88 160 106 92 77 106 0 4 15 39 24 108 125 44 0 48 157 91 46 78 6 93 132 128 215 142 74 15 29 27 151 56 81 99 78 153 236 83 8 56 48 118 0 120 
99 64 7 0 60 50 50 92 12 0 28 0 43 209 0 148 72 35 47 42 12 28 91 128 6 31 164 98 0 76 159 84 98 148 21 84 58 40 34 122 151 203 8 26 12 79 87 96 36 159 70 20 23 71 72 54 137 3 0 57 16 108 94 56 0 94 138 133 0 50 90 124 91 133 56 85 24 22 32 29 41 153 47 134 91 88 60 73 0 18 81 0 0 76 161 40 160 147 137 35 35 16 49 22 79 73 34 20 109 17 63 25 93 52 143 14 88 93 119 48 18 48 34 40 179 96 0 14 86 56 23 14 4 148 33 97 6 21 108 54 60 142 8 123 26 110 12 7 120 2 28 63 0 98 7 57 56 72 94 0 116 64 56 39 30 64 124 177 76 78 78 24 56 98 128 0 43 119 91 16 96 97 24 18 88 18 176 40 32 11 56 204 96 2 62 207 116 55 96 110 31 4 59 42 99 147 104 136 0 183 2 82 111 123 258 91 0 59 0 138 213 89 28 175 70 59 35 158 94 88 54 63 6 80 56 18 164 0 53 20 28 0 49 54 97 135 84 180 36 6 34 76 7 0 28 98 
149 99 83 81 134 23 17 82 8 28 16 0 12 17 79 6 49 75 102 66 126 121 75 9 12 75 105 58 118 91 26 111 91 22 32 43 47 48 125 37 85 78 8 66 26 70 146 36 31 78 118 28 25 28 151 89 72 98 45 52 56 65 118 92 75 78 22 72 49 6 93 0 114 111 156 61 0 110 2 35 161 44 27 88 0 42 44 48 4 52 137 146 60 59 41 2 94 0 35 137 63 66 153 48 75 18 132 0 5 17 95 125 117 77 15 4 53 61 0 2 0 96 60 81 19 27 83 94 106 40 30 46 87 77 66 37 72 40 98 0 61 40 48 3 74 60 113 25 126 5 28 109 10 174 48 63 35 40 198 0 137 35 20 77 111 155 58 26 0 39 0 82 30 123 94 20 18 111 34 3 111 210 8 94 88 15 44 44 96 134 126 55 0 22 10 137 103 55 43 45 0 48 0 75 35 40 66 70 169 118 70 51 18 117 180 88 20 115 12 55 72 140 58 50 14 34 0 56 63 24 0 91 10 25 87 12 105 140 116 0 95 5 159 39 244 11 187 132 79 104 52 83 78 66 54 111 
3 80 63 0 40 0 0 12 49 0 36 0 0 183 149 0 39 24 98 5 68 48 0 160 47 72 86 128 30 80 62 24 56 40 25 66 32 15 20 0 5 18 93 106 24 18 0 26 25 40 45 42 0 7 45 0 52 12 0 115 106 24 20 78 0 60 104 71 0 48 0 87 35 0 0 63 16 8 44 32 0 101 78 28 81 0 0 53 15 0 0 33 23 135 0 0 39 0 24 0 56 96 20 61 0 43 52 27 16 49 57 18 100 38 150 40 16 64 0 42 2 35 97 7 69 78 5 45 106 8 54 0 28 35 24 89 56 0 5 33 51 36 40 0 0 102 24 0 36 7 10 75 60 75 68 27 0 5 10 63 7 67 72 44 152 86 13 0 18 25 28 171 77 40 120 45 72 6 3 8 0 106 5 71 16 18 102 18 183 68 56 72 104 22 21 91 80 82 35 32 0 59 40 75 0 45 46 84 30 48 0 78 188 6 16 68 75 52 33 25 90 9 36 63 32 48 104 66 82 0 0 69 11 15 18 26 15 6 76 105 12 0 20 0 10 8 21 122 40 6 48 57 53 0 42 52 
49 45 48 30 25 83 169 198 16 54 90 6 36 53 9 14 32 19 15 18 71 33 96 106 91 148 46 59 0 4 27 95 86 41 63 54 26 18 29 37 56 32 15 30 24 14 14 24 50 0 5 138 151 26 35 53 7 48 72 57 93 86 134 0 60 57 59 63 0 211 63 74 16 49 91 79 0 36 53 21 0 21 63 17 54 60 35 4 40 104 68 0 168 60 196 171 18 50 6 92 6 58 29 50 139 60 3 60 53 0 28 0 118 22 104 22 9 162 4 65 95 13 103 42 59 23 4 49 80 12 39 24 12 0 12 4 17 104 74 0 66 157 117 47 68 141 91 0 18 30 40 14 74 5 22 63 70 146 50 0 66 66 69 151 51 98 80 39 23 51 42 8 2 24 198 3 81 14 37 14 45 104 8 0 81 85 41 4 48 18 78 144 101 63 62 43 82 40 0 22 6 14 105 74 0 77 102 6 64 35 63 61 51 0 0 0 9 0 15 35 97 28 0 86 33 152 8 75 86 90 13 60 27 43 47 9 80 76 78 114 19 0 0 77 29 126 133 37 12 43 0 73 38 28 128 94 
40 68 144 60 36 30 114 35 48 148 65 96 40 122 80 10 11 72 42 76 62 148 25 100 14 133 168 1 30 31 65 32 54 15 58 147 53 150 61 14 117 68 67 30 74 70 122 89 32 46 52 63 52 76 56 35 24 0 152 122 8 0 102 55 64 83 0 61 29 81 9 6 105 63 35 103 60 7 89 48 33 135 36 28 46 77 136 4 63 38 29 116 36 67 10 30 57 7 234 11 64 68 51 0 42 74 100 5 3 3 57 56 154 149 81 18 10 0 6 77 78 0 80 18 33 125 39 99 32 0 100 97 47 66 10 157 18 123 101 115 151 119 78 49 0 72 219 0 64 10 0 21 54 93 84 5 74 64 55 85 0 89 81 20 70 212 75 86 43 80 87 25 23 144 33 136 86 0 72 56 149 178 48 0 152 0 25 6 44 59 54 24 70 13 100 41 42 7 0 74 24 26 40 24 48 95 0 76 0 153 106 36 76 57 25 86 75 109 105 54 148 35 17 48 8 70 40 151 175 78 72 28 10 31 36 87 273 136 202 149 17 6 45 0 112 117 27 54 127 21 36 69 71 0 107 69 
18 6 70 6 30 27 61 81 95 81 72 96 69 50 78 22 18 0 57 27 23 29 112 82 42 163 127 25 72 0 55 25 63 53 105 117 25 114 91 42 85 0 134 18 0 59 74 95 35 79 141 49 0 119 54 113 24 18 15 18 128 121 0 34 69 77 24 70 0 72 45 54 147 93 86 98 0 24 54 0 27 69 15 45 154 110 0 56 108 43 40 0 70 126 42 8 90 36 15 71 0 102 21 81 56 0 71 30 0 0 18 0 84 0 165 144 54 66 67 35 135 36 154 102 6 49 0 71 18 87 58 6 131 10 20 16 26 130 6 79 48 118 96 13 69 50 44 6 63 122 110 87 40 72 6 0 0 65 24 54 15 94 209 36 0 80 80 10 56 42 45 0 0 0 42 8 59 167 57 79 15 51 55 0 58 127 103 45 0 50 39 54 13 86 22 42 126 114 172 177 42 116 101 62 0 118 0 0 8 7 117 104 20 57 141 18 4 87 84 149 91 12 42 168 93 12 0 177 72 0 23 24 85 62 89 60 157 33 67 36 0 0 28 19 76 46 0 158 42 92 81 40 150 0 27 24 
36 14 0 0 88 62 52 46 36 24 30 88 7 88 64 56 45 36 60 53 60 40 136 107 82 23 46 27 34 132 70 6 58 4 0 89 52 55 63 110 85 52 12 54 49 69 113 63 12 0 44 106 77 68 32 73 42 16 4 28 68 45 64 56 60 18 56 68 0 52 74 20 95 141 112 35 24 3 24 58 0 96 34 14 36 117 113 78 60 170 0 113 12 102 178 30 32 52 114 191 36 69 20 100 59 23 24 35 35 91 85 30 18 0 57 19 20 48 32 36 56 0 124 86 48 10 16 28 0 78 0 24 7 0 0 0 86 0 64 66 48 14 97 40 42 122 124 0 88 14 16 134 0 106 118 56 0 11 149 36 16 120 40 143 50 161 158 136 122 40 4 6 16 74 140 63 42 162 8 3 128 36 12 177 113 60 30 124 197 34 43 107 70 61 28 65 40 91 52 51 15 7 38 40 32 105 16 149 35 14 0 88 51 62 46 65 0 9 0 80 24 86 87 98 0 51 88 39 10 0 25 62 21 104 99 148 46 63 0 104 37 4 111 20 124 118 265 55 30 0 28 0 31 16 0 20 
35 16 66 33 12 71 56 122 22 115 85 8 88 13 160 63 84 15 30 18 85 57 51 144 53 79 46 102 97 28 34 62 3 6 43 95 1 51 79 64 63 0 18 39 24 63 106 68 93 69 131 4 8 54 145 8 20 36 32 117 81 49 90 136 27 13 0 64 36 22 0 73 175 27 16 4 0 66 51 71 53 27 25 57 25 112 151 81 9 138 60 16 9 137 56 63 61 79 113 76 0 7 130 63 12 20 114 28 102 38 134 58 60 46 50 6 159 42 79 158 55 78 0 52 102 61 24 35 169 94 12 47 132 45 135 30 27 37 41 117 26 61 57 127 32 41 26 11 53 76 13 164 35 89 54 36 0 0 7 18 63 88 83 64 0 16 165 21 77 81 18 63 6 56 77 9 15 0 130 103 20 102 63 99 60 37 85 117 18 0 166 114 85 8 6 111 104 44 213 0 70 156 51 65 71 73 65 91 59 83 137 75 122 70 52 26 32 56 123 83 123 131 0 76 32 202 59 81 88 120 90 73 0 120 122 81 83 65 180 54 15 0 31 83 7 24 136 233 38 12 45 91 21 56 18 94 
35 69 69 0 0 63 18 72 21 82 26 82 109 44 0 68 7 16 40 25 88 36 32 38 18 48 7 6 12 24 8 16 3 27 21 20 5 48 157 66 46 0 55 17 77 85 8 103 0 0 53 65 69 71 58 3 0 0 26 172 112 24 0 40 71 99 54 12 24 18 0 148 64 0 78 0 53 0 48 85 52 2 74 0 31 66 25 139 72 0 100 67 56 0 31 41 16 0 0 57 115 20 33 11 27 44 9 92 0 67 14 129 83 35 129 35 61 13 45 6 102 8 64 97 0 38 64 107 27 81 18 56 49 59 46 89 44 58 35 39 54 13 22 63 36 10 44 4 19 41 108 112 5 10 126 45 43 56 21 0 137 16 17 0 39 93 6 24 99 22 112 53 59 0 157 50 0 30 46 62 0 47 130 23 50 42 72 36 70 45 27 29 24 89 114 4 98 46 132 93 40 2 38 211 38 70 0 92 21 135 47 40 6 92 43 34 24 96 20 0 11 115 12 49 83 16 0 120 97 151 18 20 17 25 30 4 0 53 18 64 3 99 0 66 10 35 21 10 82 66 71 1 14 0 31 54 
15 115 27 34 122 16 110 124 107 30 122 53 70 203 57 30 50 167 66 73 0 128 155 50 24 50 46 72 64 144 74 20 56 84 25 12 62 28 77 22 80 25 28 67 68 8 54 56 10 8 64 113 61 70 152 104 53 60 76 88 66 100 27 110 49 20 138 5 17 115 49 164 212 24 195 40 83 43 9 105 48 62 0 24 35 98 80 81 70 107 31 83 160 84 62 29 28 0 56 80 166 52 30 54 130 45 38 38 37 6 102 0 20 28 32 157 80 9 74 69 26 123 32 74 0 45 75 20 61 80 0 80 68 106 47 31 56 96 61 53 69 53 60 72 64 163 99 0 73 59 24 52 14 146 174 43 62 68 2 57 158 110 41 43 183 37 24 109 32 26 95 92 119 52 167 128 48 87 53 33 0 177 100 15 74 54 71 41 43 44 12 75 49 16 123 40 83 63 102 64 97 12 12 54 104 52 0 8 45 93 43 5 42 111 95 51 30 80 5 163 81 86 30 105 171 183 86 112 121 101 99 47 46 48 85 29 104 84 52 37 94 99 20 16 0 119 140 48 65 78 110 87 54 37 109 187 
52 43 46 54 48 46 92 94 46 48 182 0 27 122 22 88 24 48 57 0 84 14 88 100 104 135 111 112 38 107 135 76 96 82 79 5 129 18 8 48 36 72 56 29 75 95 158 37 202 144 36 125 18 48 138 49 0 191 26 24 71 119 140 42 60 8 125 81 28 159 93 67 66 30 145 91 0 56 37 56 66 32 110 35 50 273 76 50 44 210 91 6 72 57 114 125 22 93 0 35 131 76 14 68 21 150 151 13 107 39 30 21 81 48 93 134 46 99 211 113 60 107 94 28 28 54 57 62 44 66 9 35 21 14 8 51 81 129 34 67 119 110 78 73 16 90 31 0 169 8 0 40 4 133 16 89 54 91 22 9 49 45 74 118 101 18 0 76 130 72 35 58 7 78 55 42 35 137 58 5 77 13 111 34 159 63 122 68 27 78 65 20 40 0 3 51 86 98 192 51 54 16 245 10 35 0 3 0 3 64 0 46 135 54 155 93 9 14 10 137 145 41 37 60 144 95 77 40 40 78 16 84 46 75 30 1 111 49 79 51 30 116 0 120 50 131 172 71 77 18 74 72 4 44 14 46 
193 8 0 48 49 61 56 90 82 76 49 0 31 68 48 108 24 32 79 34 30 63 90 67 39 72 80 0 32 12 0 59 77 93 0 128 6 18 33 53 139 90 2 25 3 17 24 92 42 72 173 99 55 96 131 116 45 23 16 150 116 40 83 70 103 55 2 7 17 96 57 0 49 93 52 0 98 45 33 55 146 15 73 22 105 121 66 149 48 89 83 74 4 77 82 95 40 114 103 40 85 52 0 45 52 46 4 0 31 80 19 10 79 42 84 66 91 12 104 74 37 0 142 53 10 78 29 32 32 117 16 55 90 82 24 6 73 120 45 27 7 111 55 12 89 15 3 0 60 153 0 127 0 15 77 72 58 100 69 72 30 120 114 93 18 160 66 159 110 14 44 6 4 30 114 15 12 0 32 48 57 183 81 105 105 87 65 96 8 64 0 79 61 24 65 62 82 83 45 26 12 47 23 132 48 44 51 140 0 54 8 124 8 77 35 56 78 91 0 75 64 95 102 95 0 76 0 102 44 57 0 10 15 85 34 129 44 72 39 24 0 32 54 0 62 118 96 21 95 12 104 49 37 0 12 48 
81 109 8 7 4 106 171 63 22 141 10 14 31 8 44 68 15 22 105 0 1 0 138 12 162 70 11 57 47 70 141 44 141 0 23 116 113 171 24 4 81 0 51 66 28 21 48 175 7 36 124 45 40 71 40 52 30 36 0 67 6 0 51 22 112 18 49 61 0 9 88 33 185 117 54 74 124 27 247 90 33 152 2 18 5 94 70 0 169 28 83 0 8 95 81 63 41 14 79 43 86 41 27 53 10 109 181 12 109 9 78 72 158 144 61 8 7 59 65 101 122 0 127 33 2 73 53 14 85 23 0 87 42 134 0 30 115 94 65 91 45 126 45 166 59 79 8 0 48 24 0 72 63 137 1 0 72 89 2 23 49 55 17 144 4 124 63 73 0 93 36 149 0 48 132 45 0 84 72 50 28 213 123 109 73 159 83 31 7 37 185 80 6 86 36 86 5 166 5 1 0 51 113 157 179 102 163 18 35 112 99 185 66 77 34 106 9 90 91 72 14 80 52 0 63 56 23 19 52 42 33 112 0 14 25 182 72 75 136 45 30 45 0 55 2 96 120 9 45 82 14 90 49 103 63 39 
42 161 9 16 12 72 60 49 42 82 107 0 36 129 14 30 115 35 33 39 3 68 148 99 151 57 50 57 6 20 190 68 18 72 0 42 88 94 55 38 0 26 0 50 36 49 135 72 14 39 62 120 0 33 43 66 16 65 10 89 5 35 66 32 114 144 8 78 19 2 55 99 122 156 45 0 125 9 131 12 77 44 3 48 33 4 56 16 32 5 87 89 10 56 95 98 87 89 116 36 27 49 68 28 88 30 156 192 24 59 94 84 114 84 172 42 79 141 24 30 53 36 129 0 85 117 28 43 74 52 0 89 52 134 78 75 89 219 95 79 144 152 114 39 6 26 113 25 51 0 45 18 35 62 18 9 128 76 120 49 12 102 29 9 48 135 9 32 60 12 48 132 23 157 39 102 12 6 41 0 87 43 28 94 108 17 18 45 64 52 30 164 61 192 27 129 14 44 105 73 102 46 197 55 70 116 77 30 3 124 94 28 56 47 46 109 8 56 20 51 122 45 8 153 56 121 12 22 194 46 32 147 61 101 48 35 79 32 28 66 88 24 0 36 35 50 22 100 44 92 34 127 62 53 132 56 
0 41 15 45 13 58 0 133 71 123 58 42 100 0 54 0 66 94 16 0 3 4 78 6 36 52 40 78 14 0 0 45 8 0 6 73 0 34 92 0 18 12 10 21 21 18 0 0 0 48 84 82 0 48 64 8 72 42 32 89 0 64 88 24 30 18 3 26 21 0 39 81 98 48 111 0 2 1 0 0 69 18 72 0 25 42 28 54 46 39 99 0 12 107 30 75 6 97 78 4 37 2 62 30 12 46 4 94 63 20 63 21 42 7 0 40 58 82 98 29 113 78 48 27 0 0 9 8 124 48 16 21 128 84 66 0 5 24 37 10 65 58 88 129 62 55 25 0 77 143 18 0 20 4 5 61 0 35 16 63 72 161 40 49 4 26 52 0 1 4 27 45 0 1 0 0 0 12 63 68 179 36 54 55 0 34 0 34 81 37 24 110 50 28 0 16 75 0 143 5 54 8 39 45 63 56 23 16 67 4 108 68 0 22 21 17 26 27 81 77 28 6 35 48 60 108 35 0 65 122 0 41 0 112 0 50 40 15 22 37 6 0 0 56 4 12 45 68 35 9 12 115 66 102 22 28 
3 50 71 0 59 53 62 184 53 21 95 38 45 107 113 79 35 3 50 48 0 156 131 158 32 81 72 50 27 134 56 25 83 47 21 32 96 57 58 0 26 60 0 0 49 67 13 67 101 41 45 99 10 95 34 53 97 45 0 80 63 216 0 0 42 115 46 63 56 75 84 72 51 14 89 38 0 5 34 80 58 108 26 50 40 73 42 45 62 86 101 66 36 65 48 15 5 48 74 23 173 0 21 98 151 80 37 0 60 0 107 46 50 28 42 20 74 26 108 39 97 24 49 5 41 18 132 84 0 47 48 88 48 64 28 8 35 73 88 43 32 159 73 130 212 204 17 18 0 30 0 48 59 57 85 6 114 57 42 63 55 121 56 49 40 49 74 80 10 58 3 136 28 18 76 47 141 75 40 70 21 18 5 50 72 41 58 29 98 91 83 59 73 21 31 60 73 44 60 9 4 35 20 6 79 18 62 70 94 78 15 9 86 54 174 83 49 35 58 28 56 0 45 3 37 45 25 93 104 8 95 65 93 24 143 45 113 5 131 15 105 16 146 29 21 29 32 99 25 0 3 4 70 63 118 96 
54 98 0 90 16 18 46 59 53 48 95 72 10 146 50 56 6 125 153 145 57 126 79 106 39 129 33 47 117 184 56 97 108 7 10 179 72 45 84 69 76 79 30 15 163 152 215 0 62 56 161 47 55 120 67 54 79 79 113 50 47 41 12 8 36 65 121 64 0 50 142 9 28 109 45 78 89 51 30 86 10 177 120 4 147 114 141 109 114 85 8 182 95 0 196 49 76 15 0 129 36 0 18 26 20 153 144 0 114 16 16 304 52 63 122 34 3 114 71 69 118 94 48 30 96 67 152 63 154 30 55 25 154 124 43 6 32 68 51 85 2 82 151 15 22 33 193 47 60 48 7 135 55 180 84 147 13 75 83 13 64 22 107 63 124 112 10 50 157 86 0 28 9 163 96 51 48 25 28 25 0 124 44 32 184 54 92 141 50 7 77 13 99 86 47 65 105 44 146 83 116 94 26 22 186 50 43 129 95 130 15 8 34 99 24 156 0 61 30 83 111 81 127 107 46 86 18 89 63 11 35 157 50 73 51 91 81 32 160 68 68 9 85 45 63 20 134 144 49 53 127 56 69 27 87 5 
106 6 9 64 16 125 54 69 62 84 38 28 140 126 0 90 51 100 157 0 68 0 33 117 192 0 10 126 142 88 52 63 102 62 0 17 22 66 64 9 93 25 16 36 76 7 14 9 75 23 40 72 37 92 100 66 42 82 2 54 21 12 43 64 12 36 42 0 9 7 59 143 121 89 78 9 0 93 14 0 32 11 4 0 66 63 47 63 32 0 9 55 18 109 9 7 1 139 102 30 42 42 64 10 30 90 64 60 10 18 73 18 50 66 48 61 116 86 64 13 25 93 44 25 0 0 94 49 61 31 25 67 57 92 12 72 14 29 58 22 30 101 74 57 8 0 32 11 52 50 53 119 12 11 121 45 16 19 8 12 23 2 166 35 24 92 40 0 21 21 54 8 69 8 17 51 71 69 54 60 63 124 58 50 87 0 24 19 147 29 43 50 52 9 17 86 89 80 97 51 55 48 125 15 0 202 72 56 45 192 28 63 47 80 169 54 0 107 0 36 35 15 36 122 58 33 32 48 139 145 49 62 85 64 66 26 45 42 6 44 49 0 65 72 22 85 0 222 95 66 12 72 60 16 75 217 
36 80 89 27 21 66 75 24 109 86 12 0 72 42 114 18 54 6 91 81 0 44 37 138 160 48 48 85 44 0 117 28 56 34 60 89 78 63 6 48 40 0 187 54 33 0 72 60 97 131 107 30 28 64 67 137 10 0 0 113 52 73 30 0 0 140 46 84 0 17 0 117 12 7 111 63 37 39 91 51 0 72 57 18 139 48 48 0 24 83 30 80 24 172 150 63 30 0 58 143 48 283 48 23 68 72 89 104 27 30 87 151 0 28 170 50 59 21 63 218 54 15 136 14 117 117 81 42 112 76 48 14 88 50 40 103 63 75 69 82 58 65 56 80 22 59 59 36 30 45 10 54 38 162 18 45 53 115 131 46 42 72 189 28 105 135 212 0 87 64 66 105 24 4 101 0 6 135 84 43 75 91 171 81 160 74 111 24 108 58 100 84 18 69 87 124 103 73 101 105 28 10 73 88 42 45 88 171 63 0 24 87 0 63 54 246 33 40 21 176 54 42 127 187 6 24 0 201 105 129 30 71 23 12 72 40 122 104 93 119 27 34 61 87 88 73 247 84 157 35 112 21 105 96 72 50 
37 116 27 44 4 83 126 93 113 43 27 56 150 203 8 76 28 0 44 0 36 74 147 131 19 162 51 36 6 160 9 27 24 0 33 35 37 51 66 36 144 45 88 45 0 24 6 147 39 48 0 86 120 141 72 63 9 99 91 50 27 75 139 0 49 40 80 44 0 73 137 144 9 135 107 118 28 42 55 69 6 9 63 68 34 95 64 77 33 112 5 0 121 74 95 51 23 110 42 18 37 9 28 18 16 197 11 28 67 0 65 9 111 32 40 100 131 30 54 111 85 55 65 24 78 63 32 69 149 139 61 121 85 72 32 42 110 4 179 85 63 121 16 88 38 117 80 1 12 22 14 57 48 139 150 90 35 140 113 0 114 52 32 29 61 45 52 33 54 58 37 51 99 45 67 173 25 108 76 110 106 139 67 10 145 76 145 72 64 13 98 114 40 61 35 49 114 39 70 65 109 21 62 99 0 157 60 82 0 161 98 72 52 56 44 58 18 31 36 50 29 30 38 77 7 75 88 80 66 120 31 30 7 56 60 18 66 79 46 107 81 95 49 18 83 143 64 114 38 61 12 82 52 2 68 39 
32 32 26 56 22 81 18 144 39 79 37 9 30 0 65 51 24 30 36 76 87 10 20 9 5 78 37 66 30 30 7 80 61 145 18 87 85 35 138 8 0 69 27 10 20 0 102 110 0 3 31 58 25 54 118 50 30 64 81 81 3 55 8 22 98 103 56 80 12 116 8 90 215 0 102 52 18 124 0 24 77 93 0 170 0 86 72 42 0 102 16 53 40 17 7 91 58 32 63 91 105 64 94 0 24 45 204 108 111 108 27 161 75 51 0 50 156 96 93 43 75 111 44 73 42 72 73 4 40 7 35 54 18 46 40 59 173 0 106 38 37 20 58 140 32 61 78 0 25 78 27 16 5 82 114 2 5 51 54 6 53 54 59 69 38 7 24 48 48 18 44 218 5 45 45 143 30 81 28 57 30 48 6 16 140 100 147 72 3 64 116 107 50 6 24 105 56 75 68 71 54 42 171 87 91 7 4 33 36 75 96 105 32 136 76 4 33 135 27 36 33 172 0 18 30 113 128 65 82 38 0 139 0 108 0 7 129 38 69 28 40 54 0 57 158 124 72 6 63 28 3 84 93 20 66 86 
0 40 27 48 15 6 0 0 21 4 21 0 60 39 35 0 18 36 58 18 0 24 30 21 18 0 30 96 36 0 0 0 0 0 0 25 63 20 72 24 0 39 41 0 0 0 9 0 18 8 5 21 0 86 40 0 76 0 16 6 28 8 18 16 30 28 63 81 0 54 24 32 0 10 68 0 0 20 24 33 35 65 49 4 0 0 0 65 0 8 54 32 0 0 20 0 10 57 6 8 45 12 1 0 0 27 36 3 81 0 39 18 27 20 45 16 7 0 99 71 0 33 0 32 0 13 74 0 98 15 31 21 18 0 19 20 4 16 8 6 10 16 27 0 48 24 10 8 34 8 2 30 44 96 0 42 64 60 15 10 0 24 0 0 12 30 15 12 77 0 0 12 0 10 81 8 90 9 55 54 15 94 15 7 86 0 72 55 49 0 0 19 84 31 54 0 27 67 46 0 0 12 25 0 45 63 0 12 4 24 24 35 55 42 33 10 62 0 88 49 13 28 0 9 0 18 45 43 40 24 21 77 5 66 0 3 9 11 72 12 0 0 49 28 9 0 49 62 42 0 86 33 97 74 25 12 
5 53 80 30 65 9 50 30 64 14 84 0 30 175 175 54 75 40 64 40 120 50 206 141 79 0 43 0 94 52 46 61 94 67 97 127 0 37 66 96 68 82 63 19 36 50 0 140 118 80 98 78 43 51 161 0 18 29 20 38 48 48 26 40 56 14 17 129 0 36 107 115 87 20 27 0 88 24 13 18 54 126 67 142 79 118 20 118 81 88 78 50 120 160 93 74 97 31 92 61 137 129 33 46 135 48 192 99 30 54 119 48 212 117 126 66 95 102 36 40 41 127 77 0 93 107 85 100 0 24 4 12 30 114 39 66 100 56 102 52 30 40 22 96 69 46 82 47 32 85 16 127 0 92 146 92 11 254 113 73 60 83 4 35 156 122 114 26 78 72 26 168 8 112 7 96 21 37 127 10 97 81 19 5 65 137 50 182 112 43 27 43 66 66 75 38 9 153 8 93 6 55 106 74 60 175 68 44 48 60 69 17 85 146 62 41 21 148 3 40 55 118 67 212 107 57 90 8 111 111 14 87 27 186 18 88 72 38 18 144 113 42 16 0 36 87 0 92 115 78 0 24 102 12 86 6 
14 62 0 114 12 53 72 79 0 26 55 32 103 64 70 85 72 64 132 14 26 8 18 33 16 226 63 31 30 42 21 0 93 29 40 84 45 157 84 99 72 124 91 25 85 0 15 36 150 15 12 77 76 54 89 27 0 0 8 60 0 80 116 0 38 32 118 45 4 40 109 77 100 13 47 193 80 120 87 151 37 109 119 0 98 95 41 72 45 72 0 21 40 0 102 70 65 54 3 35 41 63 24 0 21 80 105 7 8 0 116 8 166 0 104 108 16 57 66 141 149 53 40 63 38 132 97 12 117 85 10 40 0 4 12 83 45 75 111 50 7 14 33 68 32 12 37 0 68 2 12 77 0 42 53 35 50 28 6 25 22 15 69 40 16 11 74 54 171 64 143 77 0 30 129 60 35 121 0 63 9 144 107 18 80 37 0 19 22 7 86 8 28 40 53 91 122 14 46 84 62 12 46 18 14 79 25 59 36 116 6 95 31 6 14 248 6 17 0 97 35 102 74 159 15 0 0 53 70 47 117 42 15 16 98 97 207 54 92 32 24 94 14 0 21 83 64 96 57 40 0 54 0 0 0 62 
59 18 32 75 64 19 78 72 12 102 48 19 20 44 117 52 28 120 62 54 85 85 93 99 9 71 73 66 39 83 12 24 32 34 80 32 60 42 121 56 94 20 18 97 90 0 39 100 62 0 88 69 37 120 20 106 41 116 84 39 68 72 79 37 119 70 58 0 16 71 61 142 71 107 15 124 82 37 3 16 96 9 45 24 0 183 27 9 36 83 12 8 56 32 118 63 171 51 82 39 138 17 20 59 118 44 237 44 0 4 70 92 64 63 63 104 72 72 81 148 72 41 103 0 45 135 49 39 48 25 12 87 13 124 8 2 48 32 172 19 38 14 4 50 56 48 91 56 56 24 83 56 40 142 42 69 19 75 72 82 61 4 181 53 4 118 30 9 10 28 89 49 76 72 83 9 12 4 6 92 2 96 57 8 190 69 96 8 54 56 43 72 26 102 31 33 26 123 114 62 27 72 37 33 175 65 88 21 8 42 24 5 74 96 54 116 0 32 0 30 177 92 63 152 10 60 0 32 45 38 127 75 44 98 84 21 111 59 74 42 4 30 66 0 68 92 98 61 109 101 46 0 23 36 24 108 
18 54 55 93 20 9 33 40 20 63 30 0 39 42 5 36 48 8 30 0 36 105 50 22 77 0 8 38 21 94 1 122 116 49 14 50 44 54 43 54 2 15 32 30 0 28 56 180 24 0 105 91 40 21 32 6 0 16 21 30 20 32 123 16 41 122 32 0 45 18 36 129 95 0 4 56 89 0 15 63 97 10 77 41 16 30 32 0 45 52 32 27 0 10 0 28 67 0 0 0 114 45 16 45 6 103 56 73 30 48 83 56 61 28 56 9 35 35 0 33 0 35 20 5 25 54 137 99 41 41 0 0 0 89 4 10 114 0 57 43 0 59 17 72 101 42 24 84 35 8 20 64 0 36 99 27 12 109 18 45 0 0 6 8 9 35 15 4 77 51 63 28 57 0 87 12 45 0 22 47 56 119 3 34 32 0 158 20 0 49 54 0 72 45 24 28 57 22 145 8 36 48 53 34 0 75 12 36 42 32 36 9 7 50 27 56 70 127 75 7 81 59 95 36 51 71 32 0 68 35 104 34 102 38 42 20 112 0 78 70 44 48 47 104 2 25 79 86 24 16 0 3 68 6 102 76 
88 82 27 89 0 0 23 78 45 46 107 0 5 45 63 40 59 88 112 60 161 66 47 88 52 73 101 16 98 195 63 85 39 20 30 93 109 101 99 4 62 99 48 0 20 0 62 0 54 5 81 7 53 14 89 43 62 20 108 127 8 3 35 119 86 70 0 58 16 4 0 57 63 75 20 50 59 164 91 97 21 162 0 46 72 107 34 0 83 102 1 42 36 0 76 0 20 0 70 51 42 106 129 59 118 20 134 0 49 38 98 107 124 35 54 44 62 30 14 14 252 56 60 82 77 48 54 71 46 21 58 57 9 208 16 0 73 45 45 3 30 7 55 6 95 87 171 0 110 76 108 185 1 79 58 40 5 34 90 46 9 46 171 35 157 94 96 111 42 57 56 97 77 140 69 197 81 66 45 14 50 85 0 30 109 79 30 34 98 40 93 70 95 133 20 88 94 12 76 50 99 24 121 37 140 86 36 82 39 43 46 56 50 51 45 132 27 47 18 24 92 63 0 7 15 86 110 28 151 36 49 25 21 51 116 83 77 147 108 141 20 4 24 97 72 72 137 27 75 0 0 10 91 60 8 94 
41 119 132 6 54 83 20 106 82 156 102 0 83 181 110 0 89 68 16 62 91 85 100 80 41 103 66 54 108 116 50 9 36 111 0 82 0 87 91 96 98 101 20 64 86 45 66 181 51 108 117 35 0 129 68 176 0 155 37 68 99 81 142 96 91 17 0 22 91 27 104 272 88 171 84 38 51 64 135 120 163 58 76 30 63 94 121 72 42 133 20 30 44 20 81 47 182 96 48 44 94 33 55 28 130 165 117 163 50 46 39 24 104 52 55 12 131 140 110 99 81 21 75 61 16 73 79 100 73 81 6 117 176 103 18 106 79 180 44 84 43 125 51 39 96 87 78 45 63 18 97 73 43 214 82 56 21 0 97 88 88 102 65 78 157 127 54 59 26 57 20 161 42 92 104 147 54 147 68 77 79 171 76 9 0 86 168 84 38 10 81 130 9 128 0 97 50 76 0 46 81 127 79 78 143 16 108 83 0 84 120 93 96 112 100 60 0 153 77 18 100 109 12 126 0 43 0 99 208 106 0 26 77 91 97 147 60 120 24 21 81 88 45 73 14 119 112 84 66 56 85 166 119 21 82 125 
129 6 6 35 26 103 58 0 8 86 36 0 131 25 74 24 61 21 120 12 72 51 78 0 38 32 9 101 6 80 12 9 35 102 89 80 56 136 110 12 62 125 0 0 12 0 24 104 35 0 54 15 137 41 95 0 6 0 93 78 81 0 173 28 102 12 102 59 14 74 0 109 151 83 69 27 28 85 84 60 88 89 66 0 35 36 0 38 36 34 35 75 21 24 54 135 35 25 67 36 71 76 14 54 2 48 177 74 90 36 63 6 55 14 0 63 66 108 222 38 21 117 103 120 12 0 41 21 36 45 20 20 30 14 10 15 54 0 53 35 0 35 106 32 0 23 14 0 77 56 2 63 21 97 111 114 0 50 32 0 49 103 70 52 2 89 44 44 72 39 104 76 20 5 225 81 4 18 42 18 105 157 48 3 7 58 57 88 84 58 6 63 80 42 50 53 63 160 70 21 0 68 168 20 30 89 3 34 21 16 0 87 53 0 84 30 25 32 40 73 85 49 0 63 4 72 51 0 89 0 68 71 7 66 39 2 76 0 154 50 6 24 49 7 28 148 140 27 21 38 40 9 0 52 73 27 
56 56 65 94 49 2 7 172 84 94 30 57 149 123 73 67 63 64 95 0 40 94 152 16 73 113 10 153 135 114 10 120 28 18 99 16 111 24 73 50 60 0 141 2 0 30 8 68 2 0 26 104 55 132 70 6 174 63 48 192 79 84 156 115 52 16 46 54 20 78 40 125 139 18 67 16 41 72 0 74 0 53 82 163 42 143 66 37 21 66 81 54 64 63 53 53 34 11 128 29 60 109 56 113 7 40 71 27 14 20 40 130 53 79 25 69 70 33 72 88 127 61 0 0 14 8 36 26 119 2 0 15 41 121 85 130 69 0 66 9 75 92 48 110 85 26 0 21 68 130 75 113 19 85 16 70 4 83 5 0 151 87 46 103 36 55 8 99 122 85 110 63 151 18 76 48 132 94 0 185 144 61 16 78 95 44 102 31 45 36 72 82 17 75 52 40 186 85 110 86 45 18 59 63 45 34 107 102 23 151 66 262 8 106 89 19 139 99 26 75 60 47 0 67 158 55 49 164 85 106 20 106 40 78 88 35 25 87 91 0 0 12 0 134 89 177 77 12 137 140 0 40 62 72 18 62 
50 28 27 0 98 121 4 143 14 9 2 0 71 54 137 37 50 55 90 64 52 46 0 51 37 54 36 17 33 102 14 2 25 14 13 33 66 14 102 3 75 78 9 40 168 60 66 31 45 56 91 16 22 104 74 108 81 16 141 135 122 71 14 85 47 34 12 0 82 34 94 150 107 16 72 0 17 138 81 48 60 107 0 57 0 61 16 95 74 8 126 32 30 54 93 30 11 34 129 52 95 17 24 94 167 26 49 45 12 34 94 151 0 10 81 69 133 31 84 51 165 161 20 87 2 48 9 3 69 106 21 49 41 174 46 36 76 36 34 42 14 60 112 83 40 36 44 3 140 51 192 99 28 19 159 27 48 0 36 8 104 57 56 44 12 0 66 18 27 4 94 98 74 15 183 52 24 126 27 0 102 147 178 48 27 31 24 44 84 58 77 65 10 60 124 81 67 23 104 24 43 60 163 34 102 61 61 35 70 92 36 14 95 0 97 69 68 20 26 9 57 98 8 58 90 42 32 81 195 113 45 17 42 126 188 15 0 69 83 45 52 82 61 0 74 39 6 237 17 34 22 33 28 24 28 171 
20 0 0 57 2 134 0 77 12 14 0 72 45 14 117 16 9 17 113 0 107 88 14 29 81 49 7 71 24 79 40 0 31 76 56 34 24 54 64 12 0 54 10 5 28 32 9 55 92 45 127 16 72 50 105 72 19 78 116 57 0 50 132 4 51 7 0 45 18 153 32 113 72 13 36 0 56 53 29 15 199 81 16 115 0 2 42 54 48 46 96 18 0 0 123 39 63 57 0 16 37 3 36 21 49 18 106 18 35 24 119 55 30 28 44 45 79 77 49 36 0 99 36 17 4 131 0 0 157 38 0 0 27 26 52 39 94 142 69 8 0 86 61 144 76 18 102 0 121 56 4 27 35 24 144 42 42 0 0 56 113 94 129 54 140 63 38 31 82 65 50 78 96 26 135 39 0 66 79 10 28 149 87 26 83 0 103 117 0 58 23 51 80 35 29 20 63 98 80 60 0 13 181 15 0 82 7 2 53 68 117 20 69 36 42 0 84 72 56 29 36 80 36 4 98 0 72 79 18 38 72 44 0 92 63 0 0 124 4 9 140 30 71 56 35 22 68 56 0 134 30 36 87 27 0 66 
45 24 0 24 54 85 0 80 64 4 58 28 0 15 103 8 0 50 32 18 65 13 40 74 95 93 70 88 157 88 12 76 67 0 54 86 32 123 21 108 133 3 7 106 98 8 82 2 1 33 14 46 28 112 2 34 76 76 12 11 108 18 39 6 24 72 18 48 11 38 71 138 56 136 56 12 32 53 40 70 163 24 60 4 48 124 0 110 27 93 47 48 28 0 82 20 153 40 56 53 64 63 34 12 38 0 0 91 42 36 38 19 39 22 9 0 11 73 36 11 84 16 96 45 8 19 17 51 17 34 56 13 36 20 31 23 58 24 0 15 41 6 41 3 56 24 57 0 6 12 42 5 40 14 28 67 0 16 86 16 0 32 48 57 0 78 18 16 68 51 0 9 56 51 8 4 50 10 42 6 33 12 45 42 95 46 93 109 66 49 65 84 24 60 15 95 57 122 81 12 18 54 21 22 0 44 112 58 58 52 48 94 56 78 173 16 66 81 6 15 26 10 33 184 26 21 4 22 43 15 16 26 101 72 7 80 5 19 8 30 28 0 7 84 50 107 0 30 0 67 111 6 125 0 41 0 
79 40 32 0 76 7 62 124 63 48 0 16 84 47 91 102 0 0 39 0 57 28 116 152 75 40 35 18 0 64 128 47 104 42 0 40 7 14 12 59 35 79 104 54 28 15 18 45 0 54 59 77 9 81 148 73 40 51 0 90 92 83 30 114 64 123 0 1 0 0 92 167 132 0 109 63 66 24 0 73 3 105 137 69 168 21 0 20 113 32 83 6 16 22 81 0 96 9 86 8 80 76 24 8 55 111 63 68 10 89 81 116 94 107 85 30 105 6 72 50 56 30 20 92 83 66 36 46 24 235 0 0 142 88 82 123 0 40 0 41 47 14 19 57 42 30 16 63 0 26 112 81 4 72 79 35 16 2 1 45 169 18 0 40 72 134 9 69 49 5 96 64 94 53 178 56 60 196 27 82 65 66 68 50 16 25 132 16 8 56 69 26 38 159 112 104 30 64 67 130 24 104 117 22 25 133 101 78 0 60 93 0 81 0 31 0 34 81 58 66 21 131 45 200 60 9 24 8 54 36 18 17 0 96 22 0 67 0 15 0 41 0 48 22 93 0 0 15 0 66 0 75 15 16 105 45 
0 30 24 24 38 43 8 50 12 10 51 0 0 61 0 0 45 27 35 1 0 0 0 69 40 45 29 51 0 12 0 9 45 0 5 70 18 70 0 62 0 0 24 18 46 0 0 12 82 55 0 54 0 24 129 0 9 30 0 0 103 32 81 20 0 45 36 80 0 0 41 45 20 0 32 40 12 15 6 10 25 9 45 0 48 64 52 20 35 46 71 24 32 53 66 51 17 16 18 0 18 14 4 6 51 21 27 32 5 27 9 39 68 0 42 0 26 0 0 161 51 54 23 70 20 66 31 14 69 91 0 0 6 10 6 0 6 4 79 0 12 27 69 46 10 68 54 0 6 34 46 62 24 88 16 30 26 9 25 7 36 54 54 31 19 0 97 12 73 44 87 49 0 38 71 30 10 53 48 0 85 0 104 18 79 0 40 36 30 19 29 102 36 0 155 129 33 0 24 10 27 35 0 0 12 57 27 10 42 49 18 16 3 12 6 78 0 10 34 48 18 45 55 85 7 9 8 37 117 69 46 34 0 20 86 44 37 18 67 8 6 45 28 84 0 0 46 14 60 0 28 20 0 57 55 13 
7 34 30 31 0 54 48 58 52 131 22 26 10 178 36 75 30 64 60 16 28 110 71 125 15 60 43 52 12 45 9 21 48 47 18 0 95 59 71 6 20 0 34 70 37 10 56 11 45 81 8 96 17 4 99 40 12 135 72 10 8 79 81 30 18 118 8 40 0 62 48 128 76 24 32 33 87 12 2 78 65 22 0 3 105 98 174 53 27 67 25 34 14 84 58 105 82 57 82 8 54 36 4 40 106 94 124 2 76 0 75 30 27 0 40 6 22 48 78 99 10 18 101 0 35 60 36 3 25 23 17 12 18 48 54 114 16 105 52 37 81 104 0 36 0 172 8 18 28 28 45 8 15 138 18 0 50 80 72 18 16 32 25 47 42 0 15 163 67 30 12 74 24 50 130 122 113 78 12 6 203 65 2 61 120 47 28 33 80 45 80 62 65 27 12 24 61 21 55 10 60 0 45 25 24 45 0 32 0 111 54 56 30 43 71 63 111 113 0 20 90 0 13 93 14 12 0 32 72 8 36 0 53 73 97 40 18 82 13 16 60 98 38 9 36 98 20 75 102 18 74 49 7 99 58 43 
42 14 6 102 0 73 54 90 43 5 110 39 7 139 147 3 18 148 13 37 72 20 99 49 166 25 0 77 72 160 28 75 4 37 25 30 88 120 56 12 72 58 64 48 10 0 16 48 112 45 0 42 60 42 7 54 63 98 8 36 0 38 197 61 6 0 45 50 32 70 2 80 128 110 73 0 56 0 11 28 33 12 18 63 6 63 93 97 47 156 26 30 14 36 118 0 42 40 88 81 37 80 81 99 48 23 98 84 80 72 116 18 106 139 24 0 15 184 37 9 2 35 0 64 20 30 28 67 0 3 0 9 56 35 30 55 27 89 8 56 101 68 112 5 52 0 24 26 5 25 22 34 25 43 67 0 24 92 6 5 24 120 48 48 18 32 0 27 121 54 72 33 83 38 48 35 7 56 81 14 87 91 24 21 48 28 0 66 52 16 81 116 34 122 8 51 139 127 95 95 18 32 26 70 0 90 28 18 10 50 46 80 65 35 35 48 73 51 57 96 96 35 11 79 79 5 0 149 0 96 0 42 24 46 21 46 44 78 76 63 48 24 35 129 5 187 0 49 74 0 68 33 44 0 33 103 
36 96 106 102 51 36 35 30 0 0 6 18 0 40 29 24 38 75 94 44 12 0 87 77 10 72 0 0 0 6 5 12 46 115 0 33 0 18 7 24 106 58 48 22 51 26 18 0 36 51 99 110 4 15 0 95 6 0 3 15 73 18 66 5 42 0 66 24 14 35 56 70 54 5 35 0 47 18 6 0 0 6 23 0 10 72 60 109 0 85 55 30 36 87 201 141 32 0 30 9 32 0 0 33 31 36 0 0 13 13 0 4 49 12 120 12 0 39 30 112 33 18 21 6 14 117 54 21 100 24 12 0 84 101 0 44 27 41 73 12 18 82 24 10 42 7 27 0 68 66 0 66 0 93 31 83 0 9 120 6 71 80 81 0 36 25 0 0 102 0 26 69 2 52 48 63 0 0 46 30 21 86 0 15 103 59 18 50 54 4 10 77 34 3 0 66 42 26 24 12 0 83 113 59 18 91 18 50 9 42 63 45 6 122 0 123 45 48 2 63 47 36 63 70 48 49 21 60 128 36 42 69 9 52 39 61 18 54 27 12 0 0 0 86 0 35 48 21 71 14 0 122 17 18 14 46 
128 156 62 54 12 44 96 52 81 86 166 18 62 90 49 0 63 53 57 14 102 45 54 133 84 65 58 76 9 112 91 51 95 72 81 105 113 142 12 81 90 33 24 57 36 52 35 3 186 111 87 143 18 87 83 87 51 119 0 139 137 137 82 88 164 139 16 24 12 2 107 86 151 27 21 89 89 9 63 8 57 75 104 8 183 196 33 177 21 189 0 110 37 28 170 140 118 63 0 113 76 36 18 21 104 52 126 24 44 70 58 45 36 60 28 33 52 124 205 20 248 6 82 25 21 189 30 55 44 8 0 0 53 100 52 18 2 134 4 51 48 201 3 18 60 69 26 21 119 54 41 108 0 114 27 70 8 32 233 0 51 69 48 45 20 190 0 74 186 10 47 80 12 115 181 54 39 5 81 16 51 80 2 24 74 67 102 136 33 22 67 28 118 118 63 57 110 9 72 58 99 130 117 85 0 93 99 73 59 168 36 46 214 87 104 45 53 50 38 118 133 5 15 138 24 46 0 8 162 6 0 22 37 120 78 137 85 86 9 2 56 8 0 72 0 46 50 70 88 59 49 215 24 6 71 17 
63 21 83 0 89 29 6 39 13 15 6 72 30 138 128 0 20 0 55 0 24 102 36 48 42 96 93 72 71 64 63 2 11 15 73 104 94 0 29 50 25 24 46 48 77 14 90 43 31 47 98 0 54 25 106 32 0 36 46 24 69 18 115 40 43 45 81 123 4 18 42 21 9 42 109 36 96 49 42 53 132 48 55 32 121 62 26 90 50 42 46 54 12 81 52 54 0 12 30 54 85 54 23 39 15 39 22 6 127 4 58 90 30 0 94 83 40 30 40 80 31 117 107 45 0 1 8 16 118 27 67 18 54 5 8 94 0 33 19 12 0 48 89 0 16 78 18 1 0 42 75 102 12 90 60 100 34 3 0 0 53 99 104 140 50 146 23 54 47 26 0 49 40 36 67 0 26 76 62 36 3 65 69 3 0 14 124 26 20 74 81 20 87 22 24 56 42 53 17 35 53 36 65 18 39 55 17 56 95 21 49 68 106 111 59 76 0 4 74 99 63 31 10 52 72 100 63 82 79 71 6 188 6 51 16 6 15 107 116 0 45 6 0 0 24 63 51 71 10 116 58 21 59 32 19 89 
63 180 90 24 85 29 114 78 3 42 120 1 7 31 85 4 94 87 89 52 86 5 180 133 60 61 107 83 59 36 81 32 27 88 32 80 45 168 71 87 84 138 66 25 68 37 28 0 67 58 29 30 41 40 98 50 15 51 73 30 73 80 49 58 144 102 0 41 12 97 27 127 43 94 5 40 82 25 64 44 84 111 0 8 15 127 2 73 28 174 143 100 127 72 72 17 41 74 96 45 12 93 19 102 125 5 171 154 17 30 64 90 86 53 64 68 62 108 0 88 3 0 48 60 32 62 114 42 72 0 5 81 99 122 39 70 47 173 110 8 27 122 60 58 81 141 191 12 0 58 0 30 0 0 4 0 19 31 56 42 94 126 107 70 35 81 86 74 7 94 5 124 61 143 86 20 103 51 125 11 56 63 0 64 108 2 57 52 24 56 13 61 59 38 121 128 19 8 7 65 0 15 81 83 131 49 50 110 65 121 96 83 45 116 63 61 52 0 94 24 181 56 59 23 10 16 8 27 104 12 81 44 4 41 74 75 143 28 89 8 84 3 100 128 151 103 70 43 35 63 0 128 10 7 42 125 
45 54 0 54 14 46 63 83 0 6 18 0 0 4 36 60 27 25 81 12 150 0 93 28 52 16 106 52 36 119 0 144 27 74 81 21 69 75 56 44 57 57 9 0 0 20 70 56 87 64 8 15 0 34 161 72 0 0 6 76 93 57 166 72 8 43 12 120 28 0 63 6 20 85 23 20 12 12 76 123 33 46 12 27 71 36 16 10 12 4 30 0 0 0 47 30 148 6 0 32 8 20 156 46 34 37 28 0 0 24 0 20 89 30 0 18 23 130 20 77 5 49 50 1 20 85 7 175 0 18 16 42 12 4 52 116 12 51 7 17 40 30 81 42 18 52 79 5 150 0 47 132 20 150 32 8 9 91 36 28 16 84 40 5 20 1 7 35 148 0 72 88 0 62 40 36 12 40 19 8 40 70 59 0 20 80 115 56 38 10 125 108 4 66 116 121 64 71 141 44 12 78 92 89 0 36 40 6 55 77 0 26 0 35 110 29 0 51 63 45 81 26 8 60 36 64 68 8 120 43 0 0 23 6 36 14 21 135 113 32 148 42 51 164 9 20 0 46 0 0 15 51 0 120 11 112 
16 77 8 56 59 95 151 159 12 113 21 35 5 79 66 0 75 46 42 4 78 44 118 96 19 181 69 35 38 113 26 161 0 35 59 48 48 74 87 42 29 119 84 0 66 25 52 44 27 22 5 171 69 86 175 0 0 24 110 81 3 37 307 48 4 96 17 129 0 43 46 21 72 30 84 89 23 0 98 4 113 100 34 24 98 69 34 73 67 12 8 41 76 0 9 15 98 0 64 30 132 63 117 89 26 66 118 40 124 5 78 57 103 98 112 14 52 62 89 102 210 8 89 3 25 76 0 111 84 41 0 91 41 191 10 68 10 27 0 66 65 19 24 18 90 72 36 36 173 72 18 79 32 239 14 76 30 88 1 65 4 83 33 39 40 5 45 143 32 63 0 99 69 116 4 48 86 36 0 82 56 95 73 5 30 52 53 151 25 56 64 47 63 81 2 26 172 57 86 212 120 16 82 22 65 128 60 4 66 91 42 101 68 79 126 47 83 89 58 34 69 4 36 81 19 45 96 28 126 102 0 56 103 8 156 166 153 151 106 42 173 83 41 130 59 87 0 143 168 43 133 60 51 74 5 81 
0 53 72 95 39 130 80 0 59 76 45 0 14 32 26 23 42 59 44 7 35 93 135 34 143 0 156 18 93 29 118 5 2 0 75 0 70 12 14 64 9 69 170 6 122 146 24 65 130 51 45 88 16 0 64 85 1 84 81 20 40 8 66 58 92 84 25 24 0 0 63 261 60 0 119 0 57 32 122 6 46 34 32 8 84 123 73 68 38 123 36 20 13 86 114 53 74 40 92 39 28 74 31 54 38 80 141 95 70 66 59 86 30 20 66 117 24 88 81 135 55 16 34 0 35 48 13 136 60 54 8 28 60 22 84 149 98 97 6 128 111 81 67 40 0 64 72 0 16 23 69 63 81 96 107 86 88 22 14 0 47 110 16 0 63 14 0 32 8 26 112 56 116 0 116 28 16 20 12 6 16 103 145 45 159 28 18 35 12 84 59 34 24 6 55 82 58 68 2 8 51 53 18 44 0 18 2 60 10 94 0 16 32 18 78 209 68 77 68 103 7 40 40 32 77 47 43 4 16 90 64 131 24 88 76 60 10 0 174 80 66 72 0 21 18 62 36 71 80 10 147 27 16 0 77 101 
8 84 57 57 34 16 44 27 0 134 51 6 84 71 153 15 0 33 5 42 87 8 41 127 36 112 8 167 88 0 14 53 22 42 0 0 0 111 87 66 91 26 0 56 20 5 50 10 54 53 33 27 0 44 70 118 0 28 13 66 105 35 37 0 60 136 0 39 12 54 7 78 51 23 52 6 24 1 4 152 32 3 6 42 0 21 30 0 30 52 29 8 0 18 42 30 0 0 37 48 12 89 60 5 51 48 115 42 49 0 136 0 21 0 0 12 31 21 100 30 21 40 49 21 0 28 3 98 23 0 0 41 32 30 28 25 55 21 24 36 64 51 0 56 38 8 0 0 27 0 2 44 0 113 60 0 16 24 83 14 32 55 14 81 12 54 38 14 0 39 67 43 0 24 123 57 99 52 10 164 0 159 113 81 10 35 31 0 25 9 122 11 12 36 0 37 43 0 37 61 0 44 30 83 76 45 28 103 12 0 86 0 63 49 17 48 0 135 81 20 30 0 12 27 0 68 15 84 72 18 45 43 4 36 36 8 65 98 60 36 4 0 36 15 48 14 72 55 90 27 58 140 4 39 71 21 
83 184 54 42 64 73 33 40 101 133 47 7 138 46 42 91 92 117 30 3 23 21 60 31 11 110 111 5 32 173 95 1 56 72 2 0 18 67 48 12 17 98 3 5 141 87 34 74 6 37 8 55 47 125 182 89 21 64 88 17 66 53 121 162 198 92 12 6 8 45 73 292 144 140 110 67 9 48 36 99 56 12 41 28 75 99 0 50 54 118 24 79 56 112 60 33 198 102 76 165 91 110 40 26 55 149 143 186 59 78 76 83 3 66 117 85 113 99 36 90 191 0 128 18 10 44 85 81 124 56 8 44 32 92 107 38 104 162 30 89 18 159 34 22 14 79 47 5 59 6 76 8 45 218 75 103 40 63 146 7 43 116 84 28 50 178 69 98 101 65 50 133 84 47 146 50 0 188 121 0 91 170 75 193 83 70 131 65 64 80 81 16 22 78 10 88 100 175 116 57 285 72 165 45 0 66 96 116 45 129 3 42 65 71 178 31 30 26 44 84 76 44 0 124 20 147 49 7 25 73 8 84 9 34 52 65 56 115 35 134 57 30 43 61 52 93 158 205 101 65 43 141 32 91 68 90 
112 74 0 46 145 73 7 50 5 82 5 64 45 33 81 0 0 0 120 54 50 8 35 41 78 103 97 16 6 0 3 49 0 0 117 0 49 115 106 48 176 48 181 68 2 32 131 140 20 0 0 143 76 52 130 108 72 0 49 17 63 48 84 0 27 103 23 68 119 9 77 16 145 76 44 21 0 117 49 0 124 207 21 21 0 57 7 16 60 0 111 0 96 56 138 84 0 12 14 28 69 48 161 42 118 9 14 74 91 13 90 63 56 0 16 89 44 0 40 35 67 7 105 119 0 0 80 74 48 35 0 0 24 55 0 69 12 16 1 5 8 18 0 8 82 2 40 12 135 46 2 125 14 67 35 148 0 29 69 0 81 0 31 20 133 48 49 5 94 48 8 15 0 26 160 9 12 119 42 86 7 80 68 0 14 56 126 50 8 128 83 112 52 64 53 59 14 42 92 105 0 40 54 85 0 76 66 42 13 12 18 63 60 66 63 36 41 17 52 48 7 105 8 27 7 137 45 124 50 24 33 81 57 39 68 4 30 92 102 30 62 0 0 35 126 63 61 97 10 54 74 63 13 56 14 53 
56 268 77 55 32 97 6 132 24 111 46 98 100 40 46 50 40 65 22 77 35 46 123 46 56 84 103 0 86 39 183 117 69 40 144 141 18 39 38 162 44 68 52 56 0 81 96 56 72 0 235 54 0 40 44 84 79 0 101 48 102 59 96 0 127 68 18 72 0 81 21 83 50 135 16 51 143 76 22 70 24 78 92 131 106 180 126 76 74 44 61 97 12 26 231 113 182 43 77 107 0 0 12 2 50 108 40 28 0 10 22 18 111 52 221 0 55 93 31 49 34 96 163 3 92 101 38 40 180 93 54 0 159 246 6 117 83 198 104 72 28 117 174 8 39 103 76 14 36 97 46 176 32 90 15 0 21 65 11 12 66 67 111 84 68 50 78 193 243 92 40 2 72 129 51 37 78 80 84 90 54 218 0 89 62 72 159 57 8 0 91 57 28 76 34 97 48 148 230 12 43 169 191 86 76 124 158 121 86 34 70 168 6 112 127 44 50 81 58 72 95 56 21 182 35 89 58 104 174 55 12 74 94 130 36 30 93 126 25 60 45 0 45 71 88 98 97 48 38 0 86 126 41 93 123 32 
66 34 94 132 17 62 48 0 113 15 145 36 67 153 108 0 71 28 52 14 24 70 49 78 18 45 20 40 42 118 7 32 108 0 76 77 0 6 25 49 14 58 25 46 49 99 178 24 60 0 51 20 0 118 144 63 23 66 24 9 21 24 78 83 44 79 15 24 10 45 25 99 123 18 160 90 21 70 18 50 100 71 136 51 27 5 98 16 80 168 131 0 56 65 19 25 97 112 53 0 84 54 32 57 47 108 1 10 31 83 6 48 45 14 121 27 127 12 24 21 0 59 0 74 101 14 136 56 67 189 40 86 152 27 48 103 46 0 8 6 40 48 169 136 40 0 24 24 56 71 0 44 0 64 99 42 14 144 123 0 140 70 28 105 57 47 111 27 0 123 24 16 228 18 128 72 24 70 76 190 88 24 35 39 120 0 71 0 11 24 160 0 22 75 10 222 96 45 64 0 29 24 45 52 0 38 50 66 12 85 64 50 11 76 162 24 44 56 89 158 13 83 93 96 107 10 0 128 22 102 35 53 9 150 108 0 88 92 14 16 18 7 0 58 111 63 218 14 89 40 33 18 0 119 68 106 
36 54 90 63 24 29 7 0 152 7 0 0 45 137 14 72 3 118 32 11 7 36 35 76 48 20 103 16 51 80 60 108 68 40 46 27 119 42 62 3 24 72 0 49 16 0 72 87 0 82 0 72 0 0 126 75 6 151 20 24 0 73 0 8 46 198 0 12 0 9 99 61 57 0 234 80 18 33 9 32 46 20 8 133 168 9 61 0 40 5 179 6 43 50 0 107 115 2 45 35 8 36 7 0 143 4 20 5 0 41 38 0 15 0 9 129 151 6 14 94 0 20 199 0 57 36 12 22 2 91 0 85 102 150 78 33 40 43 38 49 57 73 18 63 14 0 4 0 6 18 54 11 0 20 81 90 0 43 144 7 84 63 0 82 165 0 18 0 119 0 86 81 114 45 92 158 38 138 126 0 155 15 85 3 52 14 158 68 9 2 68 40 46 12 51 75 55 114 0 156 42 44 62 4 45 156 81 54 72 42 96 9 27 81 118 0 0 82 0 92 51 17 0 108 12 28 8 0 98 20 57 111 27 148 5 0 160 101 71 41 49 58 4 67 36 66 81 84 8 75 0 11 66 24 60 92 
90 109 27 0 54 98 0 147 80 30 24 71 57 155 208 0 9 65 120 105 205 76 35 86 38 82 3 117 56 128 150 55 114 18 35 156 42 0 152 84 74 115 0 24 135 50 24 5 24 75 122 22 92 18 0 16 110 0 96 96 92 15 132 82 93 108 128 96 0 0 68 248 120 85 14 0 62 82 0 108 131 83 92 60 65 75 6 200 42 116 32 87 0 45 247 37 80 59 51 20 181 44 73 104 91 86 76 39 32 0 36 70 6 119 48 172 79 114 59 48 78 120 18 2 75 28 63 110 107 15 12 63 8 20 29 32 7 26 0 5 0 42 10 56 88 47 86 53 52 96 66 0 50 16 77 102 18 200 130 45 56 89 161 186 119 183 48 36 57 0 161 16 112 12 99 12 101 78 63 5 65 174 87 110 73 25 12 99 45 46 51 16 126 44 30 36 60 159 8 37 34 40 72 62 0 140 96 81 52 163 54 72 47 281 75 0 58 49 65 180 17 57 35 92 222 16 0 136 2 26 31 28 40 18 75 87 21 98 13 0 7 36 63 35 25 115 95 179 35 122 123 42 44 40 0 204 
68 148 87 24 14 127 0 33 85 208 146 0 12 145 46 32 155 68 116 101 11 113 100 70 24 0 98 50 21 150 134 6 140 4 0 51 66 143 36 15 94 0 67 141 105 28 145 29 0 60 64 62 72 6 8 56 36 0 16 148 70 125 83 41 11 144 32 96 33 108 38 105 60 229 48 90 93 24 150 44 64 67 30 9 0 21 120 52 54 72 90 132 0 117 0 8 105 72 157 4 87 43 27 34 40 40 80 101 75 67 121 9 134 100 72 43 80 33 3 59 81 27 48 44 96 115 42 112 93 76 46 72 99 232 27 101 64 203 32 107 95 72 107 23 140 98 154 11 42 52 9 18 177 145 34 16 0 73 22 63 0 225 99 25 134 105 91 43 103 64 123 171 56 153 169 0 24 25 0 51 83 153 106 63 86 63 75 87 72 128 126 103 233 2 105 95 63 118 62 76 46 31 127 6 39 134 126 0 120 156 33 32 213 69 74 281 125 108 42 34 108 107 111 107 56 24 15 0 95 0 96 40 28 51 59 101 89 71 109 72 102 52 0 114 8 38 120 27 132 149 246 172 72 156 0 130 
54 6 103 130 0 105 33 21 67 72 46 45 36 16 48 143 81 135 45 18 7 80 121 118 48 69 24 118 2 40 62 56 49 71 10 122 56 14 47 64 87 55 0 22 93 0 90 157 17 56 97 160 45 44 83 114 0 81 0 50 53 5 99 9 142 44 120 159 54 48 0 64 30 33 167 45 68 75 43 71 59 29 54 33 75 50 71 178 40 20 56 106 0 0 129 133 58 72 165 45 195 66 64 52 80 72 50 117 109 0 59 16 24 35 75 99 86 81 125 70 98 56 72 5 36 101 17 32 74 140 60 69 106 24 0 70 20 99 89 142 47 106 0 131 108 138 59 0 108 21 8 113 28 77 56 28 35 41 72 32 66 130 0 163 67 76 177 97 161 164 35 162 42 14 114 152 0 128 56 0 36 29 81 72 42 56 153 77 11 0 55 7 198 15 6 138 49 44 46 101 41 122 172 42 40 41 18 86 0 12 20 108 83 42 39 15 6 40 108 237 17 197 29 203 42 132 75 94 116 42 103 69 36 76 182 89 110 122 90 94 69 30 28 40 64 98 128 14 26 86 67 170 46 0 63 21 
6 36 54 90 88 20 0 97 8 28 0 8 27 48 113 80 36 108 60 42 110 59 54 14 56 55 178 72 63 0 3 107 42 32 24 6 14 118 46 48 130 57 0 22 56 72 35 81 37 68 16 92 0 120 328 100 100 94 0 58 75 82 45 148 37 314 0 117 106 54 45 123 100 99 211 24 8 103 80 56 70 36 16 28 120 137 40 57 131 0 211 76 0 245 0 69 93 28 94 19 72 106 75 14 146 54 219 8 8 50 86 86 67 7 0 56 109 63 65 163 36 0 59 127 0 65 69 0 0 61 24 33 94 103 62 160 81 4 37 8 97 60 54 54 82 71 0 39 151 12 223 122 22 214 44 0 28 60 54 15 100 187 0 50 6 44 0 42 48 0 126 24 45 6 177 14 32 0 89 8 131 95 85 39 112 11 137 8 0 22 123 85 43 53 142 59 59 54 55 56 120 94 89 99 54 45 8 81 81 43 100 133 36 4 90 10 41 140 64 86 138 131 27 105 32 10 0 64 115 164 0 52 8 187 136 44 61 123 24 8 70 6 85 164 60 114 51 164 84 48 57 146 52 176 33 125 
64 116 12 93 21 72 67 102 72 126 105 0 54 144 9 81 72 70 94 8 37 17 181 45 108 44 2 72 54 161 77 0 25 75 27 87 163 69 28 45 166 13 95 38 37 23 47 15 45 66 76 38 72 87 36 79 20 0 6 134 127 13 161 4 82 46 144 29 34 12 104 71 93 32 28 0 79 27 20 100 26 15 139 0 76 45 42 133 63 161 75 5 69 0 174 55 30 102 44 0 74 63 62 126 79 54 0 35 132 5 64 10 119 0 72 105 61 161 138 0 158 120 26 18 105 19 28 59 11 0 0 29 70 37 27 88 0 157 62 4 28 37 134 104 21 141 18 9 48 30 6 105 35 16 36 20 8 225 137 6 0 22 60 48 89 114 83 46 19 50 0 88 64 29 78 9 18 44 24 21 85 124 66 33 84 160 30 54 46 34 85 76 62 126 45 31 9 32 81 105 33 7 67 78 21 71 147 11 67 159 73 113 61 176 186 48 50 90 42 234 35 41 6 112 202 83 0 116 120 98 0 0 22 71 0 127 0 63 73 7 0 56 0 56 0 117 48 6 82 22 112 50 11 75 25 102 
62 111 104 24 114 112 70 102 8 37 40 0 68 128 130 45 7 58 174 48 145 102 8 85 33 55 101 112 40 101 2 12 0 0 0 106 119 45 87 92 12 22 46 36 99 0 103 170 64 69 53 34 56 15 34 63 6 88 0 86 15 56 141 171 81 0 64 54 146 36 113 92 135 0 24 35 35 79 75 178 32 86 71 24 47 69 46 94 59 27 59 70 0 85 97 70 1 80 18 28 177 24 38 0 9 63 32 9 57 32 5 18 78 0 108 107 74 51 42 21 46 56 29 27 10 70 64 36 40 80 0 158 92 33 2 12 129 45 66 83 72 46 36 18 59 0 61 0 17 81 96 165 0 75 52 28 24 97 95 0 64 0 44 62 16 114 16 33 0 65 48 64 111 0 80 48 0 40 40 116 0 95 49 41 79 47 159 0 73 40 21 28 63 71 107 27 45 96 83 3 32 0 64 116 56 46 87 153 9 137 52 57 50 0 78 22 61 6 32 34 6 125 10 117 56 43 32 0 137 99 30 81 28 42 130 87 45 140 66 0 83 72 66 0 63 31 133 30 71 70 73 77 34 80 34 117 
12 100 131 5 18 99 74 170 52 65 14 0 6 32 161 10 24 45 70 18 20 77 90 33 45 42 9 95 79 53 121 14 5 20 36 73 8 99 39 0 24 69 68 0 34 40 80 69 113 50 31 58 54 0 60 69 10 10 0 91 12 105 32 111 89 45 16 0 35 7 0 118 79 48 12 10 40 86 32 5 18 40 30 12 26 122 42 56 0 61 41 27 12 18 70 5 47 1 55 106 87 0 36 24 60 68 36 32 69 4 8 63 36 59 54 3 90 59 50 84 33 21 12 86 72 49 45 20 114 0 47 28 74 36 67 83 85 94 78 50 12 110 24 22 0 36 89 20 105 52 36 0 40 48 50 10 10 85 6 22 71 0 154 10 26 54 64 36 18 42 30 3 10 88 121 24 15 40 5 139 42 82 71 21 157 94 51 79 35 0 75 44 119 68 50 42 132 18 98 21 24 39 132 111 80 119 25 98 31 152 160 62 78 115 27 138 143 51 102 48 25 180 42 0 6 134 0 38 135 0 63 42 73 82 50 44 42 14 14 24 21 6 0 45 35 106 81 110 30 79 44 121 79 21 48 45 
49 24 72 0 0 75 40 0 0 56 11 0 58 7 0 5 32 30 14 0 6 37 39 6 50 40 8 0 6 53 88 2 36 88 0 28 32 109 41 12 48 24 0 6 15 71 0 42 5 33 84 10 50 129 48 133 0 63 34 91 54 0 80 23 54 53 21 51 4 48 18 94 147 25 32 35 6 3 104 0 13 64 0 14 35 90 1 99 37 50 8 0 0 54 18 14 22 10 72 3 102 24 36 29 55 96 19 88 0 9 0 74 132 54 33 34 6 114 72 66 94 30 84 24 40 72 0 25 71 7 24 67 105 0 18 9 56 35 16 96 21 90 6 16 0 22 35 45 95 0 55 81 23 15 14 0 8 27 0 0 0 24 77 0 4 14 72 0 3 18 17 9 21 40 56 28 0 12 81 0 0 45 49 0 79 98 28 5 21 14 71 90 66 111 25 9 115 0 39 36 43 0 12 0 45 0 16 57 0 0 30 30 54 53 80 69 77 91 26 10 0 45 4 63 39 0 0 138 84 82 35 36 72 82 18 85 90 48 27 51 0 4 0 5 0 54 5 152 78 0 10 43 63 0 137 64 
0 90 0 10 65 188 133 132 36 75 48 2 77 113 109 137 2 67 159 28 21 90 59 34 64 152 35 72 214 83 18 44 93 138 23 44 34 242 85 60 336 49 0 36 53 30 62 122 72 58 87 161 27 95 85 102 46 107 6 29 15 18 194 12 174 144 117 80 77 132 110 105 91 72 15 33 48 29 40 72 105 178 128 20 32 109 0 44 39 50 18 54 0 56 158 46 43 146 47 66 38 156 142 56 88 108 28 39 24 4 87 103 94 78 62 41 86 94 196 6 51 134 0 105 74 48 59 36 68 3 30 36 9 133 17 57 70 93 81 27 24 91 162 14 26 49 31 13 16 14 6 79 31 60 42 54 4 174 151 95 144 89 25 153 32 82 63 108 53 18 46 49 9 28 230 67 0 125 21 33 41 337 114 42 132 44 60 87 97 125 89 88 138 90 61 38 68 94 0 21 85 40 6 146 51 215 163 19 83 117 41 239 110 128 109 154 79 93 88 189 141 120 104 91 4 3 18 73 90 118 27 73 90 48 95 59 66 177 111 23 44 2 57 0 98 115 108 127 66 66 82 36 32 100 36 40 
12 48 12 12 92 72 30 106 8 81 0 0 117 69 73 0 30 8 110 47 81 39 114 56 101 114 216 19 34 0 101 52 110 8 35 58 0 116 78 64 58 23 105 52 77 65 66 60 34 18 17 191 0 6 10 121 80 59 9 20 43 9 192 101 61 54 10 91 35 50 143 118 96 30 238 0 6 12 63 51 56 133 17 0 30 144 28 151 114 55 74 17 32 132 152 77 32 20 12 96 64 102 165 96 89 49 129 135 49 6 79 152 50 36 29 75 40 142 60 88 37 0 86 72 19 136 108 86 162 141 10 70 14 98 51 75 66 12 113 0 88 109 25 41 66 79 54 66 108 75 81 110 76 106 87 46 150 24 77 49 122 48 0 50 134 0 50 134 30 0 26 54 0 30 150 18 149 28 40 6 89 0 97 33 194 5 169 41 165 74 75 134 30 91 88 109 98 54 91 33 24 10 39 136 30 157 57 55 6 86 10 92 3 47 115 130 0 35 40 36 185 34 20 72 62 93 163 120 170 178 0 156 48 32 60 2 45 124 111 124 75 8 98 0 124 56 139 179 26 0 51 79 123 96 25 25 
44 60 94 43 26 191 93 30 51 63 53 47 15 20 73 46 28 0 94 3 144 6 18 166 60 50 56 19 92 30 102 0 180 132 79 81 45 107 75 158 83 112 47 20 94 39 212 214 17 82 95 122 36 21 69 80 40 38 28 130 256 25 142 24 30 213 16 146 154 0 45 58 211 74 112 76 52 17 32 170 162 31 105 0 18 30 72 109 43 86 98 102 68 236 24 121 120 82 91 49 16 58 18 118 23 45 9 75 45 83 126 83 105 57 42 47 0 24 52 61 66 14 113 100 87 92 45 47 70 28 6 18 202 132 4 57 79 57 76 30 57 56 15 141 35 18 8 18 42 72 87 54 16 28 173 36 31 89 177 23 49 119 30 60 72 57 89 49 75 40 84 119 76 67 95 37 6 65 164 103 147 50 206 102 123 78 202 65 52 56 184 147 89 119 106 198 48 152 106 70 96 64 80 170 7 119 72 40 1 48 147 97 0 98 128 36 33 135 97 49 133 96 133 81 105 71 24 77 182 127 11 33 64 112 103 39 68 15 184 172 21 12 14 97 34 64 130 156 85 26 65 78 78 78 0 69 
47 6 61 6 0 0 0 157 30 42 54 0 0 49 14 52 44 74 1 29 56 45 0 63 83 59 30 10 114 48 0 24 7 9 4 45 0 21 129 0 0 8 4 67 55 40 159 12 49 81 36 87 32 3 8 125 0 0 16 0 36 4 0 0 0 57 28 0 77 90 30 76 45 56 12 60 71 35 0 0 20 12 72 30 54 48 24 24 6 75 8 0 28 56 42 14 76 0 67 50 6 96 30 54 1 0 42 54 36 105 95 0 48 16 62 55 42 0 0 30 0 16 0 7 63 25 37 4 0 0 0 88 12 59 72 109 72 56 40 18 0 0 0 29 0 0 79 0 0 9 0 49 0 12 90 128 0 7 23 112 0 7 21 0 45 105 0 72 0 34 36 68 83 87 39 121 0 27 11 27 6 12 20 0 60 24 6 9 74 60 0 48 15 72 30 54 0 37 71 0 81 27 14 12 40 120 54 12 48 90 8 18 56 1 103 182 63 30 105 33 75 50 86 80 0 23 18 9 65 82 36 24 77 73 60 19 40 99 30 84 40 7 0 0 16 16 0 75 100 24 0 0 45 0 12 128 
0 96 0 61 13 0 49 58 0 48 90 56 91 92 140 24 80 99 86 6 270 52 200 116 0 94 63 152 20 276 72 87 104 0 18 56 114 122 68 153 149 72 139 27 100 0 93 90 86 64 24 97 15 8 0 13 55 12 39 91 147 108 108 70 224 55 39 48 16 107 0 22 97 18 0 15 32 188 0 64 0 112 120 155 0 166 0 60 25 145 56 96 113 32 114 44 70 7 113 24 36 8 0 40 24 0 160 85 0 17 113 21 56 148 84 101 65 21 0 92 147 18 35 72 57 176 90 25 7 72 0 33 0 108 70 84 145 0 135 72 43 45 9 19 27 48 101 16 24 65 122 24 38 72 27 20 3 39 89 0 0 48 82 127 79 0 24 19 175 44 91 85 84 45 24 41 54 98 71 123 0 52 108 27 51 49 195 0 8 91 60 71 97 131 22 24 66 50 130 158 44 18 35 88 54 117 81 92 130 21 51 96 149 12 8 32 8 48 72 64 107 47 100 116 81 19 64 71 66 12 48 44 42 24 111 25 125 20 56 0 23 0 0 81 130 70 53 8 44 59 0 54 39 0 79 35 
156 21 0 8 68 144 110 173 38 150 24 2 19 55 56 28 75 70 45 30 8 49 121 94 54 66 67 111 127 138 159 100 0 62 43 57 43 39 62 104 17 113 48 54 38 28 12 0 110 32 36 26 0 54 18 52 0 0 33 104 92 24 118 119 60 36 0 63 6 0 72 32 238 153 90 14 82 41 36 75 36 45 82 28 65 67 8 71 36 14 87 97 43 214 42 29 117 19 160 91 41 82 60 100 64 120 126 25 67 0 115 81 86 42 54 75 3 146 113 32 56 55 12 98 12 0 60 56 117 70 20 56 149 69 30 13 80 152 142 65 49 154 73 104 20 55 30 19 67 44 71 7 30 178 2 22 23 106 126 58 42 10 122 16 23 140 132 117 2 23 38 43 0 93 42 34 24 115 94 121 85 148 158 139 85 18 72 32 68 77 136 69 6 96 0 201 179 154 171 12 57 14 90 60 68 101 40 116 45 71 192 42 48 127 184 146 36 130 158 92 249 44 23 31 87 48 7 2 69 100 4 56 9 0 106 0 44 12 69 89 136 15 110 80 75 33 165 151 108 32 79 186 38 90 40 135 
0 32 93 30 80 115 32 102 54 30 84 112 117 112 78 81 50 0 29 118 42 232 61 183 18 101 72 92 185 92 87 52 84 90 67 178 20 74 120 51 116 99 66 21 16 11 182 26 103 123 84 67 30 111 60 82 81 75 136 41 100 134 114 0 88 88 40 98 0 18 51 193 331 0 72 56 22 124 82 14 104 135 131 90 109 90 35 134 84 83 70 64 0 0 91 20 181 88 73 216 62 48 26 51 119 18 133 40 78 67 168 103 77 40 104 81 140 132 8 74 128 82 24 48 102 20 162 89 200 56 105 65 41 100 134 66 64 55 31 83 126 30 16 101 139 259 108 0 195 13 18 9 130 147 23 30 21 76 139 32 100 117 54 64 261 134 58 122 34 0 0 116 67 3 48 84 89 149 172 18 104 158 162 93 119 12 72 170 118 48 167 124 88 0 0 82 33 6 176 107 46 89 15 14 48 122 88 78 70 178 111 210 68 85 140 103 129 223 45 130 133 206 87 133 172 74 0 213 46 130 72 36 45 7 162 207 170 88 21 32 201 37 3 146 56 138 157 137 126 99 101 150 67 0 110 56 
15 0 32 0 63 8 67 40 33 0 6 66 6 145 12 121 0 27 72 30 96 44 51 156 69 21 52 27 146 52 121 40 112 80 72 1 0 116 15 74 79 146 72 0 28 80 55 73 14 43 0 80 32 8 46 36 23 28 3 103 74 39 74 0 75 54 0 90 0 33 0 101 43 32 0 0 72 18 6 0 35 0 4 0 0 47 57 20 24 56 40 72 32 70 16 58 27 135 88 34 0 76 0 33 33 12 7 56 39 21 56 0 99 49 85 0 114 27 0 34 0 14 37 7 52 51 82 29 95 0 23 30 0 28 51 0 0 6 130 18 0 0 70 48 68 100 86 32 20 12 40 72 21 15 84 27 49 140 77 0 88 64 15 71 72 72 68 130 49 64 0 86 46 46 28 72 93 40 119 0 0 42 57 52 158 21 56 8 79 75 4 77 84 36 9 143 0 51 31 0 0 4 23 86 95 136 50 63 12 62 49 45 0 56 86 60 0 87 17 22 195 57 31 52 9 71 0 0 101 42 80 40 96 15 62 114 13 24 32 99 64 0 45 64 6 63 15 27 37 67 21 63 40 0 0 56 
58 32 93 120 6 41 24 20 86 120 29 82 39 176 46 129 44 48 82 24 12 100 85 219 72 74 61 148 32 112 44 0 109 21 93 63 91 122 60 32 111 58 118 90 32 145 100 93 30 82 49 137 0 104 15 68 0 38 4 168 83 106 48 36 67 84 137 79 24 14 32 125 84 151 18 91 224 5 52 32 93 31 12 93 75 160 70 146 12 100 92 123 52 36 75 64 187 61 185 53 27 133 33 138 49 74 102 55 227 0 168 104 98 0 111 31 36 66 90 111 117 76 90 96 84 41 92 0 65 9 112 48 154 66 34 85 108 97 67 95 55 176 36 30 29 253 60 24 0 64 116 22 58 54 84 14 28 93 117 92 21 116 80 24 111 164 69 71 45 64 45 95 102 96 123 36 11 72 36 67 65 80 52 42 121 15 129 76 122 43 108 79 134 3 32 48 55 121 131 63 36 114 8 100 95 66 25 63 111 112 63 37 212 111 141 162 120 75 203 123 134 16 40 199 0 12 30 80 41 78 36 92 40 6 100 65 18 64 64 16 82 34 10 39 14 43 53 71 135 24 52 77 80 22 24 183 
9 6 3 0 12 75 12 75 17 73 104 3 127 2 5 21 0 84 67 4 78 58 45 113 25 51 12 28 0 139 43 34 0 6 49 0 64 37 72 8 64 0 3 28 47 8 24 9 107 0 35 8 9 42 75 9 0 0 104 109 0 34 215 56 28 18 0 0 25 5 9 32 58 0 0 9 44 40 0 40 18 0 3 0 57 110 49 0 46 72 56 12 8 16 72 54 3 63 48 42 56 0 0 63 8 18 64 8 1 0 108 27 15 43 0 24 56 0 9 0 131 0 0 0 2 78 27 8 82 17 56 21 46 30 21 141 1 16 15 48 96 72 16 69 50 111 0 0 95 10 0 10 61 28 16 0 0 8 29 9 11 16 33 41 4 24 18 88 63 4 3 60 0 18 0 90 91 18 131 8 81 29 169 39 72 9 8 7 0 29 0 7 6 4 0 15 13 8 67 6 38 52 76 32 5 22 32 32 0 39 58 45 72 49 7 20 57 81 6 64 81 63 0 15 84 86 0 7 19 65 5 9 0 0 65 52 137 103 81 101 6 55 30 81 3 73 9 91 72 0 40 60 0 0 18 14 
0 30 35 4 0 36 30 47 4 191 25 48 35 37 58 0 9 88 39 29 52 40 54 70 3 42 0 40 13 94 37 32 74 41 54 83 40 71 10 0 4 20 0 84 92 67 135 0 2 0 87 79 40 45 7 45 63 0 108 83 42 59 74 28 82 86 18 36 0 7 56 204 55 75 12 112 42 24 3 18 0 19 66 0 10 12 168 0 50 108 16 86 0 0 72 83 86 0 42 55 108 21 26 45 84 125 76 15 61 0 59 112 8 91 32 32 36 0 28 23 76 23 63 12 37 6 9 56 23 8 0 0 16 93 30 56 0 92 46 0 12 0 27 74 0 91 72 49 0 10 98 4 62 24 71 39 75 0 54 53 30 24 137 11 8 43 24 24 38 11 40 36 16 93 101 15 18 6 10 84 48 7 15 0 84 4 51 0 49 49 84 54 30 40 12 23 53 54 171 102 84 62 36 79 76 40 27 0 26 80 43 0 0 99 0 0 8 39 36 62 63 25 9 98 43 43 0 46 18 1 33 6 58 5 68 3 134 46 93 33 0 37 40 0 82 40 74 23 0 0 53 16 0 90 32 67 
0 24 7 8 8 0 0 24 40 122 27 9 50 0 0 39 43 55 57 56 40 6 2 0 13 34 6 74 24 90 24 0 44 106 18 28 49 61 84 15 18 104 9 0 83 0 24 60 27 28 62 27 15 31 3 36 0 44 8 45 53 33 73 9 33 3 58 111 8 73 10 150 52 38 76 0 29 60 0 21 15 14 3 0 0 9 4 96 34 9 0 108 8 0 0 0 28 46 0 36 215 0 29 21 6 9 92 134 72 0 0 12 117 27 0 28 59 12 96 0 28 15 32 62 15 41 130 0 0 19 7 0 21 49 6 0 12 76 75 36 0 12 2 78 0 28 0 10 40 24 51 4 0 15 4 20 0 40 35 0 16 17 47 0 0 72 18 45 26 18 55 9 2 18 18 34 12 60 4 15 63 82 67 96 36 19 60 93 6 0 9 20 90 16 4 1 37 43 26 0 36 72 63 33 35 62 84 8 0 107 15 52 11 39 24 82 34 168 30 21 35 44 40 15 4 43 35 51 0 37 13 39 45 33 0 42 35 78 0 18 56 54 24 0 36 28 19 31 21 82 61 10 64 36 14 62 
135 58 10 129 48 32 48 157 38 162 18 61 97 26 9 4 42 95 7 36 60 60 112 0 76 20 16 57 6 102 64 30 72 18 25 0 93 0 52 0 60 0 48 0 25 0 60 53 6 18 30 46 78 45 7 46 64 14 30 171 0 110 146 72 51 13 32 20 18 81 31 81 216 111 163 6 92 6 75 12 69 30 7 3 45 63 60 26 10 58 35 60 72 66 0 5 59 17 10 113 62 42 93 36 55 5 56 29 109 6 153 66 36 54 0 0 2 85 173 48 74 25 48 51 49 4 53 16 45 32 0 10 78 82 22 0 77 20 60 13 62 81 23 74 102 122 30 9 154 30 8 75 0 9 32 0 48 0 0 8 58 76 52 40 45 89 0 69 15 18 21 0 94 42 210 8 58 30 45 63 46 110 43 53 43 18 0 89 9 20 35 60 24 10 54 100 129 44 85 37 0 42 116 20 36 25 64 8 127 162 28 9 1 97 141 108 45 105 46 12 40 43 36 17 95 97 0 102 0 138 67 151 18 54 4 52 49 74 28 10 5 0 154 93 42 41 55 165 85 46 18 60 41 50 121 188 
48 0 0 54 20 106 7 100 73 12 0 0 1 8 89 34 0 86 4 6 66 102 3 79 88 44 80 75 225 139 47 69 37 6 117 4 0 7 92 104 18 52 108 30 100 42 148 12 126 54 117 124 2 85 45 36 42 81 0 120 143 122 23 9 54 0 0 157 42 16 34 50 134 8 132 27 53 12 90 0 58 28 40 8 64 109 48 213 22 56 80 101 22 99 39 56 4 9 16 101 31 72 4 118 17 96 72 69 36 12 80 116 15 24 116 10 0 63 67 102 82 0 44 7 36 111 72 95 57 18 0 42 72 59 24 28 8 157 0 75 4 72 38 48 117 114 54 16 28 39 78 131 39 27 18 0 27 6 62 28 42 167 0 52 72 9 14 44 95 30 54 191 42 0 59 8 38 42 4 12 0 69 160 56 56 14 0 114 38 74 151 98 84 20 14 0 40 73 49 36 40 147 27 72 48 66 118 14 76 49 24 87 62 0 64 186 56 12 36 96 69 112 69 40 21 37 18 12 8 96 104 0 83 45 92 46 54 126 175 22 126 39 66 121 22 123 27 200 5 48 36 88 0 36 8 102 
30 18 49 60 48 101 58 181 9 38 93 72 42 164 91 18 0 133 225 78 100 32 14 83 16 0 50 72 112 71 81 8 100 36 16 32 115 166 103 39 143 78 59 8 83 60 57 127 128 36 36 48 0 0 35 96 66 80 9 44 65 72 117 62 57 90 119 9 51 115 64 110 100 97 0 8 55 54 0 122 85 144 64 71 55 115 29 48 26 32 0 24 56 24 26 125 18 42 117 4 44 120 18 74 110 30 65 3 6 0 114 0 80 46 8 128 103 26 70 24 30 0 119 82 22 48 139 112 57 32 0 0 28 50 60 81 39 102 59 15 66 4 62 0 78 68 59 0 4 57 2 96 16 101 242 44 14 118 63 0 34 40 114 64 171 127 83 98 69 3 145 18 152 74 120 116 65 7 23 57 64 226 41 28 43 65 88 70 129 7 18 56 71 35 34 2 79 78 72 0 37 28 165 82 16 185 100 4 53 77 63 145 49 18 56 72 57 135 104 43 60 24 60 8 183 0 4 114 106 110 112 36 12 117 111 78 77 20 55 104 58 8 2 42 54 77 146 154 62 51 44 86 48 20 48 154 
11 48 0 7 0 14 64 57 27 114 64 0 11 15 25 29 14 140 7 0 43 17 71 112 28 10 83 188 40 129 53 38 0 0 40 30 70 126 7 76 65 0 0 18 15 0 42 126 166 58 0 49 16 99 143 62 24 101 0 63 63 104 90 36 168 128 0 0 0 34 28 119 99 9 4 45 131 52 52 56 40 5 70 63 167 213 12 0 13 83 115 70 40 14 60 40 42 64 74 9 0 66 0 11 56 44 159 36 49 12 75 0 14 87 56 16 40 30 155 148 105 0 56 141 15 127 0 26 1 20 16 30 37 9 86 86 0 41 56 75 18 58 2 28 0 142 22 0 10 6 35 27 28 57 20 26 20 140 0 59 91 63 19 53 37 0 22 18 48 0 0 110 0 74 12 15 0 0 105 84 0 42 66 18 109 81 42 57 14 49 3 39 4 36 101 10 8 6 35 64 14 58 40 119 94 129 65 0 49 19 133 0 114 45 57 0 9 74 215 8 99 80 6 119 0 0 35 7 76 5 42 5 15 107 84 40 30 61 79 32 56 40 64 110 0 52 0 12 4 29 21 59 20 8 79 44 
48 24 107 120 72 64 101 245 25 8 51 177 32 58 56 0 33 83 63 82 23 74 106 72 71 4 78 90 55 165 73 102 49 22 87 35 63 42 74 72 47 166 84 4 82 141 55 30 122 83 140 160 0 119 168 38 60 72 84 58 81 129 67 137 44 131 148 181 52 286 104 177 102 83 139 8 0 23 8 27 56 70 72 49 152 8 125 63 124 142 140 155 54 38 107 53 178 94 40 112 95 124 80 16 45 41 68 85 101 67 12 57 130 36 163 0 8 30 81 112 118 54 50 124 68 96 144 136 91 80 36 56 142 20 82 0 38 96 43 96 27 212 169 101 48 130 127 23 44 130 30 48 5 63 40 70 10 82 203 35 93 155 109 37 140 74 76 36 139 72 8 66 143 47 83 28 42 150 174 52 42 118 52 92 166 95 113 16 187 112 35 78 41 72 44 24 75 192 163 45 60 12 56 42 159 262 27 72 40 243 80 33 37 72 173 148 100 65 126 94 73 23 35 62 84 50 85 63 76 23 135 74 70 89 131 56 15 64 43 110 166 7 132 91 42 74 122 75 43 91 3 22 9 44 20 218 
15 0 0 0 0 66 22 85 0 0 30 6 0 20 36 67 15 18 80 4 6 29 119 46 0 63 45 8 54 0 4 0 0 21 30 0 22 6 9 48 2 10 135 43 12 14 53 0 55 0 6 26 53 28 0 19 25 0 45 21 18 79 85 6 65 5 0 26 0 0 109 18 80 0 58 56 0 75 57 4 5 74 87 0 50 42 50 0 54 64 28 16 0 24 45 10 79 18 102 81 27 21 38 107 55 36 0 54 133 0 21 27 0 0 54 133 85 0 0 68 115 22 56 92 35 0 7 36 63 7 27 46 70 27 63 63 9 72 42 27 0 0 30 0 16 20 18 0 96 45 49 50 77 50 48 22 34 0 0 27 14 54 73 49 85 6 42 81 57 0 20 60 0 0 126 0 0 18 0 0 40 29 62 56 118 35 20 51 27 0 45 45 44 17 2 27 66 7 87 27 18 0 12 10 12 80 50 48 32 0 99 35 5 53 15 69 17 0 8 10 9 79 30 18 106 52 45 43 15 48 3 109 32 78 120 118 47 25 18 18 0 37 15 28 0 69 2 30 0 27 17 95 0 36 16 30 
4 133 64 46 35 45 95 62 42 72 99 87 128 60 42 147 12 122 115 0 30 36 138 192 17 94 38 92 66 92 12 14 73 79 45 9 107 54 89 169 99 77 182 96 163 73 129 102 166 125 36 124 35 118 71 42 0 0 27 39 70 159 68 83 80 34 30 39 21 18 42 67 15 0 133 14 48 57 2 94 34 8 78 6 144 182 76 88 96 27 144 36 194 130 129 87 34 114 130 16 20 48 31 4 77 182 57 64 51 12 72 77 32 0 150 158 69 51 0 108 124 18 134 126 98 0 44 51 144 63 0 49 40 104 65 30 90 175 74 45 0 136 71 31 35 167 73 12 84 105 116 44 21 54 32 0 55 95 117 0 144 18 32 27 98 27 24 33 147 0 37 63 63 73 75 27 0 74 147 110 42 82 184 57 45 86 103 24 8 51 110 38 103 85 108 79 25 0 114 108 64 18 39 80 0 24 63 100 19 165 48 48 90 154 44 81 61 16 0 120 107 56 45 102 27 78 32 51 168 199 4 85 39 0 102 8 70 65 80 52 0 72 0 122 46 115 35 162 0 95 0 134 26 72 65 54 
0 10 0 30 50 51 0 45 20 42 94 0 40 53 0 20 41 0 102 0 78 0 74 32 41 24 45 0 109 35 32 19 0 28 0 18 0 31 0 52 69 11 99 70 68 36 42 15 62 12 0 75 18 47 61 11 44 24 2 143 119 67 114 0 36 94 0 63 93 0 109 69 173 5 60 0 77 0 40 0 9 62 48 3 78 0 0 54 90 67 64 24 38 0 30 16 1 16 12 0 0 0 57 91 25 48 0 133 117 58 7 17 80 0 0 161 35 42 0 18 56 0 44 64 38 64 163 25 12 0 27 27 51 83 0 101 9 42 3 12 0 15 99 54 62 92 44 58 73 48 162 27 50 146 33 0 32 19 69 30 0 77 66 26 99 45 30 12 47 0 120 137 72 21 0 9 69 3 27 27 23 64 72 48 32 4 56 12 46 82 67 85 134 157 6 78 40 70 48 104 63 48 46 77 54 138 9 40 1 0 88 26 0 39 42 18 45 72 14 132 19 18 48 79 76 50 45 16 0 94 81 154 86 24 136 83 30 57 78 22 72 12 56 17 7 23 0 140 99 36 30 88 109 37 103 92 
39 6 81 36 63 194 18 101 2 80 74 130 86 76 210 7 0 88 4 21 45 22 8 93 19 200 86 75 11 24 29 4 62 65 18 53 72 157 120 46 56 10 118 43 87 55 18 124 64 130 72 116 10 40 28 60 45 112 25 44 0 140 80 42 121 216 4 77 63 44 32 105 114 96 106 73 63 24 19 0 85 17 76 40 0 48 73 62 42 98 61 20 129 116 18 54 86 48 175 16 152 35 51 63 78 18 156 133 0 0 105 7 10 102 14 24 65 87 84 173 115 20 113 36 42 151 116 54 108 116 103 97 194 88 157 32 28 124 89 78 83 42 90 127 132 70 33 21 22 48 0 30 68 32 42 10 1 62 58 49 42 86 38 8 85 124 68 19 76 59 15 42 1 120 106 2 59 127 2 120 26 25 86 8 112 77 21 68 0 160 168 30 31 50 49 0 68 24 44 135 54 22 84 69 10 28 60 58 89 7 8 29 138 66 94 79 64 72 51 0 102 119 35 94 75 1 0 78 94 62 0 0 44 155 109 11 70 34 69 54 86 94 32 35 11 54 48 5 69 47 91 92 63 42 74 78 
10 105 0 0 81 36 0 57 12 48 10 24 15 0 14 20 35 74 64 63 16 8 106 138 58 37 32 68 0 238 73 46 24 40 124 66 37 42 62 18 122 54 24 65 16 28 102 102 52 68 6 51 0 56 128 85 121 48 16 52 129 113 63 34 150 0 80 165 40 10 0 130 123 117 28 0 44 58 56 73 71 143 86 0 70 53 8 72 6 32 40 30 34 66 31 4 81 0 0 44 30 33 16 8 96 25 83 0 48 8 112 54 60 18 130 19 76 65 0 102 225 51 25 43 6 64 69 90 15 8 0 8 28 117 14 64 53 4 25 0 60 34 8 16 28 189 16 0 64 6 66 11 81 48 47 10 0 11 79 14 0 88 121 82 22 16 5 36 26 24 87 150 64 36 10 4 0 15 20 27 18 47 142 0 40 27 162 87 37 0 67 258 76 103 22 19 42 130 132 184 101 113 54 104 44 27 50 7 161 0 6 61 66 0 16 30 28 36 24 37 35 96 106 160 36 147 16 90 25 88 36 25 75 62 109 57 57 64 55 25 81 0 8 95 4 96 85 105 12 36 24 68 0 42 24 82 
0 0 9 21 26 10 49 87 12 80 22 0 23 0 24 0 57 4 17 60 49 15 69 42 81 16 64 28 40 36 24 20 15 81 0 0 21 18 14 30 112 69 11 2 5 0 13 48 26 10 91 10 6 27 0 110 16 0 72 6 54 10 18 0 28 25 21 33 0 81 4 54 18 74 71 0 0 2 0 23 30 20 31 34 0 30 0 87 2 62 10 118 49 0 66 0 50 19 4 112 80 24 5 0 34 13 14 31 52 2 0 0 152 0 35 7 0 10 37 0 6 0 35 0 21 44 29 2 0 45 3 21 117 73 17 7 84 122 24 0 0 0 0 18 18 14 28 0 16 9 0 27 0 16 3 0 0 50 82 0 0 81 21 46 19 80 101 34 119 20 0 6 14 45 0 27 18 90 31 4 0 137 40 132 24 54 134 0 40 0 55 38 14 0 18 20 0 12 49 28 9 8 14 42 15 54 8 72 55 28 0 54 9 15 86 36 0 117 0 32 35 14 39 30 25 2 20 97 20 54 0 9 6 126 0 60 28 7 0 0 66 4 0 20 8 36 80 16 16 53 36 7 82 0 36 75 
30 45 72 30 86 32 19 18 72 12 6 56 47 103 0 15 11 0 9 113 31 33 60 18 0 8 5 72 1 25 85 44 0 3 0 4 24 35 18 53 0 58 14 0 33 90 69 9 15 48 9 58 99 21 156 56 5 147 0 142 32 78 74 7 72 53 44 159 12 1 0 75 37 21 111 40 18 4 48 138 33 64 0 69 24 19 77 46 24 6 40 111 0 122 69 76 27 51 30 18 20 18 61 21 79 58 114 0 0 0 36 78 42 24 145 24 127 56 0 166 55 21 74 0 68 62 75 108 106 103 9 67 86 13 0 67 42 14 88 18 18 128 70 75 102 65 87 32 63 26 15 111 16 118 73 36 0 79 72 24 136 40 102 0 27 127 121 13 89 45 81 21 64 15 36 163 126 98 4 0 94 9 57 5 107 0 32 6 0 42 141 3 16 4 20 49 132 56 90 0 20 8 29 78 14 0 64 48 79 54 75 24 27 0 50 92 15 45 6 53 5 6 49 50 18 18 13 84 62 7 0 0 9 30 71 11 82 98 0 68 22 159 156 83 5 0 114 56 82 0 174 64 0 130 54 48 
6 79 64 69 18 82 0 85 3 111 115 44 51 57 0 56 0 137 51 0 0 26 64 107 90 58 17 90 16 54 0 0 104 8 0 0 6 2 12 0 104 36 15 56 105 46 155 16 35 0 38 109 66 54 173 0 0 117 84 148 59 9 81 27 41 0 18 89 28 72 21 42 137 38 92 6 56 54 24 36 36 48 0 12 58 82 114 106 74 21 96 81 0 0 106 70 26 46 80 33 45 12 29 16 29 154 42 42 21 8 7 42 144 154 108 37 52 78 21 9 65 94 63 100 0 105 43 25 56 135 63 15 169 92 6 21 56 146 52 78 48 81 81 16 29 126 6 0 84 6 70 103 76 109 35 36 77 35 12 39 95 57 20 0 8 57 37 0 117 27 9 49 0 86 81 48 54 18 10 21 0 105 144 23 90 3 87 24 12 16 128 0 139 0 66 53 63 0 102 2 53 49 97 93 21 0 24 95 50 73 69 45 6 79 67 27 85 9 54 52 4 32 0 109 27 81 0 79 67 71 0 127 28 100 99 49 111 48 81 109 0 40 5 56 14 27 0 0 10 23 21 30 44 53 0 15 
19 106 0 2 92 45 68 68 34 88 101 0 40 127 23 20 102 40 84 0 9 38 94 27 41 50 97 9 56 131 45 103 77 27 10 29 10 54 39 18 13 45 58 44 17 0 72 46 35 72 62 40 85 11 67 90 48 54 40 72 39 106 162 102 0 0 54 58 0 18 51 131 96 81 139 112 2 3 154 57 143 10 154 25 59 56 139 77 51 134 35 8 7 114 0 0 197 63 18 0 47 26 22 38 42 21 4 137 83 110 0 3 109 79 44 45 83 0 0 109 89 61 68 48 95 81 42 118 9 8 6 55 67 163 23 82 97 89 20 72 71 146 69 8 139 123 87 2 0 22 14 24 88 283 14 32 44 63 21 0 0 203 8 28 68 0 66 109 38 44 66 229 105 35 51 124 98 79 43 1 137 75 2 0 56 34 99 12 146 0 154 57 69 71 77 142 81 202 81 93 59 67 83 0 0 153 123 0 138 175 30 24 30 24 110 63 71 103 144 14 0 0 40 111 31 3 64 27 74 0 0 0 62 84 0 149 74 170 95 46 72 176 0 161 16 76 90 6 148 70 69 139 121 93 10 142 
9 143 0 0 43 138 56 97 86 144 49 0 153 20 112 36 0 0 112 35 84 83 42 129 68 36 71 34 90 186 53 64 137 0 20 149 9 6 54 147 68 0 35 63 0 5 21 57 130 135 276 83 17 173 156 78 20 0 72 83 94 90 121 0 75 102 32 3 0 107 70 163 0 30 35 243 91 9 25 103 160 48 150 67 253 104 76 55 104 114 33 40 56 117 83 0 225 241 47 45 104 135 9 4 30 96 0 37 29 32 81 97 27 0 161 64 33 40 119 21 130 90 48 94 108 45 55 0 210 129 0 27 0 55 27 242 152 9 45 33 38 89 46 4 32 216 12 63 0 170 64 5 16 164 52 47 3 86 137 135 86 115 56 217 92 182 79 107 36 14 0 127 7 86 72 42 28 99 101 65 101 125 90 89 72 109 156 89 153 211 41 12 39 40 25 65 77 124 96 63 25 92 54 0 30 145 82 81 52 68 24 144 42 159 110 67 120 122 80 30 81 72 81 388 9 54 15 4 0 105 54 63 21 118 44 81 32 109 82 36 15 54 35 16 113 127 109 90 96 101 37 120 105 0 108 76 
53 8 0 41 46 49 150 110 94 155 187 25 78 192 133 42 0 93 95 48 42 92 217 43 107 223 68 86 54 138 74 141 4 14 45 106 8 161 0 15 78 128 25 41 91 18 146 17 16 5 16 91 130 131 36 79 82 14 93 18 27 117 122 0 84 88 96 0 69 0 143 0 29 22 63 144 110 27 127 36 54 85 133 0 56 197 52 0 96 128 6 207 75 0 151 29 0 48 135 114 153 176 168 138 96 0 134 67 93 28 212 275 83 56 0 102 0 76 86 55 124 80 132 30 94 10 14 0 85 26 63 18 63 136 43 30 64 115 78 37 61 60 3 36 9 0 125 0 57 16 0 127 27 8 141 27 62 52 18 72 93 0 64 86 36 27 83 114 37 78 21 33 165 72 289 0 36 93 12 8 42 64 27 217 203 54 0 0 159 54 64 9 0 28 174 197 50 93 60 132 0 6 27 84 84 25 120 48 78 247 18 178 54 32 160 147 4 165 44 54 42 77 134 10 153 83 0 72 99 10 97 144 4 24 64 36 256 72 113 68 92 8 61 63 230 177 21 0 0 118 40 0 76 32 94 45 
91 9 0 4 10 36 17 71 52 6 25 0 15 14 20 0 4 37 16 16 27 75 14 19 0 36 16 47 85 56 55 38 0 16 37 25 0 77 0 94 6 13 6 100 54 0 66 4 36 102 138 30 17 24 8 36 3 28 23 31 19 32 61 6 0 64 2 32 0 16 59 64 28 49 62 3 12 90 25 118 136 4 59 59 27 30 0 0 28 45 137 8 16 93 24 10 28 32 41 0 24 3 12 10 30 0 9 16 28 9 55 60 40 0 95 51 0 24 35 9 2 78 6 100 20 36 36 40 87 15 0 0 0 53 2 12 104 0 40 5 8 59 24 70 20 0 65 0 28 52 0 26 2 66 47 99 0 63 12 45 16 45 14 121 27 60 31 6 67 52 32 28 0 49 6 12 12 56 36 7 14 85 89 28 14 39 83 36 4 113 105 19 54 0 15 57 43 66 111 29 7 5 4 0 0 47 92 14 48 49 82 48 21 81 12 58 4 96 12 35 23 18 96 0 37 36 32 8 42 23 23 85 0 98 0 0 8 106 16 30 20 0 8 29 91 6 21 0 47 81 76 10 86 37 72 27 
21 66 5 25 64 61 23 133 0 42 8 0 66 66 68 0 0 40 8 48 123 81 0 113 59 43 19 6 122 6 49 2 40 56 32 97 84 18 169 18 120 28 0 6 66 35 186 120 69 48 28 4 44 34 130 112 110 106 65 6 16 0 92 0 64 24 48 0 61 85 29 122 105 0 30 30 28 35 15 0 35 33 30 0 26 181 70 26 72 105 16 0 60 104 98 20 40 0 64 113 51 137 76 6 160 36 22 25 59 36 87 56 36 24 14 59 67 28 0 69 76 8 101 37 56 9 54 99 32 35 7 80 21 10 0 23 148 78 0 19 12 36 101 43 0 6 108 0 124 74 20 65 31 4 48 8 36 60 93 0 61 76 46 40 110 67 0 24 48 66 16 12 0 66 52 74 0 54 39 93 76 35 0 17 143 66 126 84 84 74 52 130 0 78 0 44 51 118 121 7 15 76 175 8 0 0 16 142 0 20 10 63 30 77 48 44 35 18 40 89 65 192 54 81 75 29 0 144 9 73 30 35 32 159 55 30 9 146 36 45 0 0 35 46 42 114 26 82 47 0 0 112 20 15 73 48 
35 73 0 162 87 77 0 16 51 48 141 94 54 66 49 28 0 112 123 18 90 40 9 0 8 41 50 108 0 226 81 101 0 0 25 21 93 24 6 69 113 15 16 56 0 7 15 36 126 0 58 119 0 78 63 21 24 49 82 138 24 12 129 35 0 34 72 105 0 0 90 39 132 21 73 0 45 50 0 10 126 0 42 56 108 153 27 105 7 70 0 39 31 32 64 5 62 56 77 7 56 45 56 0 74 69 112 61 53 31 85 0 48 32 36 68 50 63 60 20 0 0 97 18 0 63 72 7 87 54 49 60 153 35 38 45 5 7 6 75 59 54 40 48 54 0 30 0 140 42 0 112 21 90 0 49 0 0 28 36 57 0 104 52 68 70 0 0 91 9 0 63 40 31 56 21 54 0 109 61 0 0 35 34 70 6 85 18 14 0 86 52 28 63 56 36 80 42 36 0 48 28 28 109 42 137 90 80 63 63 91 40 109 63 130 126 0 67 57 0 71 21 0 63 52 3 32 79 0 29 63 54 21 39 28 0 103 119 98 63 20 7 0 107 7 0 35 84 0 40 66 21 77 56 14 65 
54 56 24 30 49 117 34 68 21 141 92 51 73 56 87 50 0 89 47 48 56 20 107 61 83 132 51 0 66 56 3 20 61 1 146 12 28 74 124 0 108 42 43 58 28 0 8 33 61 121 48 103 24 44 74 59 0 56 0 158 103 24 58 30 123 18 27 81 101 24 12 15 80 12 48 59 0 65 24 116 87 72 56 0 30 107 56 72 56 64 27 64 0 0 18 34 4 32 38 150 88 115 123 10 82 39 41 62 52 16 74 112 53 28 34 4 84 122 62 14 141 0 46 23 15 32 2 6 74 0 0 60 38 60 0 126 108 96 48 28 67 59 54 19 146 70 35 20 42 5 0 69 0 67 50 0 38 23 22 0 67 16 82 69 79 66 68 88 25 118 7 222 0 18 36 40 108 106 114 0 40 120 0 24 36 71 72 21 52 92 63 0 40 78 0 40 34 77 78 123 0 2 123 92 0 24 111 20 40 16 14 195 0 49 97 58 43 49 36 106 8 131 12 154 16 27 0 27 12 50 4 20 16 0 73 35 77 77 118 32 27 16 0 0 45 84 47 6 111 86 8 101 45 0 39 25 
64 48 20 88 14 158 21 29 16 144 22 0 106 75 98 48 4 32 25 56 0 26 59 57 65 60 39 8 70 67 138 0 31 24 94 20 0 63 87 72 46 24 10 40 132 0 119 48 80 9 128 64 0 158 76 147 58 7 0 32 62 27 148 25 36 118 74 20 16 88 34 63 3 74 73 91 40 4 107 106 56 55 68 18 4 7 80 73 114 39 23 112 0 94 205 64 108 72 52 209 86 90 82 1 81 96 27 49 3 32 112 92 6 0 30 14 9 81 76 109 12 44 0 9 61 56 111 146 69 57 8 22 29 0 20 82 4 72 88 32 44 128 56 72 106 50 97 49 0 72 50 133 65 49 6 21 70 62 115 48 30 25 104 25 66 118 90 103 100 5 56 16 25 80 91 0 105 149 84 98 8 79 87 91 239 28 114 40 163 57 176 92 64 90 40 103 8 134 129 30 0 94 0 118 0 188 73 117 55 63 25 32 4 82 117 85 84 45 8 220 186 77 78 66 84 64 0 109 36 119 28 71 30 74 53 0 73 240 159 94 63 0 0 44 63 45 148 7 75 16 92 60 63 147 0 68 
0 101 92 84 24 36 22 27 12 0 90 0 40 24 0 90 0 106 221 2 189 82 20 37 20 35 63 10 56 0 58 91 61 186 16 185 26 12 104 63 115 0 20 3 153 54 112 167 13 6 50 41 25 30 82 52 143 171 0 81 83 33 175 15 43 109 72 132 36 98 226 130 104 0 44 32 36 60 72 63 41 81 59 87 2 36 49 45 16 56 85 48 0 18 45 28 18 38 0 0 74 16 80 18 85 144 42 201 71 58 32 0 109 101 96 44 74 204 27 141 42 40 18 0 0 120 0 18 85 3 54 144 111 151 44 20 64 74 52 76 63 113 88 82 84 33 27 48 163 27 87 100 109 98 68 84 44 63 108 0 0 73 86 96 72 4 24 6 139 95 45 23 30 0 83 0 72 26 76 20 18 26 151 0 23 78 90 159 27 28 113 142 71 76 0 2 130 292 9 72 6 12 117 188 111 166 113 0 92 95 47 88 153 114 97 60 34 156 31 45 5 97 80 113 29 76 0 74 100 38 45 46 109 98 65 3 15 154 72 92 72 72 66 88 13 93 96 54 64 57 6 63 44 136 12 20 
46 105 0 6 16 28 40 48 4 0 12 0 15 37 14 123 34 163 50 26 14 2 28 37 65 36 111 86 91 48 64 4 64 0 9 38 20 275 109 54 54 135 20 104 20 0 36 25 31 23 6 0 15 72 118 60 27 16 36 27 12 97 12 68 8 125 56 40 0 23 93 212 32 53 52 41 41 109 90 34 104 21 6 27 68 21 54 0 28 52 197 96 40 60 0 0 55 64 35 18 8 63 0 16 48 12 172 89 2 29 35 32 36 32 16 71 34 52 14 147 51 36 10 176 10 43 94 40 4 18 0 42 73 150 40 33 1 39 84 46 54 144 6 50 86 101 40 0 0 18 6 0 28 84 4 18 0 18 0 9 8 208 47 12 27 0 3 48 42 67 164 78 4 0 68 41 0 6 84 32 77 63 88 10 9 51 24 31 0 43 62 38 66 32 153 64 20 59 2 56 0 44 110 0 117 120 151 36 121 111 86 65 44 27 48 24 33 123 82 68 64 16 28 95 0 26 0 14 16 18 135 0 36 94 42 59 146 74 7 25 48 23 88 126 45 172 0 0 16 82 56 136 0 63 0 87 
20 16 83 18 21 0 78 1 68 5 14 6 39 62 32 0 27 0 73 15 42 22 100 32 72 24 68 28 35 78 0 22 5 0 2 16 37 0 4 72 115 9 0 6 0 26 51 0 18 60 32 36 1 10 32 0 10 46 44 42 59 16 57 12 32 27 69 103 0 124 56 0 27 38 72 28 42 24 24 78 0 0 8 135 0 94 42 23 0 62 100 54 74 72 21 0 23 90 48 59 130 0 18 12 58 0 0 0 117 81 8 89 57 0 0 25 32 69 27 24 66 102 106 63 18 81 28 0 82 30 48 66 74 54 18 8 142 0 87 0 7 45 50 36 14 28 118 6 0 22 6 6 0 36 157 48 0 24 12 0 8 96 20 118 63 48 149 33 133 102 78 124 8 15 0 41 7 80 189 0 104 12 31 63 18 74 78 130 34 0 20 143 8 6 92 56 40 86 4 56 0 0 103 52 55 35 24 49 66 31 99 144 21 81 36 22 22 64 0 36 38 8 48 56 21 34 87 0 74 80 0 48 0 186 12 2 47 40 134 25 45 0 21 82 27 94 78 0 50 56 0 48 91 60 94 0 
45 38 0 18 62 0 36 48 38 42 82 7 0 32 51 43 20 69 56 25 27 25 147 21 74 67 65 7 0 138 24 32 40 0 18 64 29 42 37 3 45 0 0 10 12 20 93 39 5 117 15 8 0 8 42 40 0 0 36 62 84 5 85 23 78 0 0 39 35 36 42 9 94 15 6 46 2 71 40 98 43 18 136 53 70 20 13 18 19 96 0 8 58 41 15 4 35 0 52 60 0 22 3 9 20 0 31 0 20 80 6 51 0 0 33 21 57 43 2 36 93 20 4 7 49 31 0 10 30 0 0 54 0 83 55 56 61 38 12 6 0 26 0 22 0 23 23 2 0 60 36 58 4 22 51 38 8 12 0 0 0 24 24 47 16 0 9 8 46 21 5 119 34 37 13 65 0 32 3 6 47 52 9 9 14 60 88 27 43 10 18 80 6 71 71 84 8 48 35 56 17 30 61 42 16 56 81 21 74 62 45 46 16 27 95 20 37 12 92 15 36 48 39 49 63 21 0 4 56 0 2 0 48 21 83 5 10 75 39 0 24 11 0 0 16 37 0 13 16 0 12 11 28 0 35 30 
46 112 33 18 41 32 46 62 0 99 8 68 24 72 43 56 38 13 2 116 87 23 64 47 0 81 52 64 37 35 129 65 41 48 6 14 37 118 72 112 123 23 16 78 102 97 247 59 48 0 100 88 0 63 143 0 4 64 0 78 14 64 48 8 118 160 74 102 25 51 41 46 83 48 19 92 8 20 13 116 0 13 82 121 31 154 52 13 63 105 45 124 28 48 64 0 90 22 198 160 71 72 27 55 22 110 66 44 11 36 50 61 66 54 72 46 68 81 57 153 10 118 44 56 131 30 48 67 2 73 4 110 75 73 97 76 81 0 8 90 36 48 87 52 66 64 153 36 75 4 12 44 0 42 14 15 0 67 120 18 59 60 85 30 18 71 71 53 70 57 16 32 0 136 50 0 87 118 4 15 4 0 62 45 153 43 20 0 81 196 93 21 0 24 4 63 95 41 169 16 21 0 102 0 52 145 117 122 15 16 104 48 93 25 145 68 24 63 54 74 98 80 90 163 68 45 95 6 39 0 84 45 10 106 203 5 131 85 24 78 38 74 86 0 102 6 139 26 53 3 166 20 0 96 26 20 
8 81 0 0 105 40 0 109 9 45 109 18 63 148 18 0 0 2 85 40 4 11 42 9 94 95 7 32 45 77 51 63 117 32 146 105 45 39 11 0 138 30 63 24 8 74 91 0 8 47 48 118 19 0 40 0 156 83 72 189 8 36 242 1 47 23 45 30 0 90 128 73 88 31 90 64 8 15 18 37 6 12 127 156 0 63 69 36 21 64 92 72 96 64 35 58 49 17 90 149 43 35 0 34 64 30 0 0 79 27 64 0 8 90 72 33 42 72 69 154 34 8 14 0 43 91 6 9 160 83 42 30 60 99 47 54 90 124 122 36 39 156 102 97 58 48 7 30 30 62 12 85 18 0 16 88 86 59 0 0 42 69 19 131 81 66 34 58 133 137 79 35 27 127 110 47 64 75 103 47 88 39 103 10 88 51 70 158 24 0 59 130 57 36 58 0 108 240 80 88 18 0 242 45 0 45 129 14 45 39 6 45 67 81 56 21 7 80 6 82 41 43 57 35 198 135 0 81 18 90 7 41 0 93 54 0 63 61 157 74 14 9 0 29 15 56 88 45 133 79 0 20 43 32 76 39 
16 16 61 0 24 28 59 111 0 76 48 0 0 13 18 63 54 79 0 76 6 48 107 39 0 38 120 100 72 49 0 0 83 98 35 38 48 87 86 51 90 18 0 0 15 14 51 45 53 32 5 0 0 6 0 10 0 36 4 42 28 6 0 72 8 55 30 2 27 63 6 93 133 30 59 0 0 0 0 42 81 159 12 18 54 195 17 6 21 5 93 72 56 21 44 64 56 55 86 49 12 81 56 0 96 0 54 99 69 4 0 6 107 12 97 20 39 88 63 42 0 0 112 35 61 68 0 106 18 27 0 0 76 27 0 0 95 100 65 92 22 43 39 0 69 160 0 2 7 50 40 73 0 78 0 0 48 63 62 49 57 75 73 40 71 0 99 84 31 6 0 54 0 21 108 39 96 0 77 0 18 26 21 0 8 2 116 31 28 66 72 14 35 63 42 52 45 75 84 12 36 0 54 42 0 93 0 8 2 74 30 0 54 99 128 18 10 0 36 63 108 44 0 108 0 126 86 66 77 85 36 36 47 12 39 7 0 0 48 92 15 48 56 48 27 6 34 16 23 33 114 12 93 12 111 60 
62 8 0 0 48 0 36 72 0 0 38 3 63 95 136 65 8 56 98 4 45 0 0 95 55 0 12 0 57 0 57 80 48 33 0 128 8 9 58 7 55 61 18 56 116 40 82 66 18 12 25 32 46 12 12 21 28 0 121 114 72 69 20 91 46 85 48 59 0 0 5 95 82 4 0 103 71 0 1 31 60 107 18 53 48 27 24 48 3 36 63 27 8 6 45 37 88 14 8 19 66 112 54 0 0 32 226 42 37 4 125 196 41 72 73 44 5 9 4 24 15 34 54 25 51 2 0 58 63 54 24 32 92 160 15 53 48 0 0 32 142 0 67 0 15 0 58 0 0 49 25 30 80 137 33 30 54 6 21 0 81 53 68 43 114 2 0 69 35 10 45 128 43 81 45 1 32 0 26 48 14 235 27 32 45 59 36 100 65 0 91 4 42 32 18 24 28 195 18 124 18 2 51 2 110 65 46 6 24 128 17 24 87 50 34 36 61 90 58 43 14 68 27 119 63 24 9 9 0 36 44 76 0 9 0 0 131 32 120 18 59 0 36 12 62 16 28 45 83 6 42 102 12 88 4 106 
108 177 103 87 58 26 164 4 45 75 60 12 25 69 14 45 117 104 85 20 88 48 192 116 107 27 64 175 109 306 29 6 12 59 63 58 240 165 27 121 126 24 72 14 38 53 78 90 18 53 228 8 45 62 117 59 103 118 65 39 69 146 70 115 191 122 31 4 89 24 5 208 223 88 3 14 176 94 22 110 28 177 73 34 56 52 109 15 79 200 133 178 64 41 200 137 49 28 82 120 46 111 14 95 71 81 173 61 72 13 218 6 138 10 0 16 12 108 61 91 112 24 56 101 22 112 36 33 9 72 91 0 183 197 103 84 18 137 43 126 6 27 128 9 6 75 46 18 20 23 4 152 17 62 69 12 45 134 182 0 88 155 60 110 102 132 32 72 86 28 10 112 138 96 249 242 0 2 92 82 33 235 5 79 103 58 73 23 81 46 42 45 15 205 83 34 88 177 100 40 96 107 197 63 85 24 59 11 111 0 82 4 57 40 42 64 51 42 95 67 96 133 57 75 24 73 84 9 205 93 25 82 13 85 88 95 61 77 117 215 95 0 86 134 0 121 225 54 174 69 9 119 59 43 75 66 
72 4 27 0 153 117 114 136 0 81 129 18 153 62 18 72 0 27 175 120 44 21 105 65 124 146 23 70 0 0 97 28 148 0 0 172 0 36 18 89 132 66 42 58 83 54 128 82 43 10 38 110 12 6 88 208 120 0 45 142 90 66 111 104 0 161 52 0 45 27 52 140 135 14 124 105 56 38 72 113 92 154 155 10 64 81 54 35 83 32 132 100 40 8 121 54 31 54 49 175 96 145 88 15 162 64 85 150 37 61 54 162 126 72 73 21 80 104 26 113 12 4 77 101 37 8 151 43 187 250 60 113 119 164 32 70 173 30 24 33 120 56 115 38 24 0 61 32 64 37 56 56 123 15 213 27 118 100 99 0 71 40 100 64 100 109 20 69 57 35 62 63 31 16 213 0 91 75 3 68 72 154 75 132 126 21 131 56 100 84 114 110 61 55 66 120 258 191 160 60 43 68 45 134 72 57 5 219 87 97 36 160 48 6 141 156 72 92 33 29 72 145 75 236 96 11 15 237 127 82 40 123 0 25 130 18 108 91 0 173 15 72 88 0 74 42 171 207 0 0 165 82 0 72 189 80 
51 90 63 0 10 51 0 84 161 86 6 64 124 76 34 12 0 0 0 2 9 68 0 38 107 106 99 64 31 86 33 18 69 2 65 127 29 48 21 0 74 72 56 44 9 65 39 39 6 99 184 0 56 101 113 80 21 51 14 131 103 43 41 62 98 64 63 109 7 2 25 122 40 67 57 95 24 18 37 78 69 16 0 33 158 48 97 72 3 20 54 0 56 150 49 36 141 81 43 56 72 90 30 48 0 48 34 21 20 27 2 34 53 0 8 88 69 28 101 89 101 18 56 13 20 27 72 43 127 107 135 70 151 45 40 26 0 79 0 38 22 70 126 4 42 94 48 24 12 91 41 71 58 108 81 0 63 56 113 72 65 182 119 29 8 87 76 142 87 50 130 44 49 15 48 80 0 165 54 8 45 15 59 0 65 75 79 36 0 95 99 160 0 100 123 122 82 45 60 33 104 45 93 91 7 18 39 81 14 72 35 77 28 82 74 6 0 67 65 70 156 0 59 69 6 2 0 57 77 40 10 21 25 6 51 0 109 64 168 31 6 72 8 77 41 117 14 54 96 62 19 43 113 86 10 40 
4 0 27 5 66 86 39 65 45 121 32 167 99 110 96 79 0 117 22 44 90 120 93 45 75 60 78 96 6 105 0 63 87 33 87 0 0 120 124 50 70 68 50 39 24 52 47 52 11 21 72 207 0 0 81 195 48 27 51 81 88 129 100 82 0 66 18 11 0 99 18 15 208 30 74 3 0 6 0 14 60 90 22 20 55 60 58 0 213 44 54 75 36 78 76 150 0 15 74 180 105 175 86 126 198 140 61 69 44 105 117 81 174 0 4 12 27 42 62 12 125 0 127 48 21 74 74 156 103 0 0 8 45 8 16 63 45 33 51 28 78 136 15 91 84 47 42 35 78 10 20 12 0 45 185 0 3 79 45 200 117 107 10 72 166 21 9 0 83 14 66 70 85 24 117 21 63 20 65 71 92 81 60 12 0 120 54 54 148 4 57 104 63 77 16 34 36 48 45 72 0 64 39 268 56 84 0 32 32 28 35 0 0 84 49 9 12 77 45 57 119 181 30 18 30 119 64 197 100 56 0 45 6 97 101 61 160 89 50 127 22 12 77 28 73 134 123 66 3 64 0 55 0 60 45 53 
80 12 4 0 0 72 41 74 54 8 26 8 0 16 145 8 55 49 40 32 21 16 81 5 111 58 5 137 52 49 40 54 56 43 0 42 36 88 44 40 76 79 8 0 0 0 84 30 40 28 36 22 32 2 0 56 30 0 4 36 4 5 65 64 0 0 5 2 12 0 27 16 71 82 15 20 32 36 30 0 56 40 50 24 2 101 24 16 8 66 66 45 28 56 74 0 95 5 64 15 24 52 55 16 137 10 63 61 14 28 0 74 15 113 8 28 6 50 37 95 22 24 16 0 48 0 26 66 36 5 0 12 0 28 16 112 59 0 118 77 25 88 0 47 12 32 8 16 8 40 6 0 0 25 0 68 38 38 48 64 0 112 45 56 64 24 24 20 34 68 21 59 82 16 0 54 20 29 0 35 109 76 5 56 43 7 28 76 25 58 0 44 48 48 64 170 18 59 58 11 24 42 51 17 12 127 42 32 12 172 0 53 72 80 126 39 14 37 90 16 10 53 20 57 92 60 40 6 112 84 76 78 11 20 81 10 96 38 11 0 112 8 56 42 72 121 20 76 86 82 6 62 24 18 45 133 
13 135 25 0 92 54 46 0 0 8 117 45 81 103 113 106 70 69 130 6 18 133 23 105 54 76 75 12 94 104 130 36 118 135 47 186 95 193 47 76 95 89 93 14 63 12 9 33 20 26 81 9 4 32 9 108 69 119 62 0 67 48 53 53 56 174 0 0 0 47 32 117 135 71 11 1 33 68 85 2 62 34 147 8 54 0 30 0 9 45 0 36 32 13 9 57 26 112 6 18 50 12 8 50 115 58 96 129 49 35 42 36 14 36 192 28 120 81 16 80 0 15 56 60 50 104 53 77 216 50 72 42 3 51 72 61 5 107 87 16 49 108 190 104 67 17 136 0 79 40 18 0 67 150 0 0 54 40 4 18 47 63 29 128 75 8 44 72 54 47 67 108 74 55 77 33 18 0 92 73 0 49 67 37 36 0 77 24 45 35 52 2 100 15 8 105 46 0 51 6 18 48 103 26 15 64 64 72 0 56 12 144 6 35 70 70 27 184 0 50 123 16 99 75 74 65 2 149 244 104 0 103 132 61 19 55 40 36 19 8 71 48 81 19 0 23 83 12 118 108 36 108 85 35 238 95 
42 44 40 54 26 45 48 34 86 92 69 30 0 26 38 39 0 115 102 105 70 96 18 80 63 42 21 18 18 134 46 62 57 34 57 28 0 65 79 78 88 146 83 30 64 10 36 138 75 33 127 86 0 80 133 78 28 29 7 75 120 2 19 0 105 80 10 168 7 77 0 38 78 0 22 13 109 55 12 58 55 56 28 30 53 0 0 127 0 5 0 165 0 64 66 107 16 0 47 8 108 96 4 83 0 89 85 35 36 0 43 87 105 60 126 20 30 22 47 0 58 54 39 51 53 131 50 87 0 0 5 15 3 16 0 44 36 117 46 36 24 105 18 0 102 27 79 32 12 18 66 40 5 85 86 36 9 139 57 0 24 12 83 44 42 7 70 34 86 26 136 89 4 84 62 20 18 0 0 0 0 198 185 74 127 79 8 76 10 40 104 24 186 52 30 26 12 60 8 25 0 50 26 100 57 170 65 33 46 47 50 47 80 80 2 143 36 88 90 186 66 70 79 32 16 45 0 18 17 48 54 0 94 35 27 42 90 111 86 0 101 9 16 72 46 25 12 53 22 64 74 64 126 0 7 60 
102 95 0 36 0 38 66 19 38 27 12 113 26 72 0 51 28 120 115 28 119 66 8 91 14 10 77 6 65 116 49 16 68 43 139 12 24 181 30 24 26 52 0 74 25 82 159 64 63 12 96 48 54 128 75 116 0 6 90 2 98 0 113 16 33 42 119 37 33 135 157 77 80 150 14 30 106 3 161 122 101 58 4 20 72 38 98 42 147 0 0 66 28 14 119 204 42 91 32 30 8 85 0 84 14 63 12 36 74 56 95 86 77 4 30 73 50 111 32 12 24 40 129 12 2 146 35 87 87 30 21 52 29 20 30 108 9 99 0 0 13 98 10 52 96 57 123 10 35 54 35 79 26 30 131 70 0 49 32 0 78 50 79 16 158 94 0 25 101 13 81 95 112 23 74 85 0 15 105 24 24 124 82 50 125 72 48 0 77 0 60 93 85 18 29 30 35 45 37 20 4 76 62 77 32 123 173 18 120 130 25 95 49 13 62 50 84 225 0 115 18 7 19 18 41 62 4 96 74 45 41 32 29 17 18 78 34 134 80 50 63 4 10 28 0 96 122 48 91 102 69 66 45 27 8 28 
91 54 27 0 102 35 0 36 112 81 98 0 6 103 102 36 71 192 4 104 24 24 73 14 0 50 172 24 0 196 8 80 48 0 121 135 50 14 105 21 37 34 107 37 53 46 52 0 110 40 42 76 56 69 18 28 32 21 99 93 29 170 36 6 6 48 0 0 0 104 0 24 94 0 0 56 59 25 41 63 0 93 49 45 81 190 1 16 33 72 4 84 48 28 0 40 71 63 33 0 34 50 0 0 182 8 92 0 42 4 38 162 0 91 130 104 135 39 0 25 27 33 56 0 27 0 35 68 62 0 4 54 0 141 60 0 0 94 51 0 0 0 28 10 137 75 52 64 82 110 27 81 68 28 2 64 8 40 18 0 0 0 116 74 77 48 122 104 5 116 22 81 71 77 21 27 105 58 41 13 76 51 0 7 87 0 0 25 21 82 44 75 30 26 105 27 26 4 8 72 0 57 21 28 84 129 142 1 126 63 0 0 63 42 98 64 10 14 0 7 65 28 92 54 39 43 0 74 25 42 8 30 27 43 48 0 72 137 123 0 16 9 0 35 91 14 66 126 48 48 63 8 52 28 20 102 
0 24 63 0 0 81 63 88 8 58 149 12 12 22 20 35 18 45 74 0 66 44 14 34 60 30 0 117 68 36 40 24 66 97 4 104 0 109 23 75 89 48 0 69 53 97 143 63 105 36 98 0 0 63 8 62 46 42 4 24 0 0 121 12 21 48 54 74 155 52 30 93 67 16 0 36 120 68 56 66 68 24 0 0 0 96 89 82 10 40 40 96 32 0 130 151 18 69 26 24 0 82 75 0 6 54 121 15 16 0 81 16 143 20 136 36 85 60 117 6 6 9 66 63 4 26 0 36 0 52 23 4 73 56 18 105 38 167 7 49 57 42 275 18 0 97 2 0 4 6 21 90 36 12 78 0 0 16 2 36 95 103 114 47 48 0 5 56 59 0 99 24 82 55 81 79 4 0 62 0 6 138 0 58 7 56 0 86 14 70 111 78 0 158 0 50 8 132 133 40 6 16 176 18 0 7 22 8 30 22 71 59 40 6 104 0 28 85 0 204 158 69 32 32 3 6 66 0 69 138 2 12 25 12 83 2 25 103 127 26 124 28 0 52 6 36 72 42 100 14 10 46 0 46 1 54 
0 87 27 48 43 36 46 27 0 6 45 25 23 101 24 45 27 0 113 15 48 66 23 84 17 63 36 82 124 54 88 4 127 32 0 69 18 81 69 92 36 177 23 0 72 55 85 111 96 111 70 115 0 37 32 26 72 26 0 66 106 136 42 0 74 0 176 60 48 18 141 81 84 27 0 24 131 80 12 12 111 27 0 10 99 15 108 65 16 9 15 136 44 27 45 39 54 107 9 89 24 89 34 41 58 52 111 134 21 8 44 36 66 56 56 93 6 101 0 0 51 32 6 136 18 66 162 0 104 33 39 0 72 23 16 36 96 19 49 36 0 55 105 27 55 61 126 12 68 48 89 51 45 81 15 16 135 70 110 12 92 24 0 12 43 45 29 100 46 22 63 3 2 38 11 48 150 81 53 12 18 36 60 60 175 60 81 60 88 41 130 42 131 104 0 39 42 63 95 12 0 57 35 115 44 224 111 156 96 187 65 142 51 50 107 147 21 26 0 137 103 76 35 107 29 22 0 50 0 27 42 82 54 21 30 0 36 27 141 54 18 0 17 36 9 102 45 53 18 21 30 37 165 51 35 6 
134 36 23 64 44 66 27 47 46 233 138 68 80 0 0 66 67 32 99 82 3 60 38 2 99 84 8 12 26 116 80 121 94 16 8 106 29 78 38 48 58 40 27 11 80 100 57 56 122 0 117 70 55 70 97 48 58 24 68 126 54 79 108 28 0 40 40 79 7 69 35 0 40 67 91 46 8 126 40 64 52 26 198 0 134 69 111 12 43 20 75 151 72 138 18 8 29 12 134 0 136 12 0 2 76 58 52 48 85 12 53 117 95 12 40 24 4 52 63 92 102 127 8 52 103 8 130 140 26 20 70 4 54 114 20 84 20 35 28 45 111 94 195 47 68 60 132 48 76 126 42 122 21 124 14 80 18 82 24 0 0 48 24 48 2 30 80 123 84 35 34 28 63 21 22 52 76 65 20 19 107 118 61 61 34 27 63 22 177 69 55 56 153 28 48 127 61 112 175 84 50 15 36 31 32 236 51 12 56 91 24 106 49 29 98 102 42 115 50 34 138 0 88 68 80 47 4 80 127 134 63 59 100 101 60 68 123 64 55 77 103 24 40 175 49 60 41 59 235 68 73 109 57 60 108 63 
125 46 18 0 49 106 31 190 75 46 44 2 25 39 135 73 59 0 70 0 37 0 171 39 137 125 62 156 76 32 11 40 24 0 45 135 77 0 27 0 33 44 37 28 35 18 12 27 42 93 118 0 149 87 14 11 92 48 87 6 81 7 221 8 138 42 24 90 0 40 36 170 7 51 50 15 52 81 67 62 177 18 240 68 53 52 0 34 20 16 135 32 20 95 123 49 118 56 72 53 76 78 8 105 56 109 14 46 60 0 42 18 109 0 110 125 0 163 148 36 88 90 120 85 84 85 65 0 0 48 2 48 28 43 48 42 211 56 109 29 5 109 120 127 91 8 70 0 48 78 18 20 50 83 77 135 0 162 93 54 69 81 82 123 0 121 199 128 54 8 32 125 81 66 106 30 27 37 60 80 121 56 45 169 24 49 237 82 79 61 99 146 0 95 6 141 26 90 108 52 21 10 56 111 10 25 230 96 52 0 123 82 61 80 157 0 93 40 12 113 90 97 74 110 54 111 66 3 46 85 10 29 65 82 4 60 13 18 76 8 62 0 11 44 145 36 195 66 70 35 18 29 235 48 34 52 
54 92 45 72 106 96 40 24 34 35 10 40 0 99 0 69 0 33 181 32 116 84 18 64 39 38 91 76 18 146 42 0 26 27 0 45 96 27 121 18 48 2 60 88 78 30 123 153 52 6 50 80 0 46 87 50 99 57 12 75 50 67 90 60 97 72 99 64 0 0 92 113 154 0 65 0 72 76 24 28 20 7 25 69 107 24 24 58 0 28 67 23 32 123 20 2 14 0 75 84 42 36 40 39 60 36 36 78 36 12 0 36 32 14 80 111 97 60 16 128 62 12 120 0 29 62 100 36 48 98 40 88 9 113 12 41 0 6 0 16 16 36 32 24 25 89 82 42 86 33 105 72 8 38 104 0 8 16 146 0 0 72 165 21 76 35 50 30 9 6 140 37 16 12 0 3 20 0 28 66 7 67 110 30 18 2 118 22 28 68 5 114 48 124 17 25 74 66 41 43 95 0 115 105 81 149 38 48 40 66 18 12 107 72 28 72 22 20 53 91 100 134 0 144 72 10 64 151 46 18 135 84 79 6 76 20 9 34 17 12 73 8 36 6 24 92 30 227 14 48 29 30 103 0 8 114 
101 164 24 0 134 138 90 6 30 127 18 42 5 82 42 117 30 39 20 0 48 14 54 82 68 43 0 88 8 84 84 0 92 60 126 0 70 63 43 39 0 52 46 72 5 20 104 37 50 47 43 40 89 108 111 60 29 90 20 27 63 140 139 75 171 43 97 134 25 74 83 76 155 49 14 14 157 65 60 50 122 77 130 22 64 16 99 64 16 65 25 71 10 59 29 118 66 49 79 178 27 45 10 60 20 179 85 0 16 0 0 69 97 115 22 91 37 155 45 54 124 35 159 0 41 51 89 88 120 86 0 53 29 119 2 119 0 107 18 59 76 84 0 23 34 111 1 9 77 38 53 24 30 32 74 54 8 40 80 28 56 42 93 66 13 29 114 99 36 42 14 60 114 65 72 10 120 20 19 55 77 79 7 85 73 30 49 63 59 35 72 101 42 90 16 28 129 130 119 60 115 53 44 136 0 139 155 0 91 87 51 182 90 109 134 25 65 44 35 48 40 120 84 180 61 0 0 102 98 131 0 65 28 10 113 57 92 30 9 40 43 46 71 48 49 50 83 73 165 12 72 41 19 68 18 27 
29 16 0 40 119 137 0 126 22 41 12 0 61 146 155 0 41 24 94 6 78 32 105 15 90 126 96 117 60 32 101 54 0 51 0 86 60 0 72 42 24 0 72 31 177 36 98 120 54 57 0 69 44 119 80 17 0 0 36 54 165 0 40 23 62 26 85 167 0 78 39 87 131 24 5 60 84 43 12 108 184 105 80 0 54 12 127 80 56 24 80 42 62 42 180 51 44 49 20 88 63 90 1 30 6 59 188 144 56 28 89 32 90 38 0 74 6 114 42 0 20 7 36 68 8 62 28 16 56 29 15 0 54 32 42 142 42 44 9 93 134 150 135 9 120 49 96 21 24 108 58 0 45 112 45 0 14 30 102 32 12 90 129 56 72 25 1 7 42 0 27 83 25 105 0 2 87 77 0 63 9 139 78 0 197 75 40 20 100 34 83 174 91 129 0 43 23 163 0 120 9 10 36 91 24 176 54 32 69 77 128 84 116 139 78 121 126 57 12 25 59 28 72 100 0 4 67 18 0 30 0 156 78 72 94 2 59 40 68 73 19 0 16 0 37 69 5 0 107 30 56 96 0 8 12 0 
128 125 27 44 30 125 111 54 54 180 82 14 27 44 57 24 18 46 102 23 56 92 114 102 29 146 97 0 132 177 43 58 0 3 45 85 168 102 52 106 53 8 105 17 16 26 27 92 92 84 93 38 8 27 77 105 81 65 0 0 82 8 74 0 77 36 48 36 28 29 86 87 101 78 109 63 0 71 102 113 53 216 178 20 105 117 12 24 171 113 36 0 36 40 120 35 48 40 82 65 28 119 30 9 52 133 60 59 56 50 79 0 158 0 97 25 119 60 3 46 112 0 18 44 8 65 43 4 28 12 18 30 25 17 95 127 167 90 38 104 105 15 45 112 0 16 124 0 27 33 14 135 37 78 84 107 27 49 33 0 59 1 51 143 55 145 40 28 0 16 73 177 14 39 93 136 20 0 26 18 88 130 119 18 157 47 130 19 64 110 36 61 74 72 83 129 21 74 188 79 6 32 103 43 81 134 134 54 74 98 19 38 36 29 61 110 44 21 76 95 54 114 63 100 44 116 23 45 67 120 79 142 62 102 36 163 104 63 128 77 0 31 0 45 111 91 139 24 59 12 59 64 103 6 40 31 
75 24 146 50 18 26 10 124 87 63 45 101 35 89 36 71 51 42 86 81 145 120 70 69 100 47 105 64 66 162 102 95 29 20 53 0 104 119 63 4 97 95 2 10 12 62 127 174 38 35 91 49 57 26 2 30 36 63 137 76 55 46 150 42 113 234 64 36 8 44 104 204 171 110 39 80 72 73 108 95 47 12 57 9 0 185 66 32 0 80 11 171 20 0 142 112 7 26 183 24 98 141 19 113 92 71 67 165 84 63 96 271 46 18 158 0 31 72 28 52 152 133 181 28 79 89 9 14 134 14 0 80 109 166 152 61 25 44 62 98 114 12 4 85 80 36 191 62 114 27 81 46 9 34 214 93 0 176 53 0 82 15 20 116 128 42 46 97 32 2 48 22 176 54 191 45 24 66 95 35 69 195 108 76 111 14 100 38 97 98 19 36 40 84 36 93 53 118 28 29 0 0 125 162 68 62 58 0 64 125 40 195 0 92 74 82 12 94 60 136 99 95 4 0 65 9 7 72 155 108 92 125 5 126 99 52 0 36 52 102 153 13 49 42 22 118 148 77 10 112 30 0 27 36 54 60 
40 22 0 0 24 9 18 52 21 100 70 0 45 41 58 18 1 0 61 27 0 54 84 7 48 19 72 0 63 40 74 10 42 40 8 12 0 0 137 6 70 17 0 63 40 30 101 30 0 39 0 75 23 22 25 33 72 0 70 149 35 0 101 2 24 38 100 55 15 10 114 121 97 48 36 49 43 14 47 26 30 89 79 83 0 29 29 6 101 42 102 20 10 63 39 48 28 18 57 51 40 88 72 0 153 88 18 12 2 99 12 0 51 20 62 18 118 74 12 57 29 0 24 11 30 42 74 18 0 106 6 58 24 59 41 118 62 50 0 38 88 52 99 54 26 80 82 35 30 4 32 10 0 24 6 86 0 63 0 46 72 49 85 15 112 95 22 36 90 12 45 75 81 105 0 35 43 36 77 0 117 40 27 2 36 42 36 71 54 41 43 166 77 91 26 36 30 134 77 133 18 69 30 12 20 53 27 16 0 48 42 38 136 81 107 85 35 156 20 81 27 131 61 94 36 28 0 27 0 56 14 6 0 140 40 42 0 79 18 5 10 40 0 2 0 89 36 25 34 0 49 48 0 0 54 40 
55 51 62 40 0 45 68 14 77 106 40 2 45 21 44 8 18 42 68 0 123 62 30 56 24 32 78 40 98 67 0 0 35 42 32 0 25 14 72 0 73 49 2 4 63 80 75 77 97 21 81 54 3 98 50 53 21 45 0 124 71 112 159 82 75 79 8 24 58 0 112 127 74 0 48 8 0 69 2 44 113 20 69 0 99 134 34 14 6 41 72 62 68 0 44 4 51 47 25 82 69 42 61 4 7 41 63 86 42 45 0 26 34 0 72 18 32 67 132 0 108 42 0 100 0 68 92 22 70 0 0 46 50 55 30 10 0 70 24 39 18 28 87 70 6 42 18 18 64 83 68 69 0 111 70 41 0 24 119 12 0 91 36 63 41 76 44 32 64 6 74 14 46 46 75 0 0 76 63 51 74 117 0 0 45 29 44 44 24 128 58 72 0 119 136 75 95 56 55 24 63 58 36 141 70 15 55 28 28 47 82 19 86 68 113 12 16 90 66 80 0 79 0 30 14 55 0 2 136 57 0 61 14 55 32 29 2 170 98 38 48 41 0 56 66 101 14 72 0 75 10 12 28 48 4 9 
19 184 32 0 38 32 0 113 18 56 83 8 18 50 85 30 18 40 10 81 63 5 4 101 20 163 1 111 56 81 48 76 0 30 32 105 9 83 51 41 4 116 8 2 44 12 9 44 88 26 72 7 10 3 70 40 63 54 10 41 10 8 22 19 105 139 0 72 0 22 0 17 77 20 10 17 24 5 27 103 58 72 126 44 94 103 23 64 18 45 39 16 24 68 26 0 44 0 124 71 24 38 12 0 27 0 64 51 0 42 104 108 26 21 121 0 24 50 0 23 129 65 82 24 115 19 123 66 105 16 60 10 20 105 10 60 27 32 64 12 54 79 16 3 32 6 7 36 9 30 15 14 55 4 0 0 0 72 90 0 9 22 44 72 10 28 64 64 8 48 0 51 0 53 48 31 83 70 54 65 70 0 28 129 147 19 4 66 136 56 28 45 27 142 44 130 111 10 159 66 138 2 70 71 54 69 72 185 34 10 24 53 12 36 32 53 1 2 40 8 70 24 86 63 48 36 0 147 0 82 7 15 0 60 5 0 78 34 16 24 90 8 45 74 87 123 64 133 67 4 109 77 0 54 99 0 
21 114 0 0 101 18 9 84 128 145 41 62 101 126 61 34 97 126 68 10 0 86 72 26 110 84 83 31 80 96 98 39 101 76 71 21 0 135 43 26 40 75 125 80 32 96 98 135 70 77 103 70 92 56 203 328 40 129 68 86 98 77 112 31 157 104 12 47 0 121 118 140 61 73 124 48 106 27 79 71 62 88 0 75 87 0 274 158 87 49 8 0 31 42 51 161 49 49 0 43 32 133 149 149 65 155 102 302 47 65 38 128 63 77 28 69 194 136 65 31 71 12 139 136 56 107 25 103 95 72 4 120 191 0 72 195 48 209 68 93 124 70 92 6 111 89 60 55 28 112 10 14 8 86 157 93 5 108 26 10 194 146 10 35 175 8 1 76 48 78 49 133 66 51 134 141 94 123 7 10 85 162 50 8 64 136 57 151 0 0 190 151 0 150 44 69 11 45 10 90 62 91 116 104 116 222 119 32 62 148 77 77 0 130 124 25 29 75 62 16 0 46 10 83 41 27 30 152 100 54 0 60 53 136 0 100 106 192 91 91 55 25 63 20 72 165 0 112 128 90 48 119 78 90 32 134 
0 68 15 40 0 0 48 70 14 9 34 10 25 52 66 0 22 0 3 0 14 48 97 28 40 66 48 16 34 0 64 0 6 32 16 18 0 8 48 0 2 2 54 34 27 12 22 32 86 0 31 56 0 40 0 48 0 0 0 0 19 44 54 5 8 54 24 0 0 43 73 89 17 0 24 130 96 0 50 16 0 8 68 0 0 96 35 0 32 72 15 12 76 0 21 45 24 58 28 40 62 0 32 46 32 9 68 36 2 0 36 48 60 0 0 16 20 16 80 52 38 15 13 16 8 28 10 0 54 26 0 0 17 16 0 66 56 9 48 16 70 0 4 80 0 7 46 4 24 62 0 12 0 12 60 0 92 48 4 108 64 37 38 27 2 25 24 4 12 26 0 0 5 19 87 0 33 23 24 62 0 0 9 58 48 72 9 64 65 56 32 0 0 14 36 92 42 0 32 14 6 6 16 6 0 0 32 22 0 48 16 0 36 99 2 70 0 164 0 43 0 50 18 72 83 12 0 6 4 54 10 99 0 52 62 0 40 14 60 12 0 84 20 0 0 20 40 34 47 8 0 0 36 36 40 62 
123 193 0 27 186 90 69 154 60 167 62 80 86 164 311 53 31 56 151 64 67 78 138 86 81 216 75 158 102 225 5 14 48 63 0 66 106 112 60 51 68 111 130 4 117 99 33 20 18 80 107 46 16 235 68 78 35 54 50 149 64 191 176 65 21 191 16 46 108 86 83 77 148 188 95 6 25 75 75 111 93 54 69 6 46 59 59 65 106 103 93 37 84 56 57 63 34 32 27 135 155 4 30 99 70 148 159 86 57 86 72 23 75 43 80 72 38 54 205 73 96 0 128 199 10 45 94 21 107 67 45 14 96 24 54 125 32 81 83 91 55 63 134 84 147 164 8 0 111 111 37 78 2 134 122 85 5 21 0 84 18 206 54 117 47 112 69 8 144 24 138 29 45 64 91 70 132 43 12 53 183 51 53 98 21 76 12 203 141 31 69 89 78 134 13 42 99 43 148 44 120 52 80 122 139 56 111 71 129 108 49 65 73 36 219 59 115 74 111 33 35 50 45 10 71 90 19 25 127 12 7 41 59 100 40 55 102 58 7 30 40 46 133 96 111 121 97 55 78 12 77 123 55 116 4 67 
78 42 82 24 43 45 48 49 75 90 158 0 152 161 81 2 145 0 53 9 0 72 29 108 126 30 0 0 0 12 0 23 91 3 16 89 9 63 23 65 32 38 53 20 69 0 0 21 39 25 0 110 2 87 9 0 8 7 0 154 75 2 0 75 21 72 0 30 3 0 12 35 36 24 74 10 90 6 0 10 15 35 17 0 70 35 0 45 0 0 32 24 56 35 20 15 77 65 44 9 148 20 9 91 53 0 18 56 6 32 75 12 0 0 0 16 14 50 81 42 111 0 14 10 16 0 54 7 185 0 13 47 52 91 28 0 6 26 0 33 15 91 91 0 2 54 74 0 66 105 9 119 13 71 18 42 28 0 78 21 8 84 41 51 54 109 14 21 35 3 52 69 55 57 146 0 4 9 83 0 24 84 42 77 80 35 123 27 61 23 45 42 138 2 53 21 120 4 90 34 7 0 5 77 0 62 10 134 0 72 35 74 118 0 133 28 144 21 14 9 39 6 27 49 70 94 49 28 14 182 0 32 49 10 32 17 0 43 42 28 0 11 0 0 16 0 6 103 20 9 72 154 61 28 77 120 
56 100 27 11 60 120 73 70 84 96 163 62 28 14 72 88 25 8 121 86 82 86 155 71 54 121 83 66 16 158 0 66 0 59 109 90 0 0 109 0 0 112 119 26 70 48 18 57 162 75 72 24 74 53 55 109 78 18 92 136 135 61 93 0 63 1 16 6 2 116 48 53 88 80 32 87 66 19 131 141 83 112 184 3 135 150 15 8 81 89 43 89 104 49 161 116 32 128 43 73 30 0 12 48 97 42 6 59 143 0 18 100 109 7 54 79 23 203 98 50 59 78 48 22 74 35 88 72 122 20 93 15 79 9 25 282 45 74 68 84 24 96 48 71 113 87 115 25 87 146 8 8 80 77 87 72 7 0 24 73 153 34 52 87 170 131 49 72 81 63 8 145 48 32 48 20 63 97 224 95 36 41 54 35 51 176 42 66 66 92 8 94 15 93 105 190 71 71 18 72 0 63 61 89 35 17 102 0 13 8 74 33 72 106 0 8 0 138 90 0 148 101 54 99 30 86 45 57 161 48 8 125 54 0 6 14 0 54 142 22 7 49 28 33 51 48 164 84 0 91 28 147 16 10 90 20 
0 130 15 5 9 72 36 96 76 166 5 58 63 45 57 58 47 0 84 0 24 45 78 0 7 90 45 50 0 131 12 41 20 0 83 21 30 16 92 72 0 4 21 17 24 0 21 0 74 18 30 90 18 2 56 85 39 0 64 57 6 81 62 40 89 72 0 18 14 66 6 60 126 10 52 0 0 90 6 101 45 25 87 0 42 0 44 9 77 74 45 30 4 76 42 107 70 72 64 197 0 51 135 0 52 97 74 58 97 54 67 67 28 12 27 0 217 56 96 85 45 108 16 72 21 10 8 6 60 45 57 51 56 50 121 12 52 18 41 72 45 80 30 76 40 27 42 27 47 51 8 0 69 60 54 0 0 72 45 26 32 10 111 112 36 8 63 46 41 42 54 36 54 0 52 8 0 30 62 35 54 0 33 111 81 60 0 33 14 4 35 99 20 45 0 8 15 49 14 14 58 16 90 81 35 78 105 12 110 8 89 145 0 21 54 0 14 51 45 15 48 10 76 27 35 47 0 139 60 12 0 71 47 63 122 135 42 78 0 47 4 0 0 0 55 27 172 29 42 59 27 29 15 90 18 97 
20 42 5 16 18 52 78 26 42 66 37 48 13 55 111 68 3 8 101 106 96 90 106 49 33 44 150 9 43 42 93 4 69 30 6 57 20 78 208 154 94 40 24 28 103 129 149 102 42 3 32 68 45 105 130 11 16 72 78 12 94 29 239 33 159 64 0 44 4 51 78 107 72 89 86 41 47 1 104 156 25 91 9 0 7 59 24 23 23 47 38 21 32 71 114 64 107 62 120 83 54 36 58 103 0 63 70 79 0 14 23 102 73 0 43 84 0 115 25 81 59 42 132 46 12 71 95 160 112 40 3 161 5 43 31 11 115 61 132 47 17 20 53 3 24 65 116 52 110 15 67 65 72 51 110 0 36 52 4 44 26 89 0 144 103 46 155 141 42 4 81 28 25 59 86 22 66 25 56 50 72 119 74 156 54 30 152 32 59 7 84 71 12 124 16 85 78 0 103 27 30 57 9 84 56 74 82 26 31 6 0 107 33 57 137 148 9 18 8 86 183 166 32 27 53 59 8 75 80 57 9 46 64 65 15 98 73 79 136 53 64 11 90 21 74 63 105 132 27 20 78 38 90 42 0 75 
18 72 2 16 27 65 107 72 7 174 187 81 8 79 93 12 14 68 94 0 32 76 61 52 43 69 72 12 5 113 98 24 101 32 62 93 67 27 11 64 26 14 124 91 39 37 236 4 0 12 136 64 121 52 62 0 25 3 96 72 18 0 164 20 8 108 56 78 0 35 45 62 138 18 63 102 111 59 112 57 26 76 182 0 4 12 91 10 19 78 38 49 49 16 30 147 56 80 58 24 64 37 2 38 56 125 56 0 114 65 0 67 128 110 280 28 16 89 42 182 76 0 95 18 152 50 2 56 191 112 38 90 52 195 29 87 7 121 69 31 97 59 157 98 56 171 115 14 113 47 0 107 0 159 15 24 41 105 9 18 60 24 119 38 113 96 175 102 29 42 0 18 249 105 33 0 48 0 123 53 42 102 84 51 62 30 105 27 55 83 143 85 114 58 59 138 108 91 121 141 33 10 189 97 46 127 132 71 2 84 4 105 78 109 251 37 0 96 63 81 125 8 35 40 96 74 40 125 166 136 22 117 43 8 32 91 119 47 76 5 32 106 0 5 71 8 94 20 103 56 133 39 83 63 36 59 
79 99 16 125 8 57 56 99 31 202 120 2 12 201 9 55 57 132 186 0 18 104 192 6 79 10 79 36 48 214 9 46 28 25 50 16 45 2 54 0 9 11 17 30 45 16 36 75 60 45 86 105 76 72 107 32 73 34 32 148 71 88 117 112 29 46 101 49 34 0 49 0 82 81 43 60 12 71 93 12 38 85 23 63 23 8 119 36 14 4 31 66 63 62 3 9 7 0 176 0 242 35 45 59 8 32 32 30 131 35 133 111 42 88 54 14 10 135 9 65 26 3 50 79 27 0 95 56 56 28 20 53 46 128 41 210 24 72 28 88 192 46 32 0 58 52 137 58 36 0 18 71 14 182 45 21 21 15 14 9 16 86 15 70 44 89 57 59 79 87 150 49 49 0 118 32 36 58 74 21 41 245 10 8 61 167 76 20 9 51 77 25 55 4 161 53 161 96 86 96 28 24 87 66 0 198 107 64 79 187 24 68 24 98 151 96 48 104 36 48 63 5 54 32 149 90 0 89 92 42 167 85 49 28 12 50 69 98 177 38 14 23 89 51 7 143 16 113 152 66 105 108 35 22 32 162 
87 199 27 46 129 152 86 116 102 5 94 7 9 25 130 63 94 14 60 65 40 16 93 122 73 93 55 50 83 204 15 95 16 0 16 86 172 136 13 0 64 67 82 58 0 16 94 138 14 92 113 79 7 89 74 147 7 66 0 0 46 151 40 56 171 63 8 7 76 18 70 97 205 35 41 66 49 88 67 86 44 229 85 95 108 48 50 54 68 97 78 48 52 111 171 129 8 85 12 0 55 28 72 22 104 70 32 26 32 66 172 128 89 48 14 116 106 75 122 54 88 0 107 0 72 28 130 6 45 158 0 21 33 121 56 29 84 77 50 83 73 137 44 104 60 60 44 0 0 161 54 98 43 52 119 0 0 121 98 72 104 132 14 108 73 106 32 18 0 50 0 59 52 66 180 133 0 91 16 130 32 88 72 35 93 86 88 17 67 74 147 62 48 129 84 142 87 64 0 29 64 12 53 0 74 8 72 119 104 50 34 123 74 14 77 58 119 79 82 52 30 108 150 96 8 0 23 12 96 8 83 112 11 43 89 61 74 22 0 74 119 16 42 28 113 46 181 124 119 4 28 41 70 0 102 133 
78 90 40 9 65 38 58 22 16 138 18 74 41 25 102 84 16 0 32 45 0 20 127 98 49 59 71 121 0 90 63 6 0 20 41 0 16 129 136 0 43 16 7 12 63 81 137 70 65 123 39 8 28 13 26 71 6 0 0 168 102 125 0 60 119 0 99 87 21 6 0 34 110 34 28 59 49 4 81 113 20 49 93 0 64 61 62 41 16 45 58 63 0 35 112 0 6 0 24 80 53 9 57 13 20 9 49 0 70 11 7 36 36 0 35 12 28 21 98 63 86 0 0 36 92 56 4 51 2 84 0 20 82 90 34 105 22 21 9 44 0 6 114 27 0 18 183 0 28 0 0 108 0 49 11 52 0 0 27 27 63 46 37 45 6 24 8 0 100 0 39 72 0 72 40 12 66 129 8 133 22 136 29 35 83 11 79 67 81 17 27 58 89 43 60 21 6 84 38 127 34 0 0 109 75 32 27 91 5 82 99 30 36 51 37 95 66 32 140 16 33 143 81 131 0 35 0 0 33 0 12 41 0 66 61 18 36 101 49 45 28 37 92 57 4 28 27 12 0 0 40 19 8 22 27 40 
51 137 27 30 32 29 26 67 77 51 12 58 103 59 135 9 23 92 60 38 54 6 38 19 92 42 67 137 57 56 47 68 41 94 9 118 0 104 14 63 99 3 88 0 72 132 48 61 34 18 33 168 48 89 109 73 86 0 0 202 38 67 32 126 26 141 30 69 8 62 8 143 22 90 16 6 62 48 58 126 16 45 75 4 36 122 84 92 39 95 99 308 18 14 42 40 1 53 57 139 154 113 48 9 52 40 76 67 0 55 48 0 27 118 99 74 7 8 26 273 29 30 17 64 34 55 74 23 113 54 80 106 93 69 113 52 7 69 42 61 70 116 153 30 30 51 90 18 78 45 0 57 6 84 16 28 68 0 47 18 11 112 0 86 18 121 50 21 126 53 35 71 153 0 108 69 91 25 78 3 15 49 37 40 106 79 108 5 53 127 20 59 60 12 154 12 141 102 9 8 47 86 76 170 30 50 18 103 7 107 48 245 32 0 144 18 0 15 89 86 72 18 44 100 110 30 81 95 137 91 66 71 39 19 77 36 36 182 18 83 95 121 94 113 57 109 0 46 34 49 72 68 57 58 8 164 
23 60 56 16 18 99 103 96 97 72 0 17 45 18 165 130 0 89 37 39 87 52 99 9 110 100 68 125 118 54 109 8 59 32 7 54 44 2 164 136 27 24 19 73 48 41 84 100 106 92 61 36 5 18 163 115 32 37 32 94 28 123 191 66 7 27 40 20 40 115 15 201 74 30 27 67 81 31 67 131 236 55 39 0 63 122 8 15 158 134 85 43 68 121 117 50 93 114 42 134 145 122 25 8 103 57 8 52 0 31 6 177 116 57 0 86 64 144 67 82 42 155 62 72 4 35 145 53 117 27 42 25 55 115 0 189 200 56 66 83 0 118 84 27 10 0 71 16 77 69 24 21 63 75 156 16 12 149 39 79 157 42 53 117 47 80 223 56 94 59 94 63 0 5 27 8 60 121 194 18 98 115 85 80 101 166 187 106 9 150 90 102 20 63 61 185 146 106 180 45 32 74 70 95 72 64 145 30 19 156 54 172 0 157 164 100 57 95 3 69 195 182 68 237 34 144 0 35 154 236 72 122 48 124 54 15 70 151 56 83 12 57 15 43 71 130 105 70 79 102 82 34 92 18 63 31 
0 86 12 119 20 28 96 135 46 129 9 20 45 88 217 0 0 52 15 26 49 35 226 39 157 72 147 111 66 138 76 0 29 21 103 27 56 79 132 59 96 41 62 9 38 30 138 63 55 101 2 21 36 118 6 59 34 54 42 6 134 67 70 92 147 23 63 104 0 62 114 68 143 50 65 18 103 0 42 119 83 135 119 24 63 110 70 91 126 199 126 70 31 96 57 63 12 0 56 173 94 226 146 112 78 53 126 40 118 99 71 114 119 54 16 81 88 208 83 77 152 86 120 59 45 131 66 72 14 52 0 35 77 57 28 112 96 39 0 123 72 36 46 28 54 92 29 15 9 69 0 10 0 51 95 33 42 110 27 64 48 145 87 61 60 93 24 28 100 48 12 78 133 42 86 12 87 76 7 77 127 14 21 107 46 75 98 184 76 0 14 191 16 34 9 56 42 114 55 135 27 56 0 54 24 142 166 48 152 50 45 120 104 125 59 91 98 136 136 96 86 110 8 108 86 74 104 83 64 42 111 189 33 200 80 135 72 55 47 64 41 0 78 49 26 140 0 46 133 10 10 89 3 24 62 79 
0 87 82 22 63 150 57 0 33 117 125 0 9 90 140 52 63 99 93 105 69 114 138 99 73 0 17 12 69 135 33 12 102 27 43 36 14 63 126 34 99 93 59 96 92 90 98 113 30 46 2 87 24 43 104 11 9 0 83 30 60 54 119 48 124 42 14 100 49 70 13 148 63 28 54 13 31 63 110 252 120 112 85 23 54 40 10 73 93 56 93 32 43 117 119 112 83 102 95 60 82 153 6 10 98 24 108 34 90 0 78 11 58 62 117 76 41 63 45 90 56 20 30 56 35 11 128 181 15 21 16 32 50 122 15 56 120 40 0 50 57 48 0 12 0 68 24 0 0 81 119 116 56 161 122 54 6 112 54 9 71 60 0 52 76 90 124 12 33 22 136 52 66 12 86 5 0 39 64 54 127 214 132 50 17 39 40 88 26 64 5 34 166 89 86 24 11 159 0 118 57 36 45 20 97 144 39 90 20 24 51 16 43 0 102 57 79 119 88 56 26 122 73 174 71 39 10 9 107 109 60 30 24 104 81 81 77 77 72 80 73 25 0 0 16 98 97 62 113 51 188 67 8 10 70 12 
51 20 76 44 110 56 69 150 145 30 68 35 4 78 117 36 9 72 29 71 3 106 84 156 82 79 116 107 129 175 83 138 26 35 42 45 69 75 16 54 34 67 13 62 87 60 100 46 42 94 55 142 0 0 42 10 38 7 0 78 125 100 67 27 16 75 0 115 0 5 16 141 100 33 81 30 0 91 35 91 92 86 54 53 136 51 108 109 116 82 117 84 34 12 30 5 192 70 135 0 66 70 40 71 113 36 46 55 0 15 109 125 3 42 35 27 112 45 10 50 86 15 12 103 21 0 108 56 86 54 28 106 60 29 62 73 18 56 36 57 94 65 19 36 40 69 45 42 86 77 54 79 8 199 87 80 87 21 47 94 88 95 72 104 61 85 42 55 54 9 40 123 45 33 201 45 60 0 20 25 39 99 103 63 111 27 92 76 94 46 85 130 114 36 111 0 80 104 131 18 0 66 67 19 56 141 116 85 80 137 149 164 32 116 138 53 10 163 62 0 38 52 45 8 56 69 0 68 82 64 109 67 59 127 117 30 129 91 112 8 102 18 50 74 12 90 70 82 65 45 152 94 81 51 18 90 
63 81 78 54 39 41 29 150 18 42 28 0 78 41 71 0 72 69 8 0 6 0 93 7 103 35 35 78 29 113 0 31 63 27 81 50 62 3 75 6 45 89 45 7 39 0 4 40 63 19 24 40 15 81 130 15 0 3 9 15 14 108 37 56 68 130 0 28 0 99 36 118 48 108 79 35 0 0 0 0 64 111 55 2 70 5 81 45 183 47 122 54 0 117 49 25 149 84 45 28 88 101 35 47 95 37 8 9 0 36 72 15 42 49 10 7 60 132 0 6 31 9 6 0 0 0 179 66 32 27 0 36 45 88 27 53 58 61 36 19 35 86 56 25 37 24 6 22 7 54 22 19 35 65 0 0 1 100 81 0 54 87 102 26 9 56 0 96 28 40 0 21 46 15 214 14 44 67 72 15 90 187 42 3 138 9 68 13 48 18 17 101 36 51 1 61 72 84 99 16 11 92 47 35 24 41 56 7 86 161 114 146 13 90 131 6 87 27 48 9 35 72 54 61 40 19 0 30 0 165 27 49 0 81 21 36 9 49 9 19 48 9 84 61 70 120 24 121 47 49 14 71 15 9 14 115 
27 111 93 25 48 78 104 84 19 153 18 8 41 53 57 18 12 18 3 27 112 103 75 30 126 72 85 9 46 107 72 112 129 27 4 97 48 183 164 62 12 59 0 32 142 50 172 186 68 94 41 124 76 36 38 107 0 42 90 137 227 56 155 0 264 104 82 80 44 75 12 123 160 36 70 160 112 0 109 162 129 100 144 50 10 121 43 174 45 108 99 52 32 85 91 138 48 24 36 76 51 81 89 30 61 138 126 78 0 37 87 128 96 61 57 49 126 29 86 109 187 53 95 14 0 149 57 163 70 101 0 74 85 94 8 108 80 77 62 127 81 97 14 6 165 160 106 54 67 54 141 102 48 72 72 0 33 110 138 54 80 108 90 69 12 81 30 31 0 30 42 96 3 124 125 49 15 72 8 2 144 190 121 0 187 99 125 40 78 79 143 114 134 94 57 20 160 28 64 101 73 0 43 50 35 63 50 117 62 45 78 18 42 24 51 84 81 141 90 30 90 45 119 162 0 66 0 56 120 13 48 4 127 101 110 166 272 62 118 50 6 96 146 112 75 33 204 200 97 0 104 164 15 176 119 42 
5 165 88 2 72 85 44 119 34 131 137 62 8 16 72 34 44 81 32 86 48 92 154 50 154 134 60 97 62 184 25 115 133 6 0 168 0 94 50 90 159 78 76 72 32 46 24 157 2 8 18 0 16 9 20 119 124 16 33 18 109 4 105 32 59 48 0 12 28 97 140 0 56 80 0 0 108 8 85 60 70 61 102 0 104 86 40 92 12 136 105 65 14 0 240 138 49 112 9 68 45 66 91 77 0 54 6 78 80 112 0 41 136 35 16 84 107 139 14 10 48 0 99 6 80 82 104 181 5 30 50 14 57 50 10 40 25 180 35 18 22 89 143 28 96 104 44 6 6 87 0 28 84 81 99 32 32 83 127 4 39 96 56 12 120 112 6 25 67 6 0 74 90 41 25 0 48 0 28 78 49 232 10 90 117 93 0 129 113 27 107 197 88 206 46 121 12 107 18 0 0 4 60 145 39 25 66 54 12 94 138 105 0 172 10 30 30 90 90 71 118 54 68 56 9 40 32 12 42 73 64 42 96 0 12 193 86 59 118 16 46 0 0 113 0 130 18 9 30 97 52 65 79 50 70 0 
154 55 18 0 0 56 26 57 59 135 72 114 58 103 56 20 5 101 21 54 32 28 28 0 15 27 11 72 30 54 24 10 94 36 0 88 19 105 117 68 117 190 72 16 57 12 56 82 140 108 62 72 14 101 64 60 49 0 16 121 45 122 66 46 56 16 91 0 16 144 45 14 36 18 41 35 0 163 32 0 186 63 115 0 73 51 83 8 74 0 79 83 86 45 56 42 49 137 28 136 105 8 27 44 13 128 21 28 49 46 0 54 181 0 28 40 64 55 174 4 123 69 49 81 0 0 43 122 36 42 83 87 49 64 79 30 22 59 56 6 97 67 9 29 20 0 77 0 63 102 45 137 112 51 76 92 81 167 106 45 36 52 167 0 56 18 0 162 81 49 28 41 14 80 8 0 83 114 11 86 70 118 21 78 234 168 0 86 69 64 21 18 32 97 59 138 69 47 122 113 0 0 31 40 95 143 91 173 31 224 21 74 65 0 123 182 72 75 8 36 111 6 134 24 45 29 0 45 33 21 35 32 0 60 134 120 57 55 27 14 63 0 0 24 103 126 64 7 53 145 60 0 83 106 31 0 
26 199 12 81 86 155 0 64 73 70 124 12 66 136 201 18 68 150 101 56 30 95 50 59 75 32 79 190 4 132 40 20 18 37 9 93 125 189 18 83 104 63 172 11 61 26 49 48 4 24 92 74 26 80 102 76 81 0 64 89 72 49 155 64 3 125 0 20 21 4 61 199 81 72 0 38 99 65 144 72 91 78 82 0 21 22 28 37 56 132 83 95 18 16 156 0 139 130 89 53 126 102 5 131 103 72 167 64 93 40 122 70 59 52 111 49 90 8 51 130 60 2 0 85 34 142 168 63 147 5 80 0 35 106 34 78 64 108 142 73 28 232 82 0 33 73 104 1 64 141 0 36 21 60 39 12 4 40 39 165 0 82 159 24 110 144 31 48 45 100 0 73 171 63 140 16 81 56 56 96 66 118 10 20 152 0 74 114 45 10 9 12 26 78 184 79 11 13 94 40 22 113 146 54 24 0 156 42 8 178 64 46 12 105 18 84 54 10 96 66 56 62 15 21 19 52 24 30 151 34 0 62 36 33 73 141 208 113 126 72 74 5 121 83 125 96 71 24 140 77 66 75 67 28 6 117 
44 20 36 78 0 43 42 45 66 34 9 3 51 57 81 16 3 49 85 51 31 0 90 92 72 13 25 13 36 54 6 0 9 0 66 36 18 33 30 77 22 69 52 10 81 10 36 49 18 0 49 76 0 92 38 46 40 14 64 58 67 32 10 63 52 81 25 20 0 6 35 51 24 81 0 0 55 0 0 61 18 83 0 23 18 9 36 35 35 53 26 52 0 0 158 71 67 74 0 58 72 15 21 24 10 50 12 33 35 0 8 72 16 35 79 45 0 27 47 45 24 18 16 45 15 106 53 20 0 48 0 9 54 2 35 80 67 102 59 0 18 80 45 3 72 6 23 12 0 8 49 150 60 123 31 42 58 107 0 0 18 83 80 125 63 34 118 0 142 0 18 21 45 52 46 64 72 6 0 84 3 56 25 88 125 0 93 7 45 5 43 45 92 39 30 0 24 63 73 26 0 88 10 64 29 43 0 80 7 0 60 81 8 111 76 16 9 0 0 133 8 73 50 63 81 56 25 3 18 2 0 143 35 201 9 3 21 84 65 0 14 0 0 0 0 0 75 6 56 0 0 55 45 79 12 72 
66 183 86 0 11 36 93 18 27 81 60 14 27 84 83 75 159 133 49 86 21 0 148 37 0 27 16 64 20 208 94 99 60 0 35 170 65 105 2 24 49 13 0 58 132 93 78 18 29 80 57 12 127 8 0 62 107 113 163 58 60 87 22 148 79 144 6 21 0 35 53 78 16 90 27 35 96 107 189 150 82 144 16 71 20 78 100 0 45 22 24 64 6 108 97 63 39 157 94 32 36 36 0 32 111 99 56 154 39 103 125 217 64 49 179 14 85 78 0 136 206 85 63 15 100 135 81 48 94 0 46 0 0 237 86 35 144 135 123 27 4 321 36 109 0 143 148 36 0 6 86 50 34 36 143 83 64 207 106 0 63 64 114 106 60 56 98 66 7 0 36 127 148 89 97 57 12 90 25 19 141 191 105 51 140 63 55 36 24 66 156 105 53 96 13 102 146 247 153 67 72 30 147 129 74 0 62 91 83 169 63 26 0 87 84 112 0 12 46 145 42 27 120 18 61 124 92 90 155 0 0 71 10 116 64 49 63 54 141 186 65 48 45 0 67 92 186 90 50 101 81 95 49 157 14 48 
26 122 20 0 63 40 81 24 138 51 60 12 18 90 213 0 36 52 32 45 72 168 97 73 79 0 174 135 112 180 49 32 111 60 61 84 86 72 186 64 62 61 28 97 98 6 201 40 88 135 42 145 0 35 198 64 0 114 24 96 100 132 0 152 50 64 72 63 36 0 14 74 103 0 109 95 0 116 2 114 79 87 74 0 78 110 0 42 54 16 40 17 0 101 65 0 40 64 65 249 60 37 18 26 52 67 64 0 20 70 56 120 54 12 80 35 77 104 6 72 30 0 0 51 62 78 33 59 0 87 42 69 87 97 0 128 24 37 18 84 83 14 108 4 78 57 122 52 87 83 115 153 18 188 99 18 46 7 0 30 100 63 148 149 168 24 138 83 72 4 54 32 121 58 40 64 90 119 33 7 78 64 7 56 111 28 146 37 75 23 46 0 27 93 32 64 75 48 56 80 18 48 30 0 63 20 79 107 44 121 49 125 109 63 118 111 20 111 28 62 108 149 133 48 75 42 56 4 103 4 0 48 0 79 176 45 212 116 84 54 63 32 0 69 0 10 75 50 92 0 90 88 0 28 66 107 
68 46 0 72 43 32 0 165 105 54 27 18 42 115 35 34 10 136 0 4 0 24 0 12 42 12 65 75 24 72 0 24 36 29 36 43 64 21 93 72 68 5 135 64 36 34 60 12 46 24 22 68 8 103 32 2 9 0 42 68 58 81 46 68 7 48 24 8 0 28 18 152 130 63 0 15 96 15 16 0 10 8 68 60 54 111 76 17 36 128 77 78 30 0 24 74 57 15 48 32 27 77 71 75 51 119 91 1 56 0 86 54 0 62 45 36 48 35 6 90 15 16 108 24 0 41 97 4 126 18 48 86 26 48 30 38 0 54 0 48 10 106 52 48 28 106 24 41 83 77 0 8 30 60 21 24 0 28 15 69 54 64 0 32 24 0 0 44 15 56 18 114 64 42 66 20 84 47 21 5 24 55 10 0 122 0 0 8 45 60 90 64 4 77 87 76 0 21 15 0 12 48 43 40 66 48 54 12 48 111 18 43 45 55 198 93 32 10 24 18 51 0 27 39 8 13 0 31 35 4 90 35 23 48 95 80 63 83 90 36 64 9 88 45 0 25 8 141 56 32 48 0 57 117 12 196 
48 145 0 0 0 0 18 115 7 78 2 40 22 11 68 48 70 93 63 72 78 42 111 19 57 33 14 20 63 168 128 68 8 0 0 0 108 1 58 137 72 15 56 0 52 6 54 57 8 54 110 47 2 119 32 30 0 16 14 43 108 114 15 90 90 142 40 21 24 0 16 63 33 48 20 0 12 51 0 99 0 118 86 64 0 127 0 15 165 93 30 45 46 83 102 15 90 8 37 12 96 116 0 58 68 24 93 61 0 16 43 32 16 9 88 58 34 99 16 10 134 88 42 9 60 60 128 15 32 22 0 41 37 111 61 176 71 0 20 15 42 63 30 44 36 84 18 8 74 52 81 69 0 46 0 24 0 69 23 0 42 56 16 81 32 64 0 12 40 8 0 129 0 90 68 30 6 65 0 46 28 0 52 8 56 43 54 3 9 57 60 37 21 163 22 48 47 51 37 147 0 31 92 38 148 76 104 122 45 0 21 35 21 42 72 10 27 2 27 119 8 179 30 151 48 43 40 10 50 71 27 45 12 141 94 76 103 39 31 0 32 18 0 30 86 77 48 15 20 20 65 26 24 0 27 31 
0 21 35 98 39 0 0 32 26 84 17 0 0 46 9 72 0 125 12 0 0 0 25 0 33 88 54 97 0 24 96 0 65 6 58 0 88 91 17 42 6 55 70 8 48 8 18 4 24 14 0 44 8 80 108 16 21 56 6 85 0 48 132 28 51 166 73 20 21 0 58 86 101 0 40 36 21 81 50 0 0 16 45 8 0 24 6 0 56 64 103 56 15 0 54 60 110 0 25 0 84 59 9 18 45 63 63 0 86 0 58 7 50 16 0 105 24 72 141 111 24 104 56 85 45 32 22 28 48 12 8 14 57 16 62 36 4 32 33 19 0 16 0 15 50 8 31 12 36 6 8 16 14 45 0 21 0 88 47 10 9 37 6 20 69 0 4 63 98 50 0 28 49 137 103 0 12 47 74 80 30 10 0 0 106 33 12 119 5 4 30 3 0 0 75 12 12 5 25 44 27 41 105 25 35 0 60 0 24 0 119 4 0 54 32 28 12 15 104 100 90 18 0 68 54 36 0 4 74 54 0 45 14 64 30 23 12 51 9 24 71 13 56 58 20 54 0 54 89 38 54 20 8 7 48 36 
175 40 0 25 173 13 0 35 15 139 20 18 54 81 70 114 0 19 128 16 28 130 96 34 4 55 67 64 22 67 65 52 12 75 86 54 68 70 19 74 89 76 143 16 46 63 31 12 15 32 16 123 25 63 49 77 45 30 72 200 10 51 134 42 107 167 42 3 16 32 16 90 136 0 100 5 0 143 45 0 65 63 142 58 61 150 0 18 47 111 134 15 0 49 139 95 158 37 58 0 64 79 0 0 25 6 33 16 48 30 36 7 68 27 157 157 207 63 171 120 27 40 37 108 94 9 61 98 47 7 34 7 5 43 28 83 138 13 66 37 10 0 107 0 107 92 55 27 45 38 44 117 56 74 18 62 4 150 42 10 0 69 76 91 43 59 39 118 154 103 49 9 46 93 21 12 34 78 5 80 8 38 9 10 77 49 98 94 12 97 23 9 53 22 51 109 16 35 208 74 35 0 151 0 26 32 131 5 41 63 0 89 48 83 113 49 5 30 34 141 67 2 53 54 65 52 62 32 165 75 24 113 8 15 19 0 29 27 16 12 17 3 74 0 180 56 104 59 155 67 35 1 58 0 64 37 
18 43 168 74 26 25 38 91 68 5 18 0 70 91 31 9 68 9 83 0 69 138 62 199 59 61 49 36 92 37 60 6 57 18 67 5 66 35 76 54 22 48 69 6 0 2 78 24 75 52 70 165 0 47 66 30 0 70 0 102 16 137 60 14 33 162 32 15 0 0 149 32 109 16 146 0 5 28 3 56 32 31 20 101 119 52 12 54 30 50 105 43 16 87 53 33 71 11 88 72 54 85 54 23 73 74 42 48 3 15 32 143 20 0 80 31 28 12 22 8 59 24 94 80 7 47 32 25 132 26 0 38 89 36 34 0 0 71 12 31 24 66 84 1 34 139 60 0 27 47 40 27 13 34 27 32 15 83 97 9 81 52 21 72 195 72 92 71 43 0 3 35 30 56 138 10 42 60 146 1 36 83 69 54 30 5 16 67 33 52 66 0 99 56 9 0 37 46 34 44 2 7 51 36 16 82 44 49 45 200 84 27 73 80 61 95 81 40 0 40 50 65 44 103 45 0 18 18 48 121 31 70 15 70 26 22 30 108 18 10 76 21 0 10 36 59 76 39 43 36 75 64 28 36 125 4 
16 124 0 0 18 2 4 50 33 36 53 29 15 124 105 45 102 70 20 0 38 83 67 112 38 64 73 43 16 80 97 14 20 61 49 39 6 52 37 12 50 6 58 35 0 0 38 41 0 72 18 61 17 43 92 48 0 105 8 4 12 82 0 33 2 80 28 20 0 35 16 55 82 46 22 18 35 4 94 67 47 55 30 31 42 27 62 0 33 18 35 0 16 51 4 18 24 42 57 4 45 43 12 82 61 4 49 78 57 36 55 97 15 36 133 13 76 92 0 93 71 12 10 31 57 76 32 26 52 34 52 18 46 55 27 80 45 63 20 55 54 67 60 16 18 43 90 0 42 4 5 4 0 113 71 12 18 2 0 57 16 132 37 54 38 0 12 0 69 79 18 93 44 18 63 61 55 59 0 18 68 12 6 82 22 36 53 2 55 39 82 52 72 79 15 23 35 63 41 75 15 15 130 17 0 60 92 83 24 32 24 60 83 0 62 53 29 53 0 29 22 24 8 5 12 49 16 37 62 55 14 94 54 37 68 20 93 107 26 53 55 48 27 86 12 39 2 42 26 48 42 31 96 32 6 99 
28 68 22 69 27 0 27 51 12 64 72 0 26 57 90 4 10 41 35 0 154 18 45 67 9 24 0 65 0 10 55 77 45 24 18 81 21 0 34 81 95 25 54 27 92 44 4 67 45 0 10 14 36 10 104 45 27 119 79 47 99 0 122 20 40 55 4 83 0 47 90 147 50 32 0 24 36 30 91 32 109 27 45 67 45 83 19 100 52 106 20 0 40 9 120 43 101 36 0 16 28 10 72 29 9 8 127 0 94 0 16 18 55 94 0 50 18 69 116 0 110 30 20 34 0 103 36 61 0 0 0 0 32 123 15 0 47 101 40 18 0 6 0 35 81 30 30 0 99 27 25 92 102 224 55 54 18 0 81 10 0 62 53 44 30 143 0 0 0 27 20 70 0 9 34 15 36 28 8 39 0 162 8 41 51 74 67 60 13 0 127 14 19 16 25 11 0 67 5 0 15 82 50 39 35 27 108 28 9 16 128 18 35 124 40 29 0 42 61 25 18 0 0 72 47 41 40 0 67 29 6 25 45 115 36 93 14 169 50 2 25 36 0 80 13 26 14 29 10 15 17 5 44 78 0 48 
94 36 0 73 44 113 77 134 40 10 17 5 15 114 0 81 16 99 53 6 112 45 36 22 31 10 25 9 24 60 54 89 12 96 26 42 0 0 128 32 0 0 41 24 52 29 12 28 76 93 69 9 32 22 168 152 60 84 12 12 29 18 45 64 27 72 20 69 63 54 60 57 60 54 128 0 38 45 2 107 118 30 29 117 152 63 47 53 13 16 32 20 14 74 15 16 25 35 24 83 8 9 102 16 12 69 63 20 38 6 72 51 54 44 2 84 117 72 63 9 15 12 42 41 4 42 28 0 9 27 20 39 32 48 56 50 72 52 26 28 39 103 9 121 80 0 4 6 101 3 71 92 20 136 28 20 73 45 3 0 45 41 0 12 8 4 0 0 0 0 96 108 0 0 19 54 64 0 9 25 15 124 119 12 60 109 42 0 20 20 156 29 6 26 53 75 44 129 75 79 58 24 35 40 27 107 45 3 61 97 0 45 4 81 109 36 72 72 0 135 31 82 20 118 46 18 27 78 27 62 27 28 63 93 81 20 0 129 75 109 15 17 54 45 33 101 0 107 18 85 16 6 91 146 12 148 
42 33 69 71 64 157 21 191 0 21 77 25 44 42 119 0 9 0 64 65 21 29 60 34 26 78 114 111 54 45 49 32 8 43 20 27 46 22 64 59 90 48 40 0 56 8 28 97 82 109 39 10 0 48 51 0 43 15 0 8 42 112 74 40 111 124 8 76 58 30 0 65 66 84 56 3 70 55 5 147 59 163 38 66 69 78 36 0 12 151 62 9 45 57 22 20 38 53 9 19 72 26 30 7 86 16 1 0 9 18 108 40 55 8 37 140 69 21 28 37 49 17 107 27 23 32 119 40 67 0 24 33 29 85 0 28 84 45 85 6 56 67 30 141 158 154 12 0 49 35 45 0 6 12 68 14 0 60 32 44 28 108 54 18 81 47 118 89 49 20 53 92 117 12 27 0 137 8 47 111 33 81 74 7 53 18 184 68 16 48 89 90 0 66 58 67 18 62 101 35 120 0 31 104 52 109 98 6 89 63 0 162 60 37 114 55 54 44 31 108 104 12 97 59 73 42 32 24 80 89 72 60 36 50 74 40 23 0 22 83 76 0 22 14 113 93 116 39 42 48 25 2 55 63 30 78 
66 40 24 56 25 157 36 84 41 76 45 6 53 44 107 51 0 153 10 36 56 36 39 88 9 45 102 36 72 0 63 30 20 81 25 25 75 25 81 61 28 30 157 127 49 0 56 0 60 0 28 69 0 75 0 13 0 0 36 213 80 9 45 30 22 75 0 138 0 30 39 84 135 0 35 44 79 1 23 0 70 52 126 0 78 30 34 75 18 40 51 75 0 79 73 69 90 0 0 20 0 18 6 14 164 73 35 35 72 18 35 32 48 27 165 36 72 9 43 109 52 41 27 36 0 54 40 41 115 31 36 19 46 97 18 62 1 117 36 5 75 28 20 0 33 41 56 28 52 94 125 36 0 106 6 0 129 57 77 84 0 23 135 0 74 187 52 80 70 27 107 133 10 9 35 12 21 7 22 63 0 27 198 0 57 7 0 96 78 60 39 65 79 37 50 14 25 21 135 62 54 40 25 100 117 131 21 12 4 0 75 63 19 139 24 45 0 36 12 64 39 84 55 206 32 56 0 86 35 131 81 84 111 104 48 0 0 36 20 10 108 87 0 32 8 61 45 10 91 84 79 8 79 21 90 63 
3 12 0 50 0 80 113 120 10 128 38 0 117 46 40 57 21 78 66 32 67 30 110 167 10 21 66 88 19 34 12 35 51 70 72 15 125 112 69 18 79 15 50 54 100 5 117 96 5 52 26 21 64 131 93 74 30 32 0 45 81 28 180 0 215 84 36 33 43 132 63 117 104 96 89 8 83 62 27 106 0 36 21 40 50 9 67 25 72 47 40 59 68 0 44 64 121 60 105 108 59 60 30 53 71 56 0 0 153 12 126 38 50 63 32 42 119 12 38 11 76 0 122 83 50 54 78 92 72 49 12 133 3 77 76 0 109 67 72 21 37 50 40 61 12 88 51 7 45 89 120 6 93 126 84 3 94 110 16 0 99 28 135 103 4 77 77 87 46 30 30 42 101 24 171 43 24 42 88 73 25 103 217 71 158 45 102 53 18 25 34 105 67 41 87 17 68 97 269 74 56 140 22 107 30 139 152 76 24 83 71 81 9 119 31 42 47 84 18 29 61 79 21 108 36 111 0 87 81 175 4 5 111 67 87 177 26 90 43 32 84 46 0 27 72 46 20 73 81 24 148 48 41 0 143 133 
50 68 18 149 106 63 129 63 70 24 171 123 30 98 190 0 102 183 61 0 68 131 161 77 25 64 109 40 197 134 64 183 108 9 0 80 173 60 10 30 28 200 60 0 60 81 96 66 30 49 126 164 28 74 116 91 40 106 43 21 35 163 132 72 18 28 0 165 40 72 124 158 68 59 105 27 51 43 1 80 294 128 171 78 75 35 82 240 97 54 48 24 14 56 108 74 123 92 107 47 81 54 73 152 116 16 138 117 35 32 239 52 0 74 46 37 16 145 91 0 54 0 53 0 64 40 96 132 71 0 40 0 116 129 39 64 81 26 44 6 66 30 101 0 31 18 25 0 78 107 0 148 29 147 165 36 12 144 39 81 55 56 80 60 126 50 70 30 36 22 5 39 71 48 199 20 9 83 87 12 64 153 18 0 86 58 118 129 161 0 172 2 84 44 61 103 140 84 176 133 32 63 38 16 66 40 51 0 47 132 64 26 119 158 123 30 103 126 48 8 56 58 124 134 31 118 8 18 105 42 2 20 0 54 168 86 181 67 127 64 197 9 45 191 116 36 119 117 48 18 109 16 166 105 56 170 
81 8 125 6 24 18 114 0 75 90 19 40 89 208 147 30 72 68 133 0 62 197 128 174 85 82 56 135 47 66 73 55 89 64 0 69 56 67 8 49 31 126 52 18 41 11 10 43 65 89 55 95 0 22 0 109 40 12 0 128 0 43 123 32 32 78 8 90 46 40 24 75 42 25 88 0 9 157 73 12 145 0 59 20 9 16 44 92 15 6 113 8 1 0 8 14 74 112 27 60 164 9 45 4 5 43 137 1 78 2 53 54 108 36 88 59 28 96 85 55 0 0 0 118 16 48 88 98 170 40 68 102 52 50 59 54 125 78 56 30 52 54 111 78 48 99 35 0 0 24 36 37 35 46 0 63 111 42 1 12 13 40 49 64 84 109 14 99 52 109 0 75 72 36 56 0 24 193 90 123 9 163 43 55 8 104 56 70 8 105 71 1 72 53 23 127 81 26 113 69 0 65 72 52 70 10 170 161 1 148 62 111 74 37 18 96 86 88 135 27 78 20 48 8 56 10 0 72 102 54 0 64 0 19 47 50 9 99 99 4 94 0 64 48 119 93 46 22 72 92 89 126 25 0 106 73 
42 127 43 61 3 87 105 74 66 9 43 0 67 68 101 81 21 57 0 38 103 66 230 135 161 153 106 48 88 182 203 100 0 51 32 45 0 6 23 164 42 73 37 8 25 112 15 57 0 165 172 0 64 72 0 9 40 18 22 78 56 45 214 58 70 80 42 102 107 96 87 66 53 45 24 14 83 48 48 64 81 43 63 134 68 3 103 64 15 105 11 32 158 73 40 21 147 37 32 83 69 40 44 80 0 101 12 9 9 97 200 87 72 0 82 52 85 100 54 27 99 72 67 52 103 40 107 45 204 6 40 77 171 88 100 80 0 33 94 88 101 105 108 120 40 44 44 40 71 30 0 10 15 89 111 91 0 28 50 0 119 96 0 72 73 70 77 118 72 44 44 129 87 161 95 22 52 12 54 16 71 85 53 3 39 93 72 201 81 18 289 172 64 3 75 72 46 103 161 24 129 108 79 97 49 226 171 66 67 59 33 87 109 12 145 36 0 54 13 72 137 38 48 70 124 88 0 37 0 156 62 50 21 131 60 0 81 93 107 42 45 13 56 40 69 87 0 40 118 36 75 92 60 76 14 37 
27 24 72 32 16 5 128 118 11 59 134 0 48 57 108 0 63 38 35 36 72 79 42 7 0 123 56 64 1 48 106 87 3 84 10 94 45 250 60 57 84 69 5 68 26 0 90 174 112 0 8 95 5 42 34 18 134 77 0 150 0 27 171 18 24 9 145 36 89 8 21 12 261 60 10 69 7 2 91 42 57 172 8 60 0 160 133 18 122 79 41 153 23 0 118 80 102 30 85 9 84 82 132 13 52 44 166 31 34 48 60 83 154 130 45 136 32 66 136 51 121 91 8 76 89 45 65 29 28 5 6 31 97 30 14 49 68 105 142 109 40 96 86 0 120 48 46 28 36 71 24 69 39 193 6 0 119 42 10 20 137 82 87 85 99 79 49 124 86 52 81 63 29 64 72 95 117 45 78 40 83 187 49 25 113 94 30 139 35 62 60 133 54 112 68 71 36 180 9 36 12 32 138 71 0 5 49 52 4 57 40 79 104 89 67 22 9 24 11 148 196 91 58 6 112 70 0 87 54 152 16 127 8 45 40 82 170 83 170 36 6 0 7 102 53 197 72 48 118 24 62 75 67 95 36 46 
39 52 62 127 9 0 73 0 19 0 0 0 16 0 50 0 33 45 94 10 141 22 40 50 15 10 43 36 26 36 48 49 41 53 20 0 89 0 113 30 54 52 0 0 35 18 44 36 8 14 58 15 64 9 59 30 0 14 6 18 29 21 135 0 66 76 24 63 16 45 15 24 38 63 50 15 40 7 24 12 103 104 11 29 10 3 0 16 106 25 40 63 41 48 78 0 38 5 31 78 44 64 60 14 82 24 45 63 40 21 72 18 40 0 64 0 38 0 0 24 21 8 81 8 15 14 30 10 21 0 0 29 25 16 24 10 25 1 33 14 0 0 38 0 14 4 56 4 137 12 48 61 0 93 30 61 40 42 95 0 38 41 33 70 21 108 34 51 45 0 0 45 46 42 216 30 15 63 45 0 77 40 18 60 52 0 26 47 38 21 56 8 54 49 10 24 40 100 113 10 57 20 50 43 48 95 12 48 27 16 53 8 25 21 62 55 25 14 52 22 83 87 27 73 0 48 12 20 0 43 63 24 43 74 43 24 15 71 0 21 12 45 56 65 33 39 100 15 0 0 67 17 24 83 40 28 
44 36 0 121 40 20 42 134 31 63 230 0 88 89 3 7 42 83 74 6 49 106 163 61 74 51 109 47 35 42 70 49 0 26 30 45 0 52 10 55 6 10 31 69 96 62 24 72 153 56 56 76 40 38 47 80 59 20 0 114 77 44 94 51 38 42 0 30 30 69 21 57 73 27 48 0 64 89 18 18 14 24 28 45 0 66 55 86 93 77 69 30 168 54 78 57 54 13 93 8 4 2 54 62 60 71 49 56 16 36 79 117 44 70 7 18 84 0 30 36 38 0 5 62 31 54 89 15 82 54 40 3 75 28 76 118 48 92 41 45 105 74 162 43 95 0 169 52 15 69 70 68 53 36 68 44 24 56 57 20 162 17 35 52 88 36 14 66 97 21 128 12 38 38 61 8 37 4 53 40 24 105 89 29 93 71 0 19 0 46 134 68 117 52 135 16 0 36 64 0 12 62 33 100 20 115 15 6 0 169 31 49 78 44 120 31 35 43 36 95 61 73 78 46 110 67 0 37 181 153 98 59 8 41 78 0 93 64 91 0 54 0 8 66 10 0 35 0 160 6 74 65 24 36 85 45 
1 119 8 32 63 166 40 2 32 119 111 0 30 109 58 9 12 21 36 81 37 99 79 126 32 27 99 48 71 191 44 43 10 54 0 0 73 74 47 42 152 46 67 0 45 58 180 136 40 158 125 48 24 0 67 10 9 97 60 152 45 93 82 0 54 116 24 24 46 24 30 18 72 6 24 19 27 12 45 68 15 18 38 36 8 55 74 61 31 2 80 24 7 51 109 53 44 79 239 63 24 25 10 35 99 2 6 28 72 32 35 0 27 24 36 0 37 20 18 128 28 9 68 5 63 139 45 49 56 54 65 50 116 172 85 57 42 67 27 211 82 2 46 0 0 14 104 0 40 90 1 9 62 136 42 0 0 75 76 0 49 141 16 24 76 54 107 7 112 16 76 90 61 93 27 168 28 62 9 54 109 136 3 31 139 18 12 69 33 71 103 7 69 63 100 45 81 24 97 110 43 161 77 18 0 98 22 12 10 40 48 24 66 0 67 51 16 44 142 0 28 2 31 37 18 109 35 0 158 9 106 54 33 98 100 48 180 27 247 91 117 104 33 82 10 1 0 104 80 3 177 93 16 0 82 36 
161 132 28 0 0 44 129 75 56 109 49 9 55 33 132 106 52 85 43 74 129 74 94 55 3 88 26 115 44 132 29 3 127 140 18 91 75 137 51 71 152 45 23 24 0 85 75 150 51 18 8 34 39 30 107 41 62 8 0 145 28 106 29 270 95 8 30 8 73 37 74 7 112 108 47 0 42 190 72 184 72 71 60 57 53 108 0 55 0 57 140 54 36 63 47 12 42 28 151 159 39 75 40 16 67 20 142 74 58 40 5 114 49 115 15 82 67 85 107 229 151 0 92 126 0 56 128 128 87 0 32 21 16 84 131 34 46 52 10 89 68 180 51 32 24 60 61 42 14 47 54 118 75 76 43 75 57 61 161 0 92 151 28 29 43 69 98 4 41 0 76 99 21 20 110 55 36 4 41 0 70 165 32 34 159 99 96 38 29 74 0 17 130 78 23 77 181 33 199 41 138 4 56 58 52 101 32 162 15 185 23 75 114 93 161 50 78 3 70 50 165 52 0 37 59 61 122 105 114 7 54 19 23 12 142 115 36 34 92 40 40 6 147 17 55 64 35 209 61 64 119 55 39 55 10 72 
36 170 0 45 14 85 74 76 48 24 0 10 37 89 172 12 15 0 170 0 57 39 33 136 0 36 68 25 74 88 0 18 54 99 63 0 106 27 3 64 36 0 72 16 0 96 168 12 88 63 51 32 0 34 0 101 45 0 27 103 76 0 18 61 87 33 72 10 0 45 104 118 105 0 0 112 81 96 74 152 66 188 0 96 15 57 82 8 15 29 125 21 107 72 77 58 162 126 21 114 40 0 76 142 82 0 0 83 56 56 27 79 51 0 36 80 66 103 127 4 167 33 5 84 126 47 73 16 27 15 60 51 55 170 97 188 81 0 0 69 40 24 108 86 0 64 40 20 48 97 27 21 0 62 66 0 0 0 47 137 86 148 9 91 182 64 71 6 109 30 0 19 0 3 52 0 0 36 35 27 165 63 56 96 10 264 88 188 8 111 184 91 0 36 15 91 92 14 49 63 24 56 68 67 24 63 194 115 133 63 0 192 45 97 168 35 9 135 0 45 39 58 32 121 93 0 112 90 33 20 18 147 0 109 119 37 113 69 130 41 98 111 0 82 88 117 24 40 55 34 0 78 88 0 0 68 
0 116 48 3 39 101 30 120 65 111 3 2 45 117 55 15 54 12 6 36 40 64 49 130 45 0 30 70 30 0 93 3 8 50 25 49 70 80 54 0 0 16 80 31 0 22 32 98 0 0 4 104 2 19 11 0 56 0 26 132 14 27 100 0 0 86 112 18 10 0 44 88 159 5 0 12 14 27 95 38 42 64 99 59 0 18 4 40 97 33 93 102 58 70 76 53 25 2 15 72 72 59 96 0 18 75 0 7 39 69 53 135 96 64 63 133 59 6 73 148 35 88 101 43 25 7 68 47 227 86 28 7 89 70 35 28 6 18 12 54 23 23 84 72 85 66 20 51 50 75 34 106 38 83 62 21 0 39 143 45 144 41 42 0 179 113 82 53 21 18 47 10 34 0 100 73 3 116 23 25 81 71 63 71 79 3 88 27 86 80 85 96 72 55 14 20 42 0 101 42 17 49 81 35 29 42 33 141 59 136 39 53 60 108 36 25 78 52 27 207 41 15 33 13 105 32 0 80 57 0 0 72 16 0 34 60 14 23 49 46 56 20 20 0 19 56 98 57 16 3 207 43 52 57 45 13 
59 50 27 32 36 32 28 139 85 51 187 0 45 48 101 94 36 0 56 117 54 78 32 36 81 0 133 57 18 68 80 59 42 9 35 69 21 90 91 0 40 81 31 31 57 135 0 28 159 72 94 59 22 94 10 0 10 0 146 102 60 71 183 0 48 54 43 27 36 18 31 18 42 31 51 35 12 23 114 96 27 119 33 51 76 183 47 48 60 72 104 20 6 72 185 71 29 0 57 65 39 29 3 15 122 58 138 21 2 0 45 123 76 48 101 64 112 20 57 66 37 0 68 82 8 142 98 5 122 147 74 9 73 30 24 149 7 127 71 57 87 154 34 20 113 112 15 28 56 90 95 56 29 54 34 25 30 56 16 102 81 150 195 66 73 64 137 172 171 16 106 0 16 66 78 80 184 40 90 8 111 74 55 112 128 40 6 9 0 15 0 14 14 3 76 26 107 24 123 8 48 4 31 30 42 36 34 42 14 97 63 36 84 27 70 117 42 126 0 27 86 25 91 36 21 59 12 105 95 59 48 53 3 44 8 18 134 66 72 47 10 0 35 81 0 103 131 106 210 0 72 5 47 48 5 4 
22 41 48 0 0 80 42 110 17 0 91 60 21 57 176 45 23 31 95 40 6 48 58 51 74 10 15 50 4 140 16 80 70 4 82 112 56 10 8 12 146 54 0 52 63 8 37 61 37 12 91 6 0 30 8 35 59 73 36 63 67 25 24 46 9 53 104 79 7 56 31 106 78 81 68 72 0 3 51 24 35 143 18 15 27 80 55 47 19 64 0 0 0 63 68 6 143 74 8 27 98 32 10 59 56 70 83 0 89 0 8 32 75 12 10 39 18 121 161 81 14 40 48 30 69 45 39 95 54 15 50 60 78 134 49 120 93 0 10 20 49 32 36 36 68 22 36 5 58 16 0 87 63 43 16 12 12 64 49 64 48 58 66 40 198 0 10 0 16 8 28 99 78 0 66 9 56 6 54 40 9 95 86 47 36 9 177 105 96 0 98 76 10 9 15 47 111 148 111 10 6 64 0 87 103 24 82 0 39 34 16 95 48 70 112 62 39 54 60 46 5 88 12 72 114 31 40 48 7 81 35 0 16 55 54 4 46 58 117 18 102 3 14 42 0 54 146 57 18 48 12 32 12 90 22 136 
132 40 153 36 225 62 64 40 48 182 83 70 42 177 76 69 7 149 114 115 0 72 62 74 0 18 8 32 80 141 0 0 55 214 14 73 71 25 62 192 90 146 126 45 138 78 41 102 91 66 61 95 33 98 115 79 96 217 16 143 136 89 120 0 206 156 47 23 110 105 71 147 130 87 29 8 116 36 10 136 81 63 153 110 51 66 107 90 0 156 55 150 8 59 75 59 62 236 144 9 35 16 41 24 91 83 224 162 79 28 99 24 46 92 221 99 122 90 222 60 70 56 54 125 46 45 109 81 117 0 35 106 90 5 81 100 72 203 86 70 33 0 113 104 118 131 48 0 70 69 48 157 7 145 102 36 162 125 126 73 72 109 73 173 9 240 174 133 123 61 110 203 73 81 118 24 0 63 4 0 15 72 64 61 54 5 46 36 55 90 35 40 109 10 49 5 48 59 135 98 48 0 72 86 104 33 28 54 24 29 55 107 153 21 174 167 9 56 66 27 123 123 96 186 65 7 0 133 162 62 72 55 70 148 112 51 15 18 32 62 108 106 152 21 82 48 152 0 70 32 117 58 32 74 140 203 
0 24 0 0 47 16 4 0 0 54 175 12 25 0 21 31 5 47 9 18 0 9 0 8 7 35 10 5 7 7 0 0 14 77 0 31 8 54 0 69 64 12 42 0 25 54 63 0 40 0 63 0 4 42 40 46 40 0 2 0 51 2 20 0 50 61 0 0 24 65 0 51 85 30 25 50 42 37 54 98 0 0 75 0 2 0 3 12 10 56 0 12 56 7 42 60 5 0 35 20 35 0 5 10 50 5 0 56 8 79 0 12 72 14 42 0 3 0 16 36 0 35 34 0 49 15 49 14 45 25 45 10 0 90 0 74 68 20 43 0 6 0 98 0 3 78 63 0 18 49 49 56 0 40 71 5 8 25 13 6 0 0 79 5 58 40 0 62 31 21 94 9 84 0 0 35 0 70 0 0 45 188 64 35 29 14 0 10 0 0 0 49 63 62 0 42 25 21 72 2 36 54 71 5 0 9 40 0 0 62 0 21 0 20 22 54 0 42 63 9 0 0 38 15 7 0 42 57 93 14 0 49 17 0 0 27 5 70 32 7 40 8 43 25 50 15 88 2 56 0 16 40 15 0 57 19 
18 44 8 48 0 59 88 66 109 38 8 49 47 18 36 134 12 166 52 25 43 107 110 24 44 98 12 17 127 114 193 61 40 86 63 44 24 75 36 16 0 20 24 45 94 157 57 0 2 168 190 28 0 71 175 108 16 131 0 37 0 8 54 89 27 75 40 40 28 72 75 57 79 15 141 35 18 69 106 140 60 32 16 2 61 61 93 72 36 25 25 35 9 207 34 30 44 8 72 56 0 28 48 0 34 47 119 23 94 24 100 187 49 32 81 96 67 143 68 72 9 30 14 17 50 18 0 28 133 97 15 6 95 40 103 71 59 99 18 18 46 142 72 157 48 7 40 0 48 78 37 12 0 44 71 30 96 116 16 72 129 120 24 71 18 48 7 0 152 117 81 0 49 17 94 56 30 79 0 8 54 146 62 74 0 70 84 95 1 45 197 6 34 0 8 99 43 164 52 34 45 89 64 32 14 78 99 26 43 86 18 82 80 30 3 101 20 123 60 127 60 16 60 64 100 54 0 53 32 36 12 119 0 33 74 13 89 242 81 126 46 0 25 161 43 12 11 57 109 79 47 0 52 70 52 66 
73 56 18 0 63 169 107 21 21 69 65 0 0 90 90 24 33 27 140 9 133 49 72 205 183 82 54 106 64 42 108 5 101 108 18 106 0 118 113 110 64 63 41 34 39 8 15 90 20 49 37 77 48 16 130 20 30 30 0 97 148 56 28 18 46 294 18 20 0 0 59 278 48 25 69 18 113 177 4 56 100 24 46 0 103 34 10 93 20 128 99 86 0 63 56 0 89 46 41 25 68 126 49 0 0 0 162 161 32 4 34 56 25 62 56 152 167 6 36 81 116 0 81 138 54 18 40 31 107 59 0 49 83 37 4 24 91 33 76 79 30 67 21 72 44 42 35 0 2 53 63 38 9 3 81 82 0 32 88 0 34 34 107 56 24 72 118 0 30 21 110 0 81 117 80 89 112 3 60 0 5 21 42 70 75 99 119 89 14 117 176 9 97 104 28 103 60 0 20 49 49 6 186 67 20 117 64 57 45 31 83 49 120 124 184 51 32 72 16 107 33 101 56 234 0 15 0 18 24 42 35 28 27 11 91 75 48 7 28 18 33 110 16 51 92 18 5 113 48 68 137 87 107 2 10 108 
0 54 0 48 27 67 38 92 26 36 6 7 144 55 72 208 44 54 95 0 56 63 240 82 83 28 12 0 78 143 44 48 27 144 5 7 64 77 86 42 28 0 36 18 87 74 48 13 7 32 114 0 0 162 42 175 35 0 0 82 114 7 69 36 36 157 38 10 24 18 45 47 78 45 106 25 4 10 154 40 60 23 46 48 0 56 0 94 146 60 106 28 0 0 82 78 66 103 58 182 12 32 27 113 36 89 0 41 21 81 78 111 170 40 103 78 82 136 0 41 83 36 0 126 96 32 0 89 70 59 34 68 119 104 18 263 29 0 44 14 6 90 63 121 46 110 80 0 118 27 66 9 35 69 115 12 24 99 48 0 54 107 63 35 0 42 21 0 169 24 61 73 32 78 78 0 18 33 78 102 63 25 140 12 39 146 27 89 54 0 106 109 67 9 60 12 125 18 126 39 0 15 71 137 30 30 118 138 0 98 78 16 16 148 59 66 0 122 0 106 19 72 48 60 129 54 14 152 135 120 0 42 0 180 69 46 50 76 12 66 0 68 56 12 67 72 0 81 119 3 0 36 24 0 54 64 
18 116 24 0 51 126 46 72 98 63 173 0 20 69 28 55 118 222 10 40 38 40 105 50 16 52 121 80 42 58 40 105 9 0 4 56 14 125 8 165 91 7 34 23 57 42 82 24 129 16 0 101 112 282 104 56 38 80 44 2 57 71 59 130 43 138 2 98 14 108 36 169 139 90 21 40 0 52 103 0 94 55 118 41 45 157 60 0 72 94 117 118 130 57 40 103 62 105 62 0 0 39 18 57 81 36 126 158 65 98 62 31 107 86 0 33 76 78 2 87 23 52 94 64 48 90 124 45 35 30 28 93 29 113 65 0 37 72 38 24 83 228 81 68 20 74 191 14 86 133 0 48 18 110 42 20 24 40 94 0 52 114 50 115 24 24 65 94 0 42 22 181 75 18 89 57 16 16 56 7 0 74 16 40 119 24 29 20 88 72 36 107 178 126 147 75 76 55 0 67 14 65 107 14 66 154 65 30 58 142 70 97 75 8 158 20 91 26 144 74 24 75 43 56 17 23 16 100 60 16 64 152 46 49 84 157 67 82 43 82 61 20 64 56 21 46 72 98 110 96 80 125 46 26 73 126 
27 9 61 74 185 57 24 28 15 11 99 81 38 127 86 0 4 71 101 57 0 22 33 104 30 58 96 39 36 24 87 0 63 0 142 81 148 60 11 0 71 65 113 36 27 6 10 57 42 0 15 181 31 112 3 12 36 105 0 84 28 105 14 82 68 90 82 83 21 13 139 83 127 77 133 45 9 69 20 27 128 202 54 60 30 55 72 123 36 76 32 6 0 53 171 156 54 81 55 0 0 94 22 12 64 98 18 71 5 12 92 45 105 0 65 33 74 63 85 133 44 15 150 25 15 146 89 97 44 30 64 72 101 104 48 78 60 41 81 18 128 100 29 42 100 78 42 41 9 101 28 138 84 84 10 75 28 76 34 49 0 68 232 77 96 48 4 81 36 82 20 72 27 63 99 0 76 107 40 97 0 34 20 0 122 0 139 77 71 6 68 28 41 15 81 22 130 219 97 79 18 39 34 25 63 139 39 87 14 44 69 65 123 159 29 170 15 32 61 0 88 6 63 172 16 45 86 113 120 66 56 24 20 80 11 0 12 6 10 67 95 0 69 0 71 33 139 86 83 44 93 15 87 60 90 115 
13 146 22 0 64 115 19 72 11 65 15 16 137 118 52 42 41 2 9 76 21 8 121 40 16 9 55 5 4 18 38 0 34 0 72 56 23 42 90 16 80 57 2 16 0 33 15 8 0 96 9 7 93 34 0 40 0 69 73 112 8 40 94 20 85 21 54 38 0 4 20 149 133 69 0 0 0 0 63 83 131 29 25 8 0 7 57 86 29 53 45 22 48 36 69 73 55 62 54 90 60 33 95 83 65 33 14 40 0 79 4 40 9 0 15 27 113 111 20 40 8 0 74 3 20 61 6 51 112 98 6 84 0 40 12 12 35 53 20 38 11 51 22 7 8 43 74 24 45 54 0 21 0 33 30 16 21 38 8 32 20 64 63 104 53 15 55 81 62 8 27 45 4 55 90 120 16 57 2 8 102 7 0 48 2 8 0 53 32 0 6 130 12 37 36 4 30 44 0 0 36 56 102 14 8 24 84 47 40 120 71 105 9 2 9 0 9 16 0 32 31 54 0 83 56 15 2 6 44 0 0 0 1 24 75 129 8 46 0 0 39 145 9 5 0 25 16 1 68 35 17 44 4 0 88 45 
108 81 53 101 93 318 41 78 20 77 258 67 73 149 79 16 9 172 88 117 92 37 109 4 0 0 104 93 58 172 10 8 12 4 27 58 47 85 103 72 8 63 77 27 18 17 34 75 66 45 17 71 107 64 159 40 127 127 87 42 85 5 187 20 78 60 51 17 14 68 45 199 84 48 157 29 28 115 108 96 217 77 106 145 40 48 23 166 37 71 167 83 101 24 72 43 44 154 144 64 123 15 0 114 129 85 53 120 84 2 84 100 108 18 18 90 23 185 0 84 32 61 66 159 0 81 146 20 87 42 0 35 116 139 67 79 158 119 159 35 69 100 76 142 72 114 132 0 79 145 45 32 34 114 117 98 0 37 6 0 32 72 96 99 102 111 114 110 20 48 67 157 110 24 181 51 64 6 101 84 83 57 42 21 70 46 116 20 15 114 44 69 150 72 164 112 191 24 144 69 36 78 116 32 54 56 78 55 0 22 151 79 9 28 95 44 30 35 88 42 43 68 12 148 195 46 72 105 93 54 126 34 24 94 105 93 67 26 36 11 146 16 103 35 135 81 96 71 121 46 91 53 159 5 188 109 
8 66 24 42 180 52 23 48 0 54 155 8 24 17 50 40 6 5 93 140 108 103 9 37 0 108 37 1 104 88 38 24 57 75 18 72 0 46 92 0 150 0 30 38 47 73 170 180 72 49 36 36 64 10 99 109 134 0 0 26 57 9 271 46 40 81 54 0 61 16 24 63 147 18 19 30 34 13 55 181 178 45 72 0 0 197 9 0 6 90 8 0 55 110 162 36 90 48 94 48 42 91 11 26 54 40 160 35 5 6 126 40 48 80 138 24 47 0 5 91 0 32 119 8 0 7 75 46 78 0 30 30 35 55 43 21 49 71 2 0 75 39 107 25 27 0 48 0 104 141 14 129 55 58 97 14 0 81 39 28 0 5 67 105 4 84 24 32 56 0 24 42 21 103 73 0 40 78 136 48 73 62 6 66 64 42 73 66 57 36 79 87 0 72 45 40 87 124 66 4 112 18 103 0 45 0 21 31 17 0 0 60 118 24 105 134 27 63 24 14 118 42 117 81 56 9 8 110 117 27 94 58 10 24 100 0 124 74 12 77 0 0 128 100 19 0 81 135 71 43 105 0 72 36 27 0 
16 153 30 66 84 112 0 54 27 151 165 12 68 93 84 72 16 14 7 88 96 112 109 106 112 47 81 51 136 63 61 13 237 92 0 69 0 161 55 44 72 24 122 48 18 71 71 97 73 82 119 18 48 12 0 44 27 38 0 72 89 19 83 16 30 45 35 64 12 56 18 70 89 18 16 0 70 26 73 110 57 100 0 0 41 93 133 96 69 56 30 21 48 35 42 63 2 112 102 24 56 37 31 7 124 103 56 40 0 16 71 0 50 75 92 0 24 61 0 56 0 45 102 6 28 55 35 44 158 81 15 0 113 69 101 87 63 118 83 111 116 111 90 8 70 112 126 7 44 153 0 153 7 70 18 24 18 0 8 28 56 29 30 0 90 60 92 55 54 56 72 15 43 18 91 78 152 81 41 57 8 134 99 0 45 67 102 65 0 96 126 45 166 48 139 34 39 41 36 20 9 72 35 35 0 5 0 88 0 63 72 0 40 63 24 6 18 146 82 0 9 0 41 20 5 83 27 74 20 0 108 62 102 72 3 20 0 0 140 0 32 17 64 0 0 8 44 65 4 1 140 66 18 51 35 52 
89 105 63 36 75 42 18 110 43 30 4 58 81 50 118 115 52 75 18 0 18 40 94 21 10 186 113 41 0 88 42 20 62 63 105 60 31 120 15 0 90 80 64 44 66 60 0 75 26 65 79 16 61 84 112 8 0 92 100 139 50 67 68 20 162 60 9 16 63 16 62 41 15 56 21 8 20 100 99 8 15 0 8 90 45 49 0 15 5 85 20 26 40 8 6 40 33 0 166 81 55 65 151 65 45 95 44 86 14 34 6 231 40 27 64 31 68 96 61 40 103 48 72 32 44 38 9 0 85 24 40 73 39 153 64 16 49 76 51 75 20 108 36 33 20 69 75 9 144 87 72 20 9 54 21 102 28 42 23 0 200 58 89 63 87 39 60 156 70 78 10 81 14 62 93 15 33 85 39 0 103 84 34 82 45 42 36 66 8 111 98 42 44 59 87 132 16 29 60 5 54 30 139 46 88 50 189 34 85 122 18 171 56 36 100 147 4 24 59 23 74 117 0 41 0 17 14 49 54 86 28 33 15 75 138 54 44 63 49 41 30 23 0 4 59 87 12 0 89 32 3 61 46 50 14 56 
84 17 72 70 13 24 4 30 53 51 93 6 8 0 49 0 33 81 49 14 12 35 75 15 0 41 86 72 10 30 1 32 13 81 36 46 1 6 3 16 56 48 33 4 26 60 71 11 109 108 107 74 36 35 120 61 47 4 29 30 81 130 83 25 37 112 8 12 42 89 43 80 44 32 0 47 27 9 52 49 41 22 92 6 49 50 35 63 88 40 0 45 1 85 57 138 13 39 9 0 0 34 34 38 2 53 8 88 30 111 0 33 17 26 103 54 14 8 94 0 72 0 31 0 51 63 10 11 0 42 10 0 0 39 79 84 44 54 0 35 16 119 93 27 102 0 9 0 81 75 7 61 53 69 139 135 0 39 19 45 51 113 35 27 26 24 0 12 76 15 70 67 76 0 64 0 27 8 33 13 24 128 56 0 60 38 4 36 12 68 31 21 80 35 6 50 2 53 68 5 0 62 53 16 0 20 30 25 2 142 0 38 36 4 53 133 47 7 93 136 60 24 81 2 18 52 10 0 48 0 12 58 5 40 42 10 0 112 73 56 56 12 72 10 18 39 28 55 52 10 44 53 22 16 14 48 
40 40 35 30 88 14 16 15 93 72 4 0 20 31 82 0 4 52 169 32 35 80 36 139 63 39 63 76 0 0 63 70 59 100 20 98 36 0 49 0 40 42 119 54 58 12 0 0 65 0 69 40 0 115 81 47 109 45 0 0 14 23 46 56 0 218 0 54 8 63 59 92 72 64 112 0 88 0 18 40 49 42 46 0 67 74 53 8 64 51 40 40 12 128 21 0 75 55 89 16 28 141 24 5 58 4 95 98 99 34 88 58 0 21 116 83 29 0 0 128 46 0 42 0 0 0 99 38 0 29 0 58 81 16 0 49 79 80 0 14 42 45 86 11 42 101 59 4 12 56 24 9 35 153 21 20 56 0 49 56 0 47 153 125 68 104 64 99 49 8 27 36 25 72 65 0 72 28 25 2 55 70 130 45 128 9 0 44 25 40 5 96 54 85 30 14 0 126 36 8 34 48 42 65 0 28 92 35 0 65 61 16 82 78 33 88 69 44 0 56 120 16 78 36 18 81 91 21 78 4 0 63 28 0 40 37 0 44 109 16 0 37 64 14 56 21 144 46 40 14 47 49 91 27 32 76 
153 84 7 21 88 90 48 34 0 0 6 0 113 28 56 72 6 0 0 15 27 25 5 88 0 29 72 0 45 0 9 11 15 21 49 112 0 0 11 0 0 8 72 20 27 43 52 12 2 59 69 0 28 0 22 28 0 0 45 25 31 60 32 136 24 9 28 0 16 0 11 113 80 0 73 16 65 105 16 54 93 108 144 27 118 12 35 91 56 16 165 0 5 8 18 28 11 0 5 0 87 51 48 6 23 0 0 0 8 24 19 18 108 40 86 12 36 55 0 90 13 2 72 108 44 96 19 81 184 164 32 22 30 91 20 36 0 5 26 24 43 0 65 0 0 0 14 0 56 12 24 13 0 82 30 79 12 16 33 79 62 33 18 72 70 0 0 0 48 5 12 27 5 54 63 39 0 0 5 73 59 109 27 43 25 8 45 35 36 36 46 0 3 8 34 81 32 68 45 28 24 138 55 0 4 81 27 3 12 53 8 172 0 0 5 17 33 36 0 26 81 72 22 148 0 122 79 40 189 38 0 80 8 9 12 0 59 20 67 88 0 37 84 24 100 12 18 39 14 0 15 27 40 0 105 29 
21 44 41 142 70 16 22 111 61 86 42 0 80 65 59 0 0 28 26 23 0 92 110 42 30 35 76 14 63 14 68 0 8 45 10 18 109 9 54 0 9 53 48 2 40 42 1 57 141 20 48 56 4 51 51 52 72 72 32 112 36 27 190 0 63 43 7 142 18 56 60 285 62 0 7 41 99 35 25 3 138 42 178 45 14 86 89 111 5 167 65 28 22 4 7 8 10 48 107 22 63 36 70 38 36 149 135 40 51 4 95 97 12 35 61 0 2 80 147 101 20 88 12 0 6 62 63 0 67 35 1 130 37 16 53 132 0 7 5 45 92 4 36 125 0 86 72 34 44 87 18 9 45 64 26 35 0 114 116 18 145 125 56 28 52 35 0 127 1 30 64 156 48 5 92 113 70 7 0 109 108 61 18 0 116 26 46 70 3 147 65 95 9 40 48 37 64 48 72 35 4 67 82 8 72 13 8 1 0 124 77 35 0 170 96 50 64 50 32 80 18 5 28 73 63 63 5 19 102 8 135 58 32 104 105 84 10 32 94 8 127 70 0 18 0 56 128 52 133 4 139 90 44 124 20 95 
76 217 40 64 91 146 48 27 43 64 64 42 101 45 57 19 34 117 36 64 21 4 114 104 87 77 159 135 65 287 39 4 62 79 16 19 44 175 44 50 86 279 146 86 49 67 8 96 24 66 55 27 81 287 48 130 47 16 98 111 115 52 58 71 201 96 0 111 16 75 139 216 74 15 44 57 33 36 90 53 55 91 5 49 55 80 0 121 12 55 150 52 41 122 245 127 59 134 14 58 94 42 41 51 144 93 154 93 31 3 155 68 81 4 267 133 65 96 188 80 257 18 109 48 45 32 64 119 71 25 45 12 45 79 22 37 106 55 99 131 53 166 32 78 8 30 93 0 6 154 89 235 49 129 73 65 51 174 118 20 20 98 185 5 106 180 104 48 23 113 71 88 6 61 136 77 24 145 107 131 107 93 73 24 75 137 43 132 57 16 186 5 53 105 225 63 142 26 24 101 188 46 73 112 0 5 72 161 5 14 93 25 207 174 76 0 73 104 85 84 18 52 50 0 9 75 124 14 45 63 10 98 10 158 0 47 75 16 38 49 148 48 49 72 88 155 50 186 150 30 32 131 98 37 76 148 
0 5 63 0 90 58 28 76 25 23 48 54 22 130 26 4 20 46 0 64 0 45 54 72 36 39 52 105 10 146 62 10 6 32 20 81 72 87 11 111 111 40 16 40 33 42 219 152 38 60 102 0 37 24 87 113 179 118 58 137 15 40 39 12 94 91 69 96 63 6 3 38 253 6 11 33 54 40 6 22 63 9 48 74 33 84 187 102 24 68 32 90 0 108 0 104 0 28 98 12 6 59 71 31 130 23 84 50 8 55 65 16 6 68 142 76 16 6 85 28 64 0 58 148 99 100 0 30 67 27 42 35 109 18 56 71 62 106 97 136 43 24 100 24 94 19 40 0 117 109 12 106 18 40 5 52 0 111 10 45 78 151 39 55 36 0 36 33 90 18 63 18 56 45 52 84 21 0 72 9 35 0 58 8 125 78 70 119 14 0 69 146 72 80 27 62 68 84 12 70 26 16 6 48 51 143 12 98 0 40 128 0 45 74 84 24 12 28 78 33 93 149 89 24 139 77 32 234 95 129 0 68 10 154 12 7 74 49 74 99 127 0 34 21 0 105 28 124 127 32 37 28 20 10 58 67 
0 137 0 75 13 15 109 41 19 18 2 49 16 70 75 0 23 31 3 0 143 35 115 42 6 34 57 73 47 51 23 75 30 47 63 15 0 6 52 30 66 68 53 0 51 101 49 64 54 149 87 88 29 23 91 20 24 45 72 74 49 154 155 69 169 41 36 115 24 146 27 100 60 0 26 9 21 14 30 54 73 0 69 27 6 36 60 18 6 104 59 78 103 18 82 40 88 10 0 128 32 32 120 9 15 42 8 48 32 6 42 54 91 78 44 96 18 113 7 79 109 83 71 24 27 31 11 87 96 0 12 73 42 55 12 36 8 34 34 0 38 41 24 19 33 39 38 39 210 37 44 72 87 164 48 18 45 8 28 6 40 78 3 110 36 65 54 14 62 34 47 56 21 15 18 33 43 70 15 43 37 59 0 18 17 28 32 36 21 73 97 50 30 134 44 6 121 44 81 60 84 7 46 25 42 12 84 0 125 130 0 84 20 66 0 45 48 69 18 71 89 51 12 36 36 60 0 59 109 17 21 98 51 27 110 11 72 138 16 12 8 34 0 73 24 51 6 62 72 65 9 53 92 92 33 64 
39 144 0 28 0 58 28 54 87 96 67 0 12 75 93 9 87 0 31 0 60 63 87 113 61 86 62 24 0 148 15 0 128 22 4 164 0 115 28 60 60 107 0 40 32 43 25 67 62 62 13 117 42 128 2 1 18 0 27 128 129 93 6 15 84 30 7 14 0 45 114 32 0 0 47 0 26 54 4 96 55 69 144 0 93 91 56 54 0 90 38 120 128 0 78 7 102 36 75 63 43 37 4 0 66 100 14 18 58 14 12 36 15 56 80 16 39 31 60 18 124 0 15 93 54 47 38 7 6 58 16 2 25 8 33 151 0 46 102 95 59 95 4 80 0 127 87 12 40 66 35 51 24 142 14 101 68 39 66 48 13 17 42 121 122 152 92 12 5 132 63 75 7 69 78 28 57 0 0 6 67 35 0 27 76 2 111 124 15 26 22 17 59 19 189 139 55 0 12 82 99 26 8 45 0 24 45 81 0 47 9 12 62 54 11 2 14 32 75 75 0 129 6 212 2 54 0 24 16 40 96 6 18 33 56 78 83 0 61 13 76 18 0 6 54 86 64 73 0 13 33 55 35 0 87 25 
0 33 27 36 13 50 20 42 14 0 9 63 55 109 4 9 4 81 83 7 36 3 0 27 3 20 4 0 54 62 0 74 75 35 10 36 61 84 50 69 0 83 5 0 19 18 108 63 52 45 51 51 0 25 91 72 31 27 11 14 114 35 71 0 52 60 72 90 75 83 0 35 26 0 1 35 135 24 14 93 30 8 62 18 99 103 45 6 5 5 35 114 12 0 6 110 0 33 30 27 37 119 58 94 14 66 75 64 81 0 176 81 14 0 31 61 39 27 36 0 65 165 117 100 0 5 48 63 0 0 10 24 111 0 0 114 0 23 18 43 94 12 35 119 21 66 10 4 128 53 15 48 6 179 135 0 16 48 61 0 16 3 0 12 84 6 35 64 56 5 21 60 0 6 0 12 0 0 0 44 30 169 49 0 18 63 2 20 45 6 119 0 12 9 47 2 44 21 29 0 36 6 69 0 43 35 0 0 78 0 15 73 18 0 18 64 0 128 4 63 11 58 18 39 90 0 0 24 31 27 0 72 0 63 24 63 53 48 16 10 0 72 0 30 6 22 48 25 74 10 40 81 18 96 5 24 
47 0 36 0 0 44 22 70 10 102 48 4 72 71 40 35 24 0 66 102 22 4 63 18 68 105 89 74 8 32 54 14 55 48 25 40 36 40 47 44 130 99 45 35 60 67 109 104 48 9 18 23 0 6 97 101 10 10 45 26 42 36 85 20 40 36 0 24 79 0 32 45 64 124 47 38 55 17 88 168 65 174 34 21 2 102 33 0 46 26 55 0 0 118 114 45 65 63 195 42 44 64 55 2 56 20 72 88 39 66 94 89 42 20 20 90 0 8 0 168 50 56 47 28 25 10 141 102 98 15 38 46 15 30 20 88 27 60 38 93 0 89 71 53 36 42 15 28 0 0 49 63 61 10 60 8 49 93 4 35 0 143 33 30 81 61 85 109 42 5 94 36 0 51 50 50 42 76 49 0 75 60 68 12 92 2 74 32 0 8 81 161 55 12 57 58 63 58 130 12 103 9 8 120 16 49 20 119 14 0 0 78 127 14 45 77 15 20 50 73 141 10 32 21 0 65 64 137 77 87 42 67 21 24 90 26 89 76 83 101 42 0 67 92 42 83 114 120 22 0 99 53 8 87 27 70 
8 84 0 0 60 18 105 15 10 41 24 0 0 126 53 14 54 21 9 30 6 34 52 43 72 16 0 110 36 84 72 74 0 137 7 12 49 39 0 18 0 36 22 0 50 82 0 68 56 95 169 40 10 35 106 123 8 115 18 25 135 40 120 0 14 89 46 0 0 53 0 99 45 0 45 72 77 21 6 0 15 0 16 0 16 37 53 104 4 88 0 134 88 0 18 14 72 54 57 15 45 134 0 10 29 63 139 109 0 8 8 70 98 20 46 67 14 16 126 123 0 0 79 85 20 37 2 63 111 25 10 41 189 5 16 42 0 101 32 49 48 81 47 18 0 27 6 0 12 0 0 14 6 50 28 10 0 67 49 99 137 91 18 14 24 0 26 33 0 4 2 11 18 0 87 79 106 35 14 0 40 36 10 53 40 117 81 77 12 84 16 0 0 64 0 23 88 0 54 0 0 36 48 53 67 10 102 42 0 22 24 32 0 9 50 46 0 204 36 49 75 10 62 78 7 16 0 81 0 6 0 0 7 126 41 57 0 0 120 0 83 129 0 42 10 0 0 20 21 40 72 0 35 0 14 90 
21 0 0 21 123 62 61 21 0 35 9 0 0 78 113 0 66 0 86 48 64 69 98 164 95 42 44 0 48 0 81 8 80 34 9 40 0 37 1 6 98 56 19 56 30 24 76 72 117 52 78 20 38 0 126 110 96 87 62 97 69 44 95 18 140 90 32 73 0 169 41 39 155 59 17 75 18 13 0 7 78 42 58 14 81 104 6 85 61 123 54 0 62 75 59 5 45 43 2 28 0 75 14 105 153 90 154 22 4 16 0 0 125 32 35 48 16 99 96 12 9 197 95 18 165 74 9 24 79 71 24 49 108 109 11 94 64 86 25 96 0 78 0 36 26 27 91 23 76 74 36 86 12 136 16 36 0 65 35 0 0 93 73 116 86 30 108 28 85 124 8 226 32 157 48 35 46 75 32 0 76 160 35 58 46 171 101 23 72 81 122 56 156 4 34 125 15 167 30 38 26 60 32 8 21 28 38 57 71 6 0 96 97 48 24 141 37 18 66 54 80 157 16 152 12 36 0 76 40 10 97 161 48 140 16 18 116 40 69 12 9 0 49 33 63 26 121 175 20 62 36 32 32 84 0 40 
42 21 4 18 0 10 77 87 9 57 8 0 82 132 25 8 29 8 68 24 28 15 132 264 38 95 53 59 12 24 3 20 26 46 42 0 28 0 24 57 51 59 0 40 40 56 67 24 0 51 15 10 40 52 9 7 0 0 6 45 8 29 10 42 16 25 28 64 8 60 27 24 61 91 40 7 153 62 0 35 0 5 34 0 86 6 17 20 0 48 80 0 92 54 0 0 111 50 82 5 20 81 34 42 44 100 52 9 42 14 113 0 44 0 123 55 63 50 54 23 88 0 24 0 89 0 154 49 8 0 39 121 64 96 35 112 43 67 1 57 0 49 66 73 70 47 40 21 27 0 0 59 0 59 0 41 0 68 50 56 39 77 20 24 57 112 42 0 146 58 14 28 0 99 2 0 35 8 27 83 74 49 22 9 32 14 107 22 9 24 239 41 62 0 0 27 77 15 45 42 35 0 11 86 44 14 40 91 39 0 7 166 79 3 38 136 9 0 3 2 119 30 15 8 53 20 20 69 47 57 45 77 0 48 81 25 130 31 13 4 68 0 0 75 0 23 0 9 35 3 15 76 0 18 87 107 
84 104 49 48 0 64 121 220 11 121 121 42 10 16 88 68 29 178 42 129 33 18 83 45 14 42 137 45 4 0 21 49 35 22 8 101 96 62 220 63 79 59 81 89 16 23 58 9 106 18 0 120 125 92 81 55 50 142 64 40 40 96 20 90 71 241 28 81 8 64 69 77 161 99 82 72 151 39 36 68 116 97 21 16 63 166 0 122 0 126 75 32 64 15 104 160 48 168 102 48 34 58 108 5 156 52 32 62 70 52 78 23 76 86 88 44 92 260 138 181 83 28 57 14 45 60 61 0 12 92 46 73 93 112 82 108 101 63 21 48 84 83 18 0 99 129 45 13 48 87 16 26 2 0 32 20 108 223 48 72 136 68 193 42 43 124 152 65 42 9 81 0 0 51 28 7 87 18 57 6 45 183 70 16 45 133 32 137 18 148 98 131 49 0 59 64 89 98 64 10 0 0 62 116 83 15 106 18 5 95 45 53 78 216 154 20 47 86 18 16 50 93 42 261 0 103 35 15 79 107 81 20 15 49 60 114 60 36 108 80 78 120 68 18 38 90 87 106 52 93 88 27 101 3 50 201 
0 114 47 46 40 0 79 63 26 48 86 106 83 56 110 36 53 86 121 30 70 4 162 42 68 13 3 115 24 81 76 15 107 32 116 100 99 71 68 156 139 32 93 126 56 5 64 122 21 25 10 146 10 146 56 80 65 85 86 171 103 94 44 55 144 65 24 30 0 34 47 63 216 31 12 4 130 32 51 0 14 34 15 80 25 79 62 70 97 61 12 69 129 12 67 56 48 49 11 104 32 59 0 24 121 108 46 61 54 102 94 63 81 84 49 81 20 174 68 78 153 54 142 70 5 181 50 109 63 38 20 41 80 82 88 76 139 184 157 8 6 30 20 51 57 69 90 82 50 45 81 48 0 0 86 40 0 105 80 45 53 92 6 20 28 198 20 8 185 20 96 56 108 73 91 64 12 67 72 161 88 70 96 47 80 163 123 78 0 0 80 96 72 296 73 72 45 42 69 102 36 100 40 162 35 162 205 32 72 0 181 0 24 111 119 25 10 57 23 53 51 97 75 50 79 136 64 72 117 76 0 43 39 207 111 45 9 40 61 28 68 0 0 25 35 11 67 110 90 92 35 52 75 70 119 53 
2 204 149 0 0 40 18 55 48 35 62 64 16 16 61 81 62 0 40 42 0 54 93 0 57 78 54 94 106 93 28 0 96 3 23 72 24 76 148 24 110 37 56 64 42 65 71 64 130 12 0 27 15 8 4 71 15 36 16 18 16 18 67 66 109 0 48 9 0 130 60 45 80 58 57 102 72 0 26 49 41 92 27 32 21 139 16 42 70 2 39 0 160 54 96 0 82 141 52 89 20 24 0 96 83 18 18 72 57 10 0 0 0 0 54 102 43 14 72 59 101 0 69 64 0 45 72 15 7 0 104 0 134 204 40 48 18 80 72 3 0 81 60 0 63 146 64 51 48 18 0 30 27 56 32 30 9 3 86 72 94 128 146 49 35 59 82 72 25 0 0 39 65 48 82 0 81 54 40 6 126 76 54 82 81 72 0 128 48 83 56 0 111 58 32 8 78 65 48 43 127 0 12 107 0 91 53 48 9 16 100 12 111 54 0 71 55 180 112 0 105 50 105 63 72 99 48 64 24 89 36 0 105 24 126 40 27 34 65 16 0 75 9 36 5 101 48 156 92 14 50 14 9 135 36 15 
3 87 0 0 75 131 45 105 51 109 84 62 25 13 72 0 72 80 0 70 2 79 80 9 17 72 4 20 64 97 57 42 122 95 24 38 67 96 78 16 61 66 80 56 73 24 114 156 0 7 70 0 32 43 40 64 50 84 8 42 82 47 78 3 67 96 24 48 58 90 21 110 186 15 32 15 48 23 45 108 36 109 72 33 63 44 65 28 32 72 122 12 0 40 129 223 54 74 14 24 51 81 76 40 102 83 75 127 10 4 24 119 67 32 25 0 96 96 28 26 20 0 183 40 88 32 172 64 25 44 50 27 48 2 48 39 33 144 27 62 24 4 58 131 8 121 65 0 6 107 32 13 24 118 108 0 53 125 42 48 111 108 71 8 132 54 58 25 6 27 0 99 12 129 36 18 13 27 14 56 48 147 61 12 63 107 14 85 64 155 140 45 29 157 79 99 0 110 24 1 30 14 151 14 54 2 18 12 0 80 0 60 28 37 27 68 21 121 36 77 92 119 90 0 26 17 0 11 148 64 107 53 0 71 132 93 46 61 24 154 172 54 0 31 26 73 57 65 5 87 48 24 43 89 94 63 
31 62 54 24 3 29 25 56 30 21 110 38 0 126 106 24 43 73 48 70 112 78 91 88 27 78 112 18 88 48 42 44 132 45 12 117 2 89 133 36 16 97 60 16 21 11 51 52 84 10 1 28 24 18 44 61 30 56 24 27 44 52 56 25 69 2 6 53 16 54 70 16 39 80 56 0 81 0 54 75 106 124 6 50 110 73 90 91 52 66 0 15 33 4 36 0 49 148 31 58 40 50 16 81 215 0 66 139 43 33 56 41 72 58 0 108 72 87 19 64 12 36 0 63 6 90 0 143 62 5 58 48 66 18 33 71 7 113 27 90 60 120 16 16 121 114 116 12 24 36 27 77 0 25 75 64 56 8 119 0 7 192 58 0 186 89 89 174 24 42 36 179 48 7 75 198 120 44 51 18 63 13 31 23 15 36 0 26 64 0 34 45 85 6 44 31 0 101 4 44 0 86 116 36 0 144 77 72 53 57 21 52 17 28 63 0 28 71 67 25 119 54 24 47 48 56 25 24 125 10 21 50 81 29 11 64 15 86 44 78 0 6 35 17 37 76 54 49 59 42 24 179 64 22 28 32 
97 0 81 66 56 45 68 103 43 102 0 48 54 194 111 59 0 143 83 72 24 49 32 121 34 72 82 43 100 54 32 0 77 32 100 135 23 153 91 27 20 123 222 63 117 7 15 63 102 78 32 125 16 72 0 28 0 54 0 37 0 152 51 64 111 54 28 70 48 0 51 108 64 121 48 10 122 120 79 15 48 110 0 24 62 62 63 72 78 18 31 39 12 76 30 115 104 12 131 50 56 108 64 93 112 103 182 0 14 0 50 89 103 70 32 86 55 159 34 87 69 0 0 100 0 16 224 49 48 16 48 112 47 80 28 69 38 131 57 28 74 176 6 65 112 107 88 49 29 96 47 46 45 112 0 0 87 91 0 103 0 112 146 52 68 187 32 33 36 151 78 0 25 89 74 90 81 154 36 117 90 116 32 20 79 0 7 48 18 28 82 0 55 6 84 94 108 36 65 28 0 79 62 26 21 39 122 131 50 134 22 107 126 172 62 162 23 60 143 55 123 72 0 92 31 0 0 135 33 116 21 50 0 42 59 54 103 114 6 16 30 68 123 41 95 70 20 129 64 55 61 120 104 45 69 238 
98 151 51 70 20 86 69 131 72 75 135 83 91 46 113 0 0 162 94 48 4 46 56 52 79 104 20 4 69 123 113 30 34 114 157 64 90 156 102 6 44 15 53 110 123 6 169 30 102 52 110 142 76 27 84 229 41 149 56 63 134 12 95 113 91 42 126 154 14 87 9 221 114 194 165 235 99 42 150 111 54 202 9 0 34 134 44 81 255 12 33 36 80 9 203 84 48 130 142 206 82 81 76 55 75 60 46 116 105 129 76 22 83 51 83 8 91 197 118 62 144 49 82 54 18 90 16 63 79 86 21 68 161 110 0 75 40 126 39 25 77 113 77 3 79 100 54 40 0 26 37 76 16 40 123 108 52 83 62 110 146 175 42 72 32 275 35 61 101 143 111 96 131 87 139 138 57 280 140 59 84 53 81 0 75 172 102 183 57 71 59 282 209 178 72 128 30 87 8 56 105 84 200 116 56 120 170 122 30 0 130 93 84 28 44 56 5 237 21 104 21 16 132 154 22 181 14 79 134 36 8 85 0 160 71 82 128 134 294 42 0 63 0 168 49 182 181 18 82 122 81 71 108 56 54 5 
11 0 115 12 0 81 45 47 28 153 57 0 150 50 56 24 45 18 218 54 41 82 73 56 79 95 26 0 8 78 81 135 10 106 0 112 1 0 129 57 4 24 0 4 61 0 120 130 0 31 134 65 5 69 40 157 35 101 45 33 81 0 16 30 46 135 4 24 45 76 30 147 70 0 80 45 3 36 38 38 60 81 103 74 0 5 61 95 64 153 8 126 0 94 77 55 12 69 48 77 145 142 71 6 66 8 79 77 17 72 141 63 120 7 48 22 71 56 9 75 15 117 4 3 56 121 38 64 71 4 10 29 156 82 23 69 206 76 86 43 56 72 43 70 80 6 82 12 34 46 0 10 17 6 134 48 29 94 37 7 55 1 49 93 4 49 29 35 71 32 41 96 53 21 192 27 0 9 90 33 74 140 94 108 141 61 132 87 93 16 46 98 132 93 31 107 64 184 87 49 11 25 72 145 10 132 39 42 36 115 118 0 40 31 26 90 40 163 185 13 84 129 124 76 56 150 74 153 78 128 40 32 80 238 59 45 105 97 111 80 127 0 0 68 68 46 134 149 38 75 76 117 126 54 60 133 
48 54 104 54 118 73 48 173 82 97 6 72 57 49 54 8 1 35 116 45 120 102 24 67 0 79 61 36 78 0 122 39 48 9 0 8 93 78 72 30 41 66 90 8 129 234 130 195 104 64 66 69 64 123 198 52 37 206 75 90 91 4 249 94 98 20 48 130 12 149 126 143 195 27 207 83 0 81 88 49 95 48 33 36 21 52 163 87 178 148 191 79 40 56 98 35 56 69 32 0 60 0 53 6 58 60 78 94 107 58 12 54 178 117 38 91 138 100 42 134 53 42 157 213 86 103 153 152 64 247 0 108 140 73 68 17 8 115 7 48 12 34 136 66 108 121 97 40 56 68 109 70 69 107 127 32 68 37 111 12 213 106 67 19 98 131 68 41 77 55 28 63 98 26 113 56 126 105 27 42 30 189 110 9 120 13 149 58 47 112 82 112 126 111 66 66 71 62 67 67 35 74 0 110 172 220 38 78 6 186 141 49 24 40 52 64 116 53 113 85 8 7 6 12 22 45 28 72 201 102 122 96 127 97 74 138 172 99 117 69 126 14 99 60 39 88 92 110 56 63 71 90 92 20 44 62 
91 110 8 0 24 12 31 24 7 111 28 15 22 64 56 46 30 36 0 0 23 34 47 44 95 65 85 36 20 32 117 46 34 20 70 0 61 0 81 40 36 15 37 78 49 10 96 82 99 74 98 0 45 0 162 70 0 43 35 38 132 12 93 0 22 59 94 100 0 107 30 112 32 71 12 127 119 38 101 0 75 33 9 46 0 131 63 8 36 106 37 6 56 56 96 92 70 42 34 81 15 128 8 44 0 94 45 64 28 65 16 66 106 32 113 20 58 82 65 34 54 116 87 27 35 49 27 19 53 4 4 16 48 112 4 157 87 45 8 29 50 29 59 1 28 79 70 12 41 0 16 47 101 74 32 66 0 0 8 63 64 130 72 45 37 77 12 2 95 37 94 78 28 188 34 0 0 121 20 14 54 106 16 34 144 103 28 94 50 241 103 162 40 93 87 175 34 2 84 32 0 38 140 42 35 29 204 74 73 0 21 36 111 52 30 61 18 85 0 0 18 8 67 84 0 81 32 6 111 50 5 80 31 71 85 16 54 95 157 4 56 65 9 63 123 66 43 52 99 54 24 26 50 89 12 51 
33 36 0 0 97 87 18 189 7 32 0 6 8 129 174 0 0 44 71 0 112 34 0 36 124 60 44 54 85 16 126 0 36 21 26 77 131 30 16 9 17 35 0 42 110 53 55 79 29 15 85 27 0 24 77 28 0 62 63 49 33 68 86 41 95 113 0 104 8 0 60 164 87 12 101 0 42 74 4 76 122 73 121 5 69 28 33 61 0 95 138 13 24 90 203 87 207 0 20 7 30 0 4 6 106 66 14 25 12 0 46 54 55 4 58 123 39 80 28 87 34 37 158 0 26 61 55 91 45 20 0 75 27 1 30 42 22 86 37 0 6 154 132 126 38 119 12 6 6 60 149 12 89 32 16 0 10 36 75 72 0 156 56 102 108 30 17 9 0 20 70 49 25 49 0 4 31 30 22 53 24 25 68 0 15 0 144 74 89 88 144 114 21 80 7 84 55 155 0 49 94 2 50 63 50 56 14 82 69 0 110 42 24 120 79 26 18 0 15 146 55 58 0 89 51 2 0 24 59 24 54 63 12 71 89 64 33 110 10 38 169 8 14 60 35 0 10 35 12 89 29 84 71 113 58 94 
30 45 38 8 6 35 64 0 0 28 90 0 0 32 51 0 56 43 50 0 58 0 76 50 45 14 47 90 66 132 25 36 54 0 49 81 36 107 0 151 72 76 99 109 12 9 21 63 56 15 18 0 18 24 28 35 30 6 0 24 88 27 61 33 0 7 0 21 0 6 83 77 59 45 49 4 36 17 55 0 90 27 62 0 94 3 44 81 0 131 17 8 53 78 63 0 181 35 14 0 6 29 3 28 0 42 81 55 87 25 3 36 0 18 99 45 35 6 56 9 68 18 5 8 37 45 0 53 5 0 0 0 0 16 30 54 21 140 64 13 0 117 18 0 0 37 40 0 0 25 0 61 0 75 8 36 21 47 87 0 0 40 112 4 16 79 8 49 0 64 0 157 0 63 71 0 0 0 31 74 56 78 63 0 1 92 45 117 18 0 54 0 0 0 94 68 36 45 36 0 0 3 93 0 0 0 35 32 0 56 6 0 133 99 59 75 0 8 32 3 47 14 35 88 28 14 72 0 56 115 0 80 48 16 0 106 58 43 39 0 32 21 8 57 43 107 48 96 95 38 0 45 33 19 9 29 
12 143 17 124 3 7 132 77 123 78 11 0 98 210 54 166 33 54 63 2 106 62 100 141 89 40 10 129 151 229 92 280 158 112 16 21 30 76 6 106 63 52 72 22 69 84 15 0 30 56 146 23 0 137 141 47 122 68 0 27 44 52 87 10 25 111 89 84 12 28 43 75 65 4 28 81 26 46 45 42 41 55 39 154 29 151 15 36 35 36 34 90 16 82 83 68 155 105 126 32 64 154 72 31 34 149 46 48 30 31 44 72 43 54 234 130 83 68 46 95 3 48 0 12 92 136 28 86 87 81 9 58 35 136 83 167 94 10 89 30 32 96 21 49 51 74 24 42 123 50 9 80 0 148 53 67 0 129 24 78 68 85 102 72 46 59 0 8 130 66 93 12 173 88 20 24 129 54 64 123 0 51 57 98 195 70 61 18 45 141 172 49 66 0 16 73 131 109 158 24 19 8 47 32 56 94 155 120 73 68 30 113 41 69 9 82 21 231 32 33 119 12 157 135 140 35 46 123 72 47 98 92 63 130 61 1 103 88 44 39 52 14 15 175 83 115 0 33 165 83 9 88 16 78 97 84 
155 82 84 110 48 96 30 205 79 0 8 0 96 88 22 64 22 103 75 0 15 41 98 48 88 48 72 8 128 82 46 8 74 24 99 55 0 24 25 96 82 6 67 39 53 71 59 61 90 85 98 146 18 66 158 80 0 64 47 36 92 0 58 29 41 93 12 54 67 139 22 85 92 29 176 7 27 75 24 43 69 40 64 35 118 64 3 128 76 61 278 45 10 8 109 90 39 84 0 10 45 22 23 12 49 81 46 26 58 0 8 108 80 8 92 56 126 40 45 16 23 35 84 223 5 63 128 17 30 102 0 24 69 118 8 0 85 138 26 5 0 137 21 63 70 82 4 15 0 10 138 128 75 102 28 99 43 36 8 0 116 85 40 121 40 124 62 0 72 44 27 154 4 49 75 20 50 10 11 58 85 103 141 80 17 34 114 51 7 171 71 50 129 25 62 106 15 24 124 56 83 131 48 50 71 94 67 97 38 76 93 123 17 120 101 94 75 56 10 243 69 52 69 112 1 132 0 21 79 130 81 156 99 194 105 50 22 128 54 0 80 15 4 73 60 84 55 88 82 81 0 44 48 62 59 103 
78 8 30 0 76 32 55 53 0 55 48 9 14 149 0 36 16 3 125 48 0 113 0 63 0 132 54 6 99 90 68 81 45 57 14 60 87 60 49 25 104 72 14 4 71 56 112 66 28 49 196 0 4 58 0 137 104 33 38 0 49 44 152 0 52 67 72 0 0 0 22 27 101 72 74 101 75 56 0 102 0 81 124 11 48 174 87 117 128 46 40 99 7 48 81 15 73 0 4 57 27 0 6 9 111 135 135 31 105 22 56 129 22 0 9 28 47 65 94 32 57 114 117 120 95 26 44 97 92 58 30 71 126 8 46 47 0 37 53 12 28 84 66 135 75 0 2 0 64 0 40 14 28 21 83 0 36 62 20 0 94 6 0 54 0 74 6 144 8 32 96 34 0 102 150 101 46 48 0 96 42 99 81 5 50 25 0 133 46 0 133 60 72 81 30 60 102 48 15 8 0 63 84 0 113 5 51 62 72 47 31 24 0 22 47 0 24 106 30 102 97 84 36 19 0 66 18 142 72 93 24 112 54 71 0 56 119 56 135 36 21 18 0 87 6 74 104 204 100 6 48 6 54 78 109 32 
66 28 15 98 78 167 27 45 59 23 109 49 79 45 24 36 43 63 126 110 113 69 35 5 0 77 62 0 102 146 64 21 30 132 6 27 63 66 43 39 139 115 25 12 103 112 150 24 0 80 170 86 15 153 48 264 100 85 111 87 130 77 140 0 145 159 20 119 64 0 0 161 177 93 147 130 28 89 40 63 54 81 74 44 18 45 37 226 101 135 57 39 36 24 169 45 149 84 66 124 49 0 2 51 101 84 154 101 42 73 100 64 85 48 0 96 108 150 16 3 62 7 46 80 73 55 72 105 112 60 21 20 193 102 134 52 78 70 18 66 129 72 60 58 80 28 12 14 46 78 159 12 148 45 114 12 0 65 58 0 48 87 0 66 18 121 0 41 0 27 136 48 78 69 127 178 42 105 46 89 27 43 139 4 164 100 42 18 42 0 171 95 125 152 40 104 128 45 68 0 128 15 115 42 72 97 70 62 0 63 57 18 4 76 57 15 87 105 96 124 31 84 69 99 138 61 63 151 0 58 18 59 64 167 12 129 178 62 39 16 25 20 0 91 2 68 72 201 127 20 39 31 125 0 72 72 
