4966 4897 4766 4505 4857 5163 4452 4863 4789 4555 4876 4912 4547 4929 4890 4377 4901 4434 5252 4500 4820 4803 4560 4704 4809 4339 4272 4608 5181 4483 5277 5155 4316 4760 4576 4654 4743 5085 4759 4270 4749 4980 4544 4960 4832 4577 5141 5187 4663 4508 5254 4638 5081 4997 4462 5247 4932 4824 4675 4810 4647 4691 4746 4958 4848 4553 4569 4673 5423 5027 4795 4701 4785 5231 4818 4816 4662 4847 4760 4603 4659 4977 4590 4861 4887 5411 4857 4759 5213 4695 4657 4827 4994 4664 4841 4922 4805 5205 5109 4605 4902 4955 4447 4957 5391 4416 4966 4942 4704 5261 4800 4439 4675 4551 4791 4905 4760 4596 4677 5124 4945 4703 4375 4418 4494 4991 5208 4568 5036 4531 4804 4688 4575 4924 4800 5068 5132 4977 5065 4873 4972 5003 4555 4943 4973 4503 4779 4865 5078 4578 5236 4778 5104 5173 4805 4693 4464 4682 4960 4699 5087 4728 4598 4834 4906 4728 5003 5198 4700 4865 5380 4942 4826 5008 4959 4886 4832 4903 4928 5041 4858 4555 4579 4862 5278 4806 4657 4795 4943 4900 4875 4912 4713 4357 4821 4523 4702 4611 4978 4684 4488 4624 5100 4784 4770 4907 4576 4863 4850 4476 4581 4723 4680 4578 4834 4930 4952 4750 4852 4707 4628 4716 4609 4680 4807 4885 4624 4798 4613 5212 4569 4589 4576 4729 4986 4653 4875 4533 5081 4733 4965 4882 4702 4863 5023 4742 4327 5024 4935 4625 5190 4880 4992 4789 4613 4862 
5508 5739 5573 5156 5629 5772 5142 5444 5268 5199 5842 5257 5332 5740 5674 5242 5394 5180 5780 5442 5348 5300 4885 5562 5715 5093 5309 5163 5601 5347 5838 5595 5479 5493 5742 5566 5334 5833 5509 4975 5463 5634 5378 5557 5286 5498 5609 6004 5047 5309 5568 5493 5604 5599 5129 5667 5704 5377 5105 5760 5096 5594 5219 5612 5340 5136 5225 5300 5776 5835 5233 5327 5342 6012 5412 5471 5700 5332 5617 4932 5448 5700 5270 5818 5586 5879 5588 5574 5632 5457 5230 5545 5634 5659 5290 5584 5636 5898 5701 5468 5588 5532 5206 5573 6113 5069 5710 5557 5531 5784 5509 5298 5231 5343 5552 5242 5575 5245 5268 5650 5710 5630 5230 5070 5611 5578 5755 5195 5371 5232 5368 5397 5194 5488 5598 5918 5590 5730 5821 5716 5544 5501 5437 5530 5717 4787 5645 5702 5579 5312 5481 5316 5506 5705 5625 5127 5310 5081 5651 5483 5888 5667 5492 5239 5602 5566 5408 5707 5535 5368 5705 5553 5399 5578 5226 5476 5576 5294 5565 5576 5242 5253 5326 5551 6346 5327 5362 5234 5627 5636 5380 5611 4952 4847 5217 4860 5254 5374 5555 5650 5215 5174 5567 5402 5525 5650 5490 5445 5476 5129 5176 5562 5223 5206 5427 5501 5673 5775 5071 5809 5259 5284 5226 4980 5312 5643 4958 5453 5188 5930 5233 5280 5502 5578 5578 5810 5386 5576 5769 5523 5526 5756 5479 5775 5621 5530 5217 5759 5233 5319 5677 5526 5561 5440 5165 5552 
5204 5278 5097 4969 5310 5293 4827 5334 5103 4838 5219 5162 4764 5559 5225 4770 5396 4584 5473 5026 5331 4837 5028 5252 5350 4948 5086 4819 5278 4973 5438 5727 4870 5475 5157 5340 5186 5662 5209 4675 5127 5623 5075 5278 5163 4927 5270 5376 4907 5294 5434 5067 5287 5286 5025 5270 5626 5148 5010 5106 4944 5357 4815 5504 5060 5170 5219 5027 5354 5310 4908 5385 5454 5424 5431 4997 5490 5374 5289 4851 5306 5465 4823 5468 5382 5481 5358 5332 5472 4971 4896 5112 5168 5034 5408 5424 4998 5620 5599 5119 5352 5132 4788 5243 5641 5029 5317 5269 5140 5068 5200 4801 5278 5161 5148 5274 4902 4876 5337 5680 5326 5062 4875 4917 5019 5163 5590 4864 5180 4848 5174 5265 4830 5037 5480 5318 5216 5514 5600 5196 5378 5294 5030 5492 5383 4758 5553 5353 5298 4942 5323 5061 5297 5242 5147 4935 4662 4735 5217 5204 5202 5360 5259 4925 5282 5200 5239 5392 5086 5432 5233 5168 5251 4969 4907 5285 5347 5159 5241 5427 5420 4758 4926 5196 5509 5153 5432 5153 5325 5196 5142 5205 4932 4369 5264 4271 5047 5237 5248 5178 4891 4623 5268 5083 5286 4919 5294 5396 4978 5078 4900 5172 5221 5080 5310 5371 5060 5326 5253 5449 5152 5000 5123 4911 4968 5196 4947 5208 5092 5442 5170 4968 5080 5349 5097 5438 4991 5228 5675 4941 5220 5233 5049 5293 5136 4886 5004 5395 5236 4957 5283 5268 5271 5241 5067 5339 
5574 5448 4975 4934 5762 5604 4863 5225 5368 4674 5282 5177 5257 5599 5225 4918 5286 4949 5783 5016 5468 5154 5046 5459 5545 5173 5118 5147 5811 4924 5680 5802 5206 5425 5264 5522 5264 5780 5145 4702 5277 5527 5383 5359 5440 5341 5475 5850 5283 5019 5462 5365 5494 5390 4820 5594 5432 5307 5057 5322 5172 5385 4885 5509 5056 5065 5104 5023 5421 5685 5354 5081 5266 5656 5083 5423 5521 5464 5118 5028 5382 5498 5169 5594 5366 5863 5148 5417 5498 5180 4991 5288 5427 5197 5254 5165 4998 5755 5360 5322 5423 5114 5090 5325 5786 4892 5470 5109 5245 5691 5580 5305 5260 5364 5378 5371 5500 5154 5206 5568 5290 5078 5101 5184 5269 5468 5593 5070 5204 5008 5194 5214 5164 5479 5198 5720 5681 5747 5814 5451 5327 5248 5302 5314 5572 4964 5523 5446 5411 4971 5489 4886 5557 5299 5323 4967 4721 4950 5376 5440 5635 5553 5236 4806 5323 5358 5531 5565 5308 5329 5698 5457 5427 5321 5199 5325 5594 4875 5403 5608 5227 5049 5272 5228 5935 5404 5079 4994 5271 5351 5342 5522 5158 4781 5018 4843 5398 4981 5518 5578 4668 4924 5493 5338 5488 5200 5187 5639 5308 4898 4923 5451 5195 5148 5444 5462 5230 5271 5048 5457 5109 5166 5181 4730 5007 5418 5101 5483 5063 5383 5472 5275 5048 5430 5435 5587 5456 5168 5729 5484 5272 5431 5453 5653 5472 5245 5294 5536 5115 4933 5433 5356 5337 5209 4891 5469 
5314 5309 4998 4894 5398 5461 4775 5452 5107 4757 5255 5221 5042 5198 5054 4992 5381 4799 5538 5067 5247 5210 5138 5171 5442 5050 4931 4952 5402 5091 5518 5615 4938 5269 5154 5411 5132 5603 5302 4665 5122 5302 5221 5434 5250 4952 5261 5313 5026 5237 5482 5350 5459 5408 5076 5572 5525 5246 4872 5208 5204 5099 4846 5219 5141 5128 4909 5228 5652 5573 5405 5167 5051 5442 5434 5113 5486 5405 5396 4967 5342 5354 5169 5473 5212 5620 4994 5205 5222 5050 4910 5404 5314 5170 5290 5478 4867 5703 5301 5096 5115 5296 5062 5181 5614 4982 5452 5285 5116 5348 5242 5163 5256 5367 5392 5155 5300 4968 5358 5659 5767 5354 5108 5032 5270 5301 5477 4951 5325 5073 5274 5219 5025 5399 5322 5498 5177 5768 5635 5482 5406 5573 5148 5117 5546 4953 5360 5383 5234 5199 5516 5584 5374 5564 5409 4983 4925 4968 5361 5523 5534 5291 5284 5286 5208 5278 5253 5347 5117 5543 5367 5142 5345 5250 5163 5317 5093 5173 5255 5502 5545 5003 4839 5468 5598 4885 5373 5186 5142 5346 5404 5426 4940 4439 5055 4666 5145 5182 5166 5297 4758 5003 5340 5088 5196 5320 5189 5265 5456 4956 5007 5204 5112 4919 5268 5369 5319 5354 4768 5330 4938 5274 4776 4976 5197 5160 5058 5557 5071 5665 5087 5241 4952 5206 5354 5513 5402 5220 5845 5111 5500 5552 5119 5189 5459 5485 5058 5341 5225 5050 5212 5286 5266 5192 5062 5508 
5315 5264 4988 4896 5461 5557 5039 5470 5177 5213 5368 5481 4943 5588 5273 5051 5050 4880 5796 4902 5302 5351 4966 5388 5698 4885 4866 4904 5359 4806 5724 5581 5128 5411 5219 5001 5213 5765 5377 4584 4988 5504 4986 5296 5284 5220 5660 5693 4795 5125 5335 5256 5339 5262 5117 5606 5057 5422 4871 5271 5078 5239 4902 5288 4946 4931 5140 5066 5263 5466 5214 5335 5146 5612 5140 4982 5626 5607 5277 4939 5220 5581 4841 5712 5423 5869 5370 5337 5476 5396 5030 5152 5229 4992 5413 5342 5175 5869 5367 5272 5403 5284 4888 5292 5691 4994 5519 5148 5032 5391 5118 4838 5126 5244 5020 5328 5120 5003 5423 5630 5590 5276 4681 4817 5092 5160 5607 5135 5384 4914 5529 5500 4919 5322 5395 5648 5527 5724 5637 5412 5347 5495 4792 5370 5520 4860 5540 5213 5525 5226 5234 5164 5361 5754 5309 4979 5089 4710 5179 4875 5579 5474 5025 5093 5578 5250 5348 5326 5216 5394 5357 5104 5385 5182 5248 5353 5324 5051 5359 5396 5083 4862 5246 5191 5802 5260 5388 5446 5132 5475 5417 5227 4999 4642 5302 4865 5082 5109 5201 5334 4771 4715 5552 5364 5447 5129 5022 5486 4972 4984 5162 5143 5067 5261 5314 5378 5135 5403 5342 5443 5133 5165 5014 4701 5127 5147 5033 5109 5326 5684 5205 5206 5192 5303 5221 5650 5432 5297 5626 5224 5458 5332 4959 5447 5361 5278 4888 5537 5458 4907 5364 5183 4965 5614 4822 5355 
5271 5286 4976 4789 5377 5701 4848 5494 5310 4815 5316 5315 5177 5545 5310 4913 5218 4899 5703 5000 5539 5219 4953 5238 5644 5110 4986 4989 5528 4851 5650 5479 4947 5380 5011 5055 5253 5818 5177 4813 5304 5435 5415 5159 5225 5254 5493 5631 5059 4863 5583 5137 5349 5239 5053 5725 5516 5356 4893 5115 4899 4954 4852 5435 5233 5163 4859 4965 5393 5606 5441 5118 4887 5772 5147 5392 5502 5415 5237 5062 5483 5592 5059 5539 5424 5882 5287 5366 5462 5030 4922 5252 5323 5057 5525 5400 5053 5790 5621 5228 5391 5398 5083 5193 5763 4714 5141 5455 5152 5631 5474 5121 5185 5218 5273 5176 5332 5085 5232 5641 5533 4845 5025 5035 5342 5205 5334 4911 5116 4843 5387 5136 5077 5207 5271 5594 5479 5628 5714 5306 5271 5524 4981 5258 5791 4864 5420 5204 5342 4974 5472 5255 5149 5688 5428 5187 4895 4908 5299 5210 5646 5619 5160 5122 5136 5190 5425 5577 5126 5571 5540 5440 5342 4987 5218 5554 5514 5050 5227 5510 5301 4918 5055 5666 5830 5011 5326 5128 5333 5433 5417 5231 4946 4748 5321 4735 5123 5089 5376 5352 4968 4902 5451 5158 5311 5249 5185 5399 5291 4776 5056 5438 5321 5185 5314 5716 5243 5295 5025 5463 5013 5447 4915 4887 5140 5387 5146 5400 5161 5557 5107 5397 4849 5325 5339 5605 5507 5217 5921 4988 5578 5369 5402 5279 5425 5400 4980 5534 5150 4895 5382 5561 5554 5303 4922 5704 
5167 5029 4665 4818 5113 5229 4754 5278 4979 4929 5071 4806 4816 5048 4793 4602 4966 4750 5236 4791 4871 4818 4757 4931 5020 4542 4671 4723 5103 5012 5295 5167 4762 4865 4594 4939 4904 5138 5090 4648 5079 5126 5193 4988 4923 4920 5112 5173 4596 4953 5221 4730 4689 5118 4680 5211 5164 4922 4769 5175 4739 4769 4784 5096 4937 4917 4701 4749 5283 5188 5074 5003 4834 5274 5128 5107 5227 5048 5250 4675 5074 4999 4863 5317 5140 5634 4841 5176 5299 5009 4870 4931 4947 5158 5136 4962 4800 5318 5261 4911 5259 4947 4944 5301 5401 4773 5020 5095 4991 5149 5125 4925 4966 5118 5044 4975 5215 4702 4915 5414 5234 4892 4645 4637 5096 4925 5076 4816 5071 4463 5101 5078 4669 5084 4918 5226 5092 5161 5205 5103 5373 5255 4813 5275 5077 4522 4962 5177 5214 5070 5205 5127 5057 5403 5161 4686 4557 4695 5024 4647 5340 4981 4793 4921 4533 5188 4905 5259 4857 5252 5155 4940 5316 5294 4995 5278 4890 5065 5036 5015 5157 4739 4760 4995 5272 4688 5205 4891 4818 5190 4696 4938 4931 4448 5031 4482 4785 5070 4979 5115 4480 4786 5052 4747 5120 4952 5212 4984 5022 4844 4671 4954 4905 4650 5049 5076 4818 5028 4800 4917 5029 5016 4546 4734 4947 5209 4758 4915 4765 5321 4470 4699 4701 5130 5019 5095 5150 4602 5307 4959 5097 5121 5008 5316 4817 4973 4667 5134 4905 4510 5073 5156 5099 5186 4686 5008 
5300 5204 4875 4970 5524 5340 5009 5311 4961 4869 5214 4824 5132 5375 5415 5154 5437 5081 5490 4897 5138 5216 4927 5547 5464 5104 4868 5091 5243 4880 5709 5615 5122 5333 5356 5320 5410 5680 5468 4716 5118 5319 5232 5205 5112 5335 5287 5418 4786 5176 5487 5093 5350 5532 4756 5279 5415 5343 4930 5232 4771 5269 4992 5417 5182 5264 5243 5169 5455 5678 5109 5453 5160 5730 5141 5253 5564 5430 5198 4847 5413 5467 4988 5684 5215 5921 5009 5321 5327 5101 5026 5046 5166 5527 5363 5370 5049 5478 5495 5327 5263 5400 5192 5094 5501 4849 5310 5225 5272 5544 5098 5104 5352 5169 5328 5109 5403 5093 5150 5875 5431 5407 5246 4932 5167 5322 5447 5045 5343 4980 5365 5313 5059 5125 5344 5361 5554 5454 5549 5430 5649 5257 5193 5611 5345 4851 5446 5232 5522 5126 4833 5126 5643 5582 5257 4982 4835 4890 5335 5194 5529 5511 5360 5220 5106 5280 5341 5537 5476 5312 5269 5372 5595 5527 4912 5383 5302 4976 5426 5632 5121 4924 4946 5402 5749 5088 5327 5239 5607 5298 5044 5475 4985 4582 5337 4974 5375 5327 5376 5327 4794 4848 5467 5152 5255 5210 5077 5535 5220 4747 5117 5079 5205 5019 5155 5185 5139 5199 4837 5238 4960 5294 4894 5122 5125 5259 4906 5182 5250 5741 5051 5296 5209 5426 5298 5721 5415 5250 5568 5424 5575 5295 5164 5686 5592 5118 5266 5509 4881 4908 5461 5258 5365 5346 5099 5443 
5161 5420 5117 4826 5308 5605 5091 5292 5223 5103 5130 5091 4866 5163 5193 4920 5384 4886 5579 4943 5286 5209 4796 5086 5336 4985 4798 4735 5181 5115 5655 5242 5063 5283 5144 5188 5004 5413 5320 4752 5353 5374 5206 5199 5154 5242 5409 5469 4865 5086 5358 4891 5387 5105 5115 5287 5422 5165 5041 5295 4729 5055 4785 5326 5019 4723 5121 5168 5409 5452 5354 5118 4988 5313 5133 4891 5472 5136 5125 4946 5437 5289 4803 5712 5100 5789 5131 5272 5338 5016 5163 5028 5331 5042 5163 5335 4965 5407 5485 5130 5209 5180 4839 5156 5630 4827 5427 5451 5114 5294 5215 4930 5197 5344 5045 5131 5388 5100 5127 5557 5613 5164 5059 5017 4923 5014 5240 5016 5343 4610 5375 5251 5067 5380 5102 5370 5028 5468 5595 5220 5400 5336 4916 5164 5410 4842 5433 5282 5364 5071 5480 5249 5279 5660 5139 4986 4942 4668 5143 5027 5386 5369 5058 4891 4913 5126 5040 5238 4624 5399 5515 5274 5169 4998 5243 5323 4751 4962 4946 5280 5192 4828 4812 5260 5444 5129 5071 5220 5323 5295 5245 5585 5088 4476 5052 4751 5134 5026 5350 5148 4571 4859 5157 4959 5195 5238 5028 5695 5273 5271 5028 5142 5089 4653 5412 5204 5004 5352 5191 5295 4961 5159 5054 4981 5117 5100 4889 5040 4913 5463 5011 5027 5118 5392 5018 5504 5144 5099 5481 5056 5263 5279 5159 5269 5205 5470 4944 5479 5266 4684 5353 5324 5304 5135 5082 5355 
5662 5543 5184 4849 5678 5756 4918 5402 5161 4975 5343 5537 5205 5678 5432 4985 5543 4929 5785 5080 5358 5177 5293 5473 5747 5360 5133 5160 5539 5060 5678 5553 5228 5406 5215 5286 5357 5766 5700 4590 5448 5675 5280 5350 5466 5476 5640 5625 5522 5382 5447 5212 5563 5571 5016 5604 5267 5455 5101 5457 5037 5097 5222 5612 5116 5032 5134 5272 5853 5631 5428 5346 4991 5601 5306 5416 5474 5601 5253 5176 5663 5631 5367 5676 5463 6078 5143 5541 5599 5403 5262 5290 5413 5155 5798 5387 5198 5637 5388 5580 5234 5375 5412 5316 5945 5145 5347 5519 5584 5888 5393 5032 5469 5100 5561 5282 5331 4956 5335 5870 5647 5109 5280 5223 5285 5468 5711 4924 5591 5096 5563 5475 5126 5257 5484 5578 5467 5815 5652 5524 5370 5313 5134 5498 5877 5017 5542 5437 5491 4992 5484 5477 5377 5535 5695 5069 5000 4898 5478 5334 5500 5776 5356 5208 5333 5129 5735 5484 5259 5550 5724 5500 5336 5487 5396 5403 5405 5228 5304 5662 5622 5127 5016 5455 6022 5338 5182 5251 5502 5576 5184 5382 5106 4630 5265 4907 5291 5161 5522 5624 5094 4946 5631 4991 5421 4985 5100 5890 5251 4951 5256 5369 5510 5230 5335 5733 5420 5315 5173 5674 5296 5279 4993 4812 5137 5731 5098 5459 5333 5880 5349 5292 5163 5539 5396 5827 5370 5392 5451 5121 5567 5496 5616 5565 5484 5456 5549 5764 5059 5017 5548 5520 5388 5349 5123 5593 
5186 5271 5036 4957 5383 5389 5071 5246 4975 4944 5159 5168 4965 5415 5212 5078 5479 4997 5614 5229 5407 5091 4924 5209 5416 4829 5101 4716 5283 5072 5629 5629 5053 5324 5044 5276 5034 5363 5319 4781 5203 5297 5146 5245 5289 5417 5186 5525 4912 4946 5456 5085 5660 5217 5047 5603 5552 5326 4991 5343 5015 5268 4864 5290 5195 4730 5035 5144 5578 5720 5096 5129 4800 5334 5220 5343 5473 5037 5138 4771 5300 5560 5110 5653 5250 5417 5042 5091 5467 4803 4852 5164 5331 5095 5324 5281 5151 5375 5494 5162 5098 5286 5001 5330 5467 5039 5394 5265 5168 5352 5205 4829 5250 5155 5331 5142 5066 4947 5133 5730 5499 5012 4746 4857 5116 5140 5487 4777 5219 5178 5211 5203 4907 5183 5098 5434 5445 5634 5461 5336 5211 5185 5266 5019 5460 4657 5470 5378 5425 5251 5191 5347 5268 5468 5460 4926 4849 4952 5159 5388 5112 5536 4953 5109 5210 5437 5377 5542 5218 5232 5406 5280 5129 5289 5410 5151 5274 4934 5172 5373 5164 5046 4818 5392 5599 4869 5137 5301 5269 5388 5225 5363 5140 4569 5325 4516 4970 5348 5320 5200 4845 4715 5208 5245 5318 5267 4952 5426 5276 5056 4972 5010 5099 5001 5145 5421 5079 5277 5193 5460 5007 5358 4946 4845 5151 5185 4925 5390 5002 5459 5067 5129 4969 5105 5279 5313 5363 5373 5784 5103 5291 5151 4873 5192 5586 5209 5100 5446 5256 5102 5465 5426 5384 5179 5001 5424 
5219 5281 5081 4650 5212 5213 4717 4919 4928 4755 5336 5219 4950 5380 4862 4756 5158 4538 5410 4761 5077 4857 4474 5166 5357 4643 4612 4741 5094 4934 5522 5528 4934 5377 5178 5291 4750 5426 5086 4642 4971 4960 5066 5207 4792 4929 5169 5159 4834 4748 5416 4883 5106 5135 4564 5160 5074 5183 4736 5015 4446 4838 4896 4974 4705 4749 4970 4887 5262 5331 4901 5093 4935 5154 4875 5093 5223 5013 4976 4623 4890 5070 4750 5089 5341 5359 5136 5188 5209 4904 4859 5025 5061 4926 5024 5149 5012 5573 5108 5147 5124 4974 4938 5009 5564 4494 5122 5039 5067 5420 4811 4790 4909 4931 5100 5043 5244 4606 4993 5345 5425 4785 4781 4910 4964 5160 5340 4768 5001 4965 5108 4855 4811 5210 5220 5388 5191 5296 5433 5428 5195 5307 4720 5412 5350 4474 5262 5087 5189 4897 5113 5175 5113 5322 5145 4959 4638 4686 4949 4930 5284 5074 4728 4859 5078 5041 5015 5166 4986 5161 5200 4928 5251 5023 5083 4934 4963 4950 5193 5241 4866 4790 4918 5039 5424 5069 4969 4940 5135 4959 4939 5307 4966 4393 4907 4648 4946 4913 5070 5022 4810 4779 5089 4814 5141 5120 5260 5439 4896 4701 4894 4946 4737 4555 5095 5023 4952 4943 4818 5218 4767 4743 4695 4715 4880 5266 4549 4850 4869 5532 4914 4785 5127 5106 5203 5396 5140 4995 5475 4921 5217 5189 5002 5463 5412 5331 4762 5286 4874 4842 5163 5129 5003 5073 4560 5166 
5885 5693 5602 5498 5953 5905 5446 5853 5507 5473 5553 5726 5260 5931 5550 5448 5980 5388 6241 5657 5743 5329 5243 5609 5834 5283 5363 5419 5761 5529 5863 6127 5337 6012 5691 5562 5455 6232 5745 5034 5325 5832 5723 5505 5629 5781 5921 5899 5297 5442 5748 5439 5842 5577 5358 6055 5906 5702 5249 5914 5401 5529 5071 5888 5393 5293 5454 5373 5993 6055 5554 5824 5470 6122 5732 5563 5965 5667 5447 5270 5990 6009 5386 6378 5850 6079 5756 5692 5759 5595 5423 5518 5701 5653 5963 5910 5462 5908 5881 5594 5768 5913 5234 5557 5972 5256 5789 5555 5566 6053 5659 5200 5675 5722 5829 5558 5580 5405 5599 6097 6096 5658 5349 5499 5553 5619 5609 5323 5740 5422 5771 5604 5556 5851 5854 5543 5920 5913 5904 5889 6039 5818 5560 5813 6062 5164 5865 5940 5801 5604 5672 5663 5608 5997 5767 5379 5327 5327 5701 5672 5765 6054 5440 5329 5455 5724 5679 6027 5509 6074 6116 5561 5834 5693 5497 5604 5771 5426 5437 5656 5679 5391 5413 5705 6384 5573 5596 5451 5709 5880 5461 5752 5251 5114 5728 4981 5699 5576 5504 5771 5024 5201 5816 5414 5881 5688 5560 5840 5766 5593 5476 5678 5496 5410 5539 5927 5479 5865 5421 5663 5741 5759 5336 5399 5832 5953 5285 5748 5690 5914 5659 5469 5425 5779 5740 5870 5864 5716 6236 5931 5775 5579 5469 5830 5672 5759 5401 5862 5445 5305 5743 5527 5701 5744 5428 5592 
5888 5896 5656 5217 5903 5870 5561 5579 5541 5650 5685 5912 5505 5745 5664 5595 5689 5403 5954 5505 5901 5459 5244 5736 5863 5410 5343 5658 5802 5481 6084 6097 5471 5571 5638 5824 5751 6085 5715 5247 5580 5933 5504 5599 5558 5620 5859 5943 5180 5646 6005 5591 5908 5639 5269 5879 5641 5825 5513 5820 5554 5843 5351 5902 5821 5156 5437 5678 6273 5896 5408 5497 5655 5879 5772 5485 5979 5844 5684 5339 5662 5891 5522 6005 6055 6245 5703 5840 5981 5749 5583 5638 5882 5810 5594 5703 5574 6030 5671 5620 5610 5744 5393 5490 6049 5093 5912 5879 5672 6085 5735 5417 5458 5593 5677 5439 5598 5399 5350 6162 5931 5493 5456 5335 5804 5622 5764 5112 5720 5162 5947 5665 5593 5880 5756 5898 5597 5849 5967 5598 5766 5930 5702 5899 5961 5392 5806 6037 5958 5550 5902 5589 5789 6387 5673 5407 5219 5178 5666 5438 5973 5686 5465 5707 5702 5613 5880 6015 5427 5988 5893 5888 5785 5770 5471 6109 5730 5682 5930 5878 5713 5277 5502 5491 6437 5666 5536 5390 5857 5764 5669 5751 5198 4921 5463 5360 5503 5422 5882 5887 5205 5540 5856 5616 5647 5863 5556 5818 5557 5320 5215 5461 5562 5303 5689 5500 5819 5734 5359 5755 5438 5410 5194 5236 5439 5810 5335 5729 5524 6270 5282 5577 5379 6053 5587 6032 5837 5544 6074 5703 5754 5905 5789 5981 5622 5866 5449 5974 5643 5550 5622 5474 6016 5621 5315 5694 
4947 5053 5016 4870 5179 5403 4859 5026 4907 4954 5164 5201 4852 5367 5157 4823 4983 5023 5506 5120 5123 4968 4822 5181 5142 4682 4463 4909 5043 4774 5556 5589 4950 5264 5096 5004 5185 5421 5213 4839 4805 5533 5006 5256 5164 5121 5415 5584 4474 4638 5220 5045 5275 5184 4857 4986 5341 5058 4708 5277 4657 5089 4909 5309 5151 4734 4994 5078 5593 5284 5043 5194 5032 5328 5235 5036 5172 5146 4882 4977 5097 5347 4937 5381 5439 5332 5058 4995 5425 4739 4821 5204 5178 5215 5372 5211 4953 5437 5173 5086 5214 5253 4951 5108 5540 4832 5213 5246 5323 5595 5079 4813 5066 4927 5200 5108 5205 4733 4774 5453 5561 5041 4851 4787 4970 4985 5087 4675 5405 4838 5196 5153 4821 5090 5283 5295 5231 5530 5277 5227 5347 5090 5127 5071 5500 4576 4923 5410 5341 5116 5397 4991 5020 5797 4981 4922 4742 4904 5020 4782 5356 5155 4821 4883 5146 4986 5194 5215 5070 5413 5329 5223 5286 5246 5040 5399 5099 4913 5041 5214 5000 4917 4909 5058 5610 4863 4956 4735 5266 4950 4918 5009 4867 4675 4994 4685 4823 4808 5143 5155 4669 4870 4980 5188 4880 4916 5126 5328 5048 4851 5013 5067 5012 4887 5222 5153 5088 5077 4983 5321 4962 5099 4790 4805 5067 4943 4976 4976 5024 5434 4933 4863 5099 5278 5096 5175 5188 5058 5574 5243 5247 5241 4910 5235 5271 5133 4863 5505 5230 4882 5302 5002 5362 4863 4891 5136 
5403 5348 5132 5035 5510 5597 4869 5444 5331 5134 5061 5104 5052 5592 5345 5114 5387 4895 5586 5152 5392 5086 5001 5153 5255 5076 4977 4979 5375 5052 5608 5654 4901 5557 5060 5366 5266 5545 5218 4675 5246 5439 5395 5431 5149 5095 5608 5573 4985 5278 5433 5188 5268 5425 5032 5312 5287 5184 4828 5236 5141 5395 4946 5224 5130 4784 5139 5084 5494 5432 5121 5241 4989 5473 5398 4964 5446 5154 5225 5042 5439 5423 5017 5446 5453 5486 5184 5178 5595 4934 4982 5418 5277 5173 5337 5630 4990 5565 5365 5178 5460 5385 5178 5200 5807 5060 5348 5213 5067 5743 5444 5090 5133 5382 5368 5386 5188 5204 5132 5640 5614 5003 4924 4680 5470 5307 5540 4832 5402 4816 5317 5258 5008 5217 5386 5479 5272 5470 5403 5488 5505 5412 4974 5280 5319 5097 5623 5550 5341 5191 5604 5323 5341 5636 5261 4918 4964 5064 5445 5164 5771 5268 5182 4793 5104 5390 5132 5516 5205 5348 5561 5098 5473 5110 5493 5379 5408 5005 5232 5638 5347 4996 5263 5351 5921 5064 5641 5046 5469 5199 5203 5255 5134 4651 5283 4846 5147 5165 5235 5460 5033 4945 5454 5162 5358 5007 5310 5431 5025 4748 5288 5134 4980 4829 5430 5571 5101 5450 4954 5328 4993 5437 5026 4950 5175 5395 5142 5457 4810 5619 5122 4943 5203 5483 5514 5314 5400 5058 5726 4930 5512 5266 5294 5289 5624 5324 4864 5450 5529 4924 5497 5325 5598 5105 4875 5335 
5504 5615 4997 4824 5576 5504 4898 5260 5159 5212 5206 5276 5156 5599 5275 5232 5296 4813 5808 5165 5560 5206 4848 5166 5336 5005 5014 4929 5156 4935 5477 5629 4807 5351 5152 5221 5304 5670 5361 4651 5032 5481 5386 5192 5171 5456 5435 5584 4737 5207 5409 5166 5318 5055 5124 5685 5471 5620 4784 5455 5143 5534 4935 5309 5152 5165 5322 5446 5513 5627 5226 5196 5053 5486 5358 5274 5274 5275 5324 5075 5388 5414 5078 5368 5310 5843 5193 5319 5463 5245 5190 5395 5262 5186 5393 5424 5133 5767 5675 5196 5099 5347 5110 5305 5850 4788 5374 5150 5188 5393 5335 5094 5268 5381 5245 5048 5069 5193 4840 5764 5329 5145 4976 5028 5169 5110 5050 4750 5347 4931 5255 5176 4971 5146 5438 5505 5229 5878 5283 5236 5473 5252 5045 5202 5713 4912 5526 5523 5666 5073 5560 5506 5549 5968 5341 4912 4855 4824 5184 5377 5472 5509 5200 5158 5310 5205 5257 5285 5189 5516 5551 5255 5421 5440 5232 5196 5265 5009 5436 5424 5248 5086 5167 5117 5833 5111 5276 5244 5325 5335 5342 5353 5164 4712 5315 4614 5218 4939 4976 5393 4927 4932 5445 5069 5381 4955 5150 5685 5226 4923 5010 5180 4993 5134 5400 5489 5107 5507 4974 5278 4919 5298 4888 5140 4905 5479 4897 5329 5308 5529 5152 5102 5142 5384 5220 5538 5270 5341 5760 5149 5350 5323 5388 5282 5302 5330 5150 5267 5513 5164 5343 5420 5487 5392 4921 5128 
5570 5177 5027 4574 5333 5358 4784 5048 4878 4640 5025 4894 4874 5186 4958 4642 5086 4627 5495 4825 5050 4922 4947 5353 5131 4699 4948 5002 5316 4834 5305 5440 4785 5020 4977 5039 4945 5363 5118 4400 4935 5155 5049 5222 5142 4962 5069 5321 4710 4928 5036 5221 4991 5200 4669 5234 5068 5153 4895 4898 4782 5064 4728 5450 4948 4742 4764 4910 5517 5549 5010 4946 4799 5410 5034 5142 5147 4925 5181 4836 5257 5352 4858 5129 5003 5573 4858 4839 5396 4994 4756 5191 5053 5059 5235 4985 4804 5150 5258 4708 5202 5057 4918 5073 5326 4719 5268 5012 5183 5293 4958 4843 4994 5010 5401 5080 5249 4731 5163 5350 5260 4899 4855 4621 5093 5059 5407 4902 5113 4891 5053 5246 4938 5244 5188 5232 5405 5155 5281 5272 5421 5298 4967 5002 4953 4902 5326 5054 5236 4871 5160 5042 5231 5200 5230 4715 4645 4701 5063 4895 5381 5134 5142 4917 4820 5088 5097 5640 5015 5176 5213 4938 5102 5112 5039 5171 5218 5151 5373 5317 4789 4702 5116 4946 5563 5067 5090 4588 5080 4948 5222 5208 4849 4246 4937 4595 4790 4816 4954 5388 4685 4831 5089 4866 5158 4958 5086 5257 5038 4886 4931 4978 4935 4753 5165 5056 4984 4904 4861 4859 4936 5010 4573 4636 4998 5243 4819 5248 4978 5335 4931 4975 4898 5332 5321 5166 5058 4821 5467 4940 5116 5169 5175 5393 5010 4890 4768 4974 5138 4921 5171 5062 5261 5206 4617 5127 
6035 5875 5639 5284 6061 6217 5360 6319 5757 5503 5903 5923 5592 6198 5857 5608 5791 5424 6056 5724 5876 5718 5486 5790 5991 5753 5542 5675 5961 5616 6164 6401 5795 5995 5778 5987 5904 6222 6030 5458 5628 6274 5850 5686 5785 5718 6195 6135 5220 5795 6171 5531 5959 5868 5614 5825 6015 6078 5458 6066 5857 6016 5613 6189 5926 5504 5747 5768 6402 6029 5910 5822 5753 6317 5879 5756 6309 5707 5953 5619 6155 6134 5760 6543 6252 6407 5899 5891 6258 5800 5612 5921 5710 5762 6117 5985 5702 6097 6115 5987 6082 5790 5403 6051 6198 5442 5796 5902 5901 6282 6012 5511 6154 5878 5962 5578 5931 5640 5610 6280 6145 5988 5504 5565 5807 6177 6297 5661 6165 5229 6033 5873 5618 5869 5855 5973 5979 6209 6268 6009 6360 5884 5855 5647 6038 5394 6141 5887 6088 5446 5910 5552 6156 6098 5951 5254 5283 5569 6016 5685 6049 6128 5798 5654 5874 5803 5898 6153 5756 6063 6272 5805 6015 5988 5735 5975 6101 5550 6033 6096 5697 5695 5573 5940 6318 5871 5784 5875 6091 5931 5708 6077 5502 5390 5985 5516 5998 5667 5994 6025 5661 5426 5989 5822 5907 5710 5822 6259 5913 5794 5566 5928 5812 5588 5997 5848 5795 5960 5758 6139 5818 5759 5450 5510 5758 6014 5806 6021 5726 6359 5878 5640 5529 6038 6175 6021 5887 5910 6218 5815 5861 5833 5802 6083 5931 5790 5693 6177 5515 5745 6174 5954 5953 5644 5707 6028 
5420 5617 5270 5058 5717 5587 5112 5431 5332 5185 5263 5418 5028 5414 5395 5137 5319 5168 5808 5181 5463 5089 4894 5408 5502 5235 5048 5019 5367 5177 5688 5881 5267 5640 5433 5347 5195 5816 5340 4829 5136 5602 5346 5383 5196 5517 5615 5620 5218 5358 5599 5277 5535 5451 5310 5695 5508 5693 5026 5513 5001 5521 4892 5565 5547 5151 5174 5225 5736 5584 5631 5408 5214 5813 5572 5104 5559 5494 5580 5035 5443 5489 5159 5733 5579 5848 5455 5546 5387 5198 5122 5381 5506 5194 5516 5683 5078 5806 5635 5594 5474 5485 5305 5287 5761 5121 5320 5313 5305 5628 5333 5032 5370 5215 5374 5205 5180 5167 5409 5891 5688 5384 5225 4837 5326 5312 5608 4734 5447 5154 5590 5462 4959 5206 5419 5698 5314 5944 5591 5634 5795 5434 5271 5477 5623 4940 5625 5591 5735 5223 5466 5385 5801 5930 5534 5254 4989 4956 5530 5385 5583 5670 5191 5260 5312 5075 5278 5453 5472 5798 5625 5396 5461 5485 5343 5283 5536 4989 5479 5464 5369 5179 5154 5361 5914 4958 5401 5034 5265 5569 5245 5538 5122 4732 5411 4905 5311 5192 5275 5580 5033 5197 5620 5226 5574 5223 5159 5468 5260 5107 5114 5252 5236 5268 5604 5443 5298 5387 5009 5438 5257 5580 5049 4875 5504 5500 5248 5676 5247 5779 5209 5101 5087 5908 5407 5651 5479 5454 5883 5229 5419 5478 5256 5388 5623 5376 5063 5652 5399 5033 5807 5327 5688 5421 5083 5627 
5213 5131 4859 4600 5031 5333 4586 5242 4775 4676 5164 5032 4820 5092 4972 4883 5102 4552 5213 4617 4850 4936 4670 5148 5227 4997 4581 4780 5052 4954 5290 5212 4726 5072 4750 5031 4908 5332 5203 4557 4834 4869 4793 4997 4973 4740 5181 5272 4774 4742 4860 4724 5050 4754 4767 5298 5187 5090 4673 5271 4746 4982 4689 5200 4962 4580 4582 4833 5400 5365 4787 4920 4893 5224 4992 4750 5319 5019 4995 4585 5085 5150 4659 5415 5136 5499 4887 4714 5224 4809 4881 4942 5111 5061 5178 5045 4647 5369 5036 5148 4958 5196 4762 4821 5151 4750 5234 5127 4848 5433 5038 4581 4856 4959 5212 4779 5056 4622 4729 5464 5294 5186 4568 4604 4937 5055 5192 5008 4845 4754 4873 4798 4712 4861 5195 4947 4976 5211 5147 5277 5110 5309 4914 4997 5103 4678 5066 5227 5202 5146 5192 5038 5207 5158 4995 4589 4672 4787 5149 4787 4956 4904 4757 4855 5128 5032 5037 5254 4937 5074 5219 4796 4974 5375 4833 4879 5133 4989 5015 5058 5054 4518 4774 5215 5653 4681 5138 4980 4993 5040 4924 5027 4610 4288 5055 4746 5047 5032 5037 4833 4836 4485 5110 5047 4928 5046 4521 5131 5173 4719 4745 4509 5016 4565 5030 5109 4678 4871 4883 4984 4727 4891 4663 4645 4957 5061 4605 5066 4961 5305 4833 4977 4740 5184 5067 5289 5187 5132 5322 4829 4958 4967 4717 5023 5180 4996 5032 5071 4715 4908 4965 5050 5034 5152 4956 5007 
5385 5107 5017 4761 5400 5269 4632 4706 4660 4814 5163 4937 5064 4980 4942 4502 5090 4887 5433 5047 5096 5123 4781 5022 4888 5078 4727 4627 5362 4725 5606 5313 5010 5073 4922 5171 4833 5158 5302 4626 4805 5292 4917 5189 5085 5166 5066 5340 4828 5030 5215 4959 5312 5067 4653 5261 5204 5005 4830 4927 4655 4902 4922 5017 5043 4743 4807 4906 5268 5064 5063 4893 5141 5262 5027 4888 4909 4975 4855 4724 4989 4955 4916 5236 5214 5584 4789 4879 5332 4727 4797 4949 5121 5003 5063 5057 5021 5530 5306 4996 5145 5126 5011 5038 5404 4657 5139 5183 4872 5427 4902 4789 4962 5117 5217 5115 5319 4811 4926 5529 5059 4876 4804 4825 4899 5139 5208 4775 5300 4838 5386 4851 4898 5026 5166 5380 5108 5293 5365 5046 4906 5228 4909 5322 5186 4522 5166 5409 5088 4948 5447 4959 5045 5458 4829 4485 4816 4709 5171 4699 5194 4817 4539 4887 4838 4914 4922 5149 4891 5303 5243 4861 5125 5363 5140 5134 5049 4936 5121 5217 4920 4628 4887 5000 5505 5062 4949 4648 4894 5289 5130 5134 4860 4407 5032 4484 4784 4839 5060 5202 4506 4627 5217 5140 5161 5209 4845 5222 4814 4627 4641 5341 4855 4660 5031 5062 4954 5124 5026 5014 5060 4900 4860 4692 4978 4950 4620 5156 4746 5457 4713 4578 4899 5256 5080 4866 5228 5007 5399 4786 5172 5358 4712 5082 5045 4911 4723 5436 4997 4568 5171 5072 5178 5033 5027 5025 
5135 5161 5031 4852 5531 5335 4899 5103 5123 4751 5141 4944 4909 5484 4938 4919 5065 4826 5594 5259 5051 4899 5217 5205 5238 4726 4721 5071 5592 4689 5607 5641 4789 5244 5011 5175 5234 5559 5318 4530 5028 5508 4989 4987 5083 4954 5435 5519 4762 4845 5468 5083 5214 4999 4799 5448 5093 5080 4716 5371 4970 5273 5011 5215 5241 4724 4945 4757 5440 5398 5216 5297 5243 5426 5105 5321 5234 5253 4972 4951 5119 5055 4934 5461 5485 5656 5081 5412 5582 5176 5171 5145 5220 5052 5173 5149 4904 5513 5597 5183 5314 5099 5031 5209 5533 4789 5320 5143 5178 5741 5055 4747 5080 5122 5257 5399 5164 4895 5098 5579 5399 5112 4812 5005 5076 5388 5439 4813 4933 4776 5139 5188 4954 5004 5347 5366 5429 5587 5491 5275 5386 5322 5022 5508 5407 4582 5206 5476 5333 5205 5528 5162 5405 5537 5195 4692 4655 4848 5109 5113 5164 5153 4907 5054 5155 5316 5155 5404 5156 5450 5440 5124 5377 5353 5260 5338 5175 5145 4991 5264 5340 4982 5000 5166 5760 4924 5139 5190 4960 5073 5229 5144 4953 4546 5327 4562 5084 4723 5200 5241 4920 4790 5321 4971 5457 5010 5125 5414 5264 4717 5092 5053 5146 5004 5224 5199 5366 5229 4854 5330 4915 5230 4799 4819 4813 5159 5080 5196 5198 5609 5124 4767 4947 5517 5388 5223 5427 5235 5483 5042 5413 5356 5288 5222 5289 5163 4981 5426 5188 4746 5416 5321 5127 5067 4872 5208 
5336 5235 5149 4894 5447 5438 4987 5413 5114 4931 5469 5094 5015 5605 5199 4881 5498 4840 5540 5022 5189 5236 5037 5233 5292 5065 5246 5211 5684 4862 5900 5515 5172 5100 5366 4913 4815 5601 5196 4491 5073 5372 5390 5181 5408 5072 5620 5396 4708 5067 5257 5029 5034 5087 5012 5456 5444 5275 4739 5412 5196 5361 4992 5470 5145 4569 5033 5154 5501 5355 5130 5162 4949 5392 5236 4869 5340 5332 5008 4946 5307 5462 4890 5380 5179 5482 5082 5344 5312 5031 5007 5404 5275 5115 5053 5220 5104 5835 5420 5038 5253 5271 5075 5300 5561 4879 5282 5132 4971 5703 5287 4794 5213 5354 5146 5022 5007 4863 5173 5611 5740 5158 4894 5071 5063 5262 5280 5053 5167 5031 5309 5303 5082 5191 5244 5507 5405 5692 5477 5193 5433 5244 5104 5259 5535 4769 5300 5567 5065 5100 5074 5267 5110 5454 5379 4815 4869 4845 5141 5003 5459 5223 5124 5062 5216 5226 5400 5349 5157 5679 5468 5360 5409 5289 5255 5371 5269 5080 5338 5521 5389 4770 4913 5194 5841 5037 5013 5233 5060 5292 5079 5205 5024 4580 5265 4695 5106 5102 5425 5743 4955 4634 5463 5255 5526 5221 5076 5349 5084 4862 4659 5249 4959 4827 5255 5400 5213 5411 5027 5408 4869 5197 4838 4854 5131 5308 4731 5121 5296 5481 5078 5119 4993 5466 5295 5347 5347 5350 5484 5135 5103 5318 5033 5464 5105 5250 5141 5300 5173 4981 5140 4840 5230 5450 4651 5320 
5173 5110 5012 4671 5278 5278 4697 4947 4774 4614 4974 4971 4894 5311 4954 4826 5083 4702 5310 4829 4916 4690 4764 5174 5284 5105 4598 4734 5004 4835 5454 5231 4875 5094 4906 5051 4978 5399 5164 4540 4898 5016 4727 4882 4876 4836 5284 5293 4609 4825 5204 4941 5062 5110 4584 5175 5112 5075 4845 4974 4491 4738 4981 5134 5031 4578 4728 4703 5195 5466 4835 4973 4877 5409 4727 4728 5195 5110 5059 4820 5083 5220 4727 5180 4979 5381 5054 5012 5539 4923 4856 5033 5160 4999 5186 5255 4703 5429 5238 5109 5039 5108 4766 4989 5392 4500 5119 4999 4922 5306 4993 4796 4875 5225 5117 5029 4959 4803 4860 5463 5179 4844 4677 4777 5167 5164 5004 4898 4918 4614 4976 4861 4653 4851 5252 5315 4848 5127 5102 5280 5044 5392 4865 4944 5174 4528 4996 4900 5417 4841 5230 4804 4874 5227 5200 4734 4481 4430 5021 4745 5160 5059 4760 4855 4962 4871 5212 5212 4721 5207 5360 4959 5090 5043 4928 5000 5111 4917 5063 5321 4983 4685 4898 4929 5759 4754 4971 4655 5035 5264 5010 5031 4803 4623 4998 4483 4987 5069 5068 5012 4842 4725 4920 4891 4953 4805 4902 5072 4977 4714 4825 4865 5058 4554 5250 4932 4959 5099 4872 5339 5111 5042 4882 4473 5039 5063 4711 4864 5006 5305 4672 4937 4922 5170 4914 5470 5011 4950 5273 4844 5004 5272 5127 5218 5073 5055 4983 5394 5168 4740 5175 5044 5191 4831 4660 5115 
5009 5200 4905 4818 5138 5513 4924 5177 4977 4799 5168 5159 4927 5185 5079 4950 4948 4795 5696 5015 5202 5031 4792 5230 5406 4983 4893 4940 5357 4635 5330 5561 4840 5311 5178 5162 5005 5474 5025 4587 4941 5426 5037 5181 5102 5021 5622 5507 4962 4762 5327 4969 5188 5204 5051 5291 5091 5149 4888 5376 4804 5156 4625 5424 5160 4913 4866 4968 5405 5351 5058 4891 5114 5435 5401 5142 5603 5419 5210 4832 5308 5170 4910 5652 5292 5795 5187 4998 5191 5063 5132 5074 5093 4964 5236 4981 4754 5496 5430 5107 5338 5223 4959 5047 5716 4814 5380 5209 5196 5272 5273 4923 5168 5150 5328 5078 5275 4849 4863 5511 5624 5141 4868 4741 5168 4803 5468 4830 5077 4626 5220 5072 5036 5299 5192 5422 5291 5526 5379 5183 5465 5330 4927 5138 5347 4762 5042 5449 5256 5136 5389 5227 5438 5437 5150 4988 4777 4558 5240 5184 5438 5159 5242 4999 5027 4932 5151 5274 5030 5246 5438 4972 5111 5232 5118 5377 5167 4848 5117 5106 5041 5002 4784 5055 5477 5001 4918 5013 5165 5169 5351 5230 5000 4497 4786 4833 5271 4951 5294 5197 4754 4685 5220 4935 5183 5043 4837 5333 5349 4937 5078 5065 5172 4886 5182 5125 5137 5080 4821 5183 4887 5197 4715 4879 5070 5411 4941 5334 5085 5723 5195 5033 4888 5504 5382 5347 5162 5048 5535 4988 5556 5410 5508 5215 5094 5364 4811 5353 4998 4869 5446 5404 5212 4972 4820 5266 
5203 5284 5119 4960 5603 5631 4965 5268 5115 4991 5337 5157 5007 5418 5472 5016 5248 4821 5730 5322 5286 5035 4809 5125 5308 4925 4822 4980 5393 4978 5660 5547 5073 5282 5187 5456 5209 5533 5360 4975 4995 5463 4994 5069 5258 4906 5313 5460 4817 5128 5566 4946 5211 5070 4955 5400 5316 5574 4826 5524 4934 5317 5211 5306 5278 5259 5220 4930 5359 5490 5161 5390 5066 5545 5409 5026 5556 5375 5100 4755 5168 5327 5015 5547 5327 5711 5056 5131 5565 5105 5250 5372 5197 5209 5333 5210 5100 5462 5451 5174 5364 5353 4968 5548 5683 4960 5144 5080 5106 5546 5000 4973 5246 5107 5154 5103 5257 4892 5204 5565 5392 5231 5000 4743 5262 5323 5407 4893 5291 4819 5213 5198 5014 5109 5162 5213 5357 5628 5387 5263 5670 5290 5150 5423 5592 4850 5426 5238 5371 4755 5555 5093 5360 5468 5170 4654 4868 4902 5455 5031 5372 5214 5220 4860 5321 5204 5235 5447 5237 5315 5584 5074 5474 5395 5215 5337 5119 4936 5018 5332 5213 4805 5047 5206 5729 5146 5148 5109 5039 5317 5319 5400 4871 4481 5438 4746 5324 5066 5095 5202 4653 4619 5214 5007 5594 5239 5059 5261 5155 5048 5003 5510 4931 4996 5523 5113 5133 5477 5082 5265 5205 5113 4897 5027 5018 5198 5023 5375 5037 5447 4935 5006 5038 5354 5573 5540 5343 5062 5496 5119 5272 5262 5168 5515 5211 5111 4856 5586 5085 5060 5534 5270 5238 5246 5068 5346 
5512 5527 4939 4886 5475 5809 4996 5325 5046 4897 5406 4975 5033 5504 5228 4778 5375 4887 5396 5163 5213 5026 4954 5370 5369 5131 5209 4731 5318 4973 5411 5617 4927 5310 4840 5200 5128 5674 5382 4691 4857 5575 5139 5074 5155 5233 5429 5308 4984 5034 5264 4993 5376 5175 4884 5381 5140 5200 5013 5240 5394 5013 4679 5304 5057 4908 4886 5163 5282 5394 5142 5011 4879 5519 5099 5001 5448 5056 5147 4851 5427 5640 4754 5432 5308 5663 5090 5347 5429 4926 5219 5151 5009 5218 5380 5256 5183 5526 5354 5072 5196 5258 4797 5130 5685 4738 5342 5109 5136 5605 5202 4886 5008 5424 5531 4996 5227 5168 5193 5482 5645 5167 4955 5053 5206 5396 5499 4689 5260 4567 5354 5372 5202 5141 5136 5335 5293 5756 5284 5496 5492 5643 5032 5412 5669 4794 5408 5377 5187 4906 5337 5319 5135 5280 5469 4910 4554 5083 5287 5106 5548 5241 5163 4821 5280 5240 5095 5446 4942 5468 5400 5200 5092 5101 5425 5426 5563 5069 5012 5364 5185 4836 4937 5218 5809 5433 5120 4990 5193 5253 4958 5399 5197 4415 5276 4765 5258 5091 5091 5473 4876 4759 5415 4897 5245 5022 5310 5282 5198 4981 5031 5557 5026 4772 5139 5297 5170 5375 5044 4930 5057 5139 4648 4850 5179 5237 4823 5266 4996 5610 5016 5269 4869 5384 5270 5395 5183 5182 5637 5072 5314 5290 5174 5498 5548 5197 4785 5357 5176 5248 5254 5306 5384 5386 4970 5372 
5230 5306 5122 4850 5263 5433 4861 4864 4976 5060 5142 4974 4682 5310 5087 4820 5109 4742 5522 4626 4925 5011 4891 5115 4998 4408 4818 4878 5323 4893 5458 5277 4815 5007 5040 5171 5025 5322 5100 4549 4871 5076 4952 5127 4928 4781 5053 5323 4831 4753 5146 4928 5029 5137 4586 5105 5095 4919 4869 4958 4753 5076 4816 5118 4985 4666 4775 4948 5484 5295 4914 5144 4893 5322 5066 5007 5062 5208 5209 4821 5079 5157 4685 5099 5220 5634 4996 4955 5433 4953 4988 5066 5243 5137 4894 5123 4695 5566 5522 4882 4915 5153 4664 5073 5349 4590 5334 4702 4965 5032 4993 5036 4849 4829 4984 5185 5247 4770 4878 5245 5431 5010 4924 4787 4989 4879 5219 4804 5130 4911 4974 5169 4901 5074 5167 5231 5209 5508 5216 5072 5350 5019 4806 5401 5267 4467 5304 5123 5145 4904 5355 5165 5033 5255 4995 4745 4762 4717 5023 4838 5294 4982 5066 4817 4840 5019 4988 5301 5037 5246 5296 5056 5283 5115 4941 5006 5127 4827 5251 5294 4896 4449 4959 4999 5525 4857 4986 4821 5047 5231 5194 5253 4940 4283 5015 4607 4849 4952 5097 5204 4731 4917 5042 4973 5007 5143 4975 5217 4888 4823 4925 4884 4655 4965 5023 5117 5158 4725 4896 5177 4905 4997 4821 4919 4867 5077 4622 4909 4726 5369 4919 4856 4663 5156 5181 5297 5093 4937 5453 5038 5296 5041 5080 5207 4856 5155 4813 5160 5060 4584 5040 5135 5074 5022 4831 4986 
5157 5114 4813 4527 5270 5325 4884 5286 4871 4676 5315 5135 4711 5322 5145 4667 4925 4760 5449 4691 4752 4797 4764 5162 5096 4660 4643 4639 5222 4545 5349 5400 4793 4926 4806 4901 4828 5396 5017 4343 4922 5124 4769 4984 5156 4906 5388 5385 4812 4872 5199 5063 5226 5154 4667 5300 5159 4967 4724 5060 4631 4966 4419 5155 5063 4804 4711 4855 4927 4990 4812 4870 4809 4982 5106 4868 5147 5117 4705 4903 4997 5251 4852 5038 5132 5530 5174 4807 5138 4847 4771 5169 4971 4780 5013 5308 4910 5705 5033 4938 4878 4876 4587 4884 5418 4729 4993 5281 4815 5386 5023 4738 4786 4831 4935 4896 4991 4720 4919 5374 5343 5040 4563 4875 4948 4850 5053 4739 4719 4624 4964 5207 4700 5011 4962 5006 5210 5348 5097 5101 5172 5160 4682 5094 5518 4500 5073 5001 5040 5071 5211 5059 5102 5197 5012 4675 4505 4561 5088 4914 5306 5093 5006 4713 4940 5270 4989 5141 4822 5161 5038 4953 4832 5026 5135 5116 4934 4733 4846 5240 4904 4681 4623 4861 5263 5111 4956 4819 4985 5063 5094 4711 4577 4451 5224 4585 5001 4765 5218 4862 4485 4430 5238 4987 5028 4968 4731 5405 5000 4615 4751 5007 4984 4790 5025 5076 4770 4943 4874 4987 4547 5059 4679 4870 4870 5245 4974 5113 4953 5167 4983 5007 4538 5102 4976 5203 5005 4872 5431 4814 5226 4895 4862 5212 5139 5066 4911 5392 5125 4557 5075 4868 5020 4850 4814 5236 
5053 4785 4708 4557 5349 5238 4761 5122 4949 4637 5201 4892 4561 5057 4898 4731 5132 4648 5279 4743 4862 4571 4861 4899 5017 4569 4721 4558 5251 4523 5324 5287 4757 4730 4877 4934 4872 5350 5456 4132 4735 5219 4861 4879 4858 4923 5165 5391 4884 4932 4947 4858 5114 5014 4497 5205 5043 5082 4762 5098 4628 4803 4799 5224 4913 4460 4715 4665 5318 5128 4750 4811 4806 5248 4940 4811 4905 5116 4988 4437 4965 5133 4801 5314 4966 5448 4722 5081 5005 4766 4845 4848 5082 4547 4788 4967 5042 5420 5311 4728 5000 4966 4636 4850 5135 4482 4929 4971 4825 5115 5191 4414 4863 4867 4956 4921 5048 4686 4593 5314 4936 5002 4565 4846 4584 4802 5058 4712 4900 4616 5119 5055 4751 4950 5015 5362 5019 5175 5353 4870 5337 4967 4784 4854 5343 4716 4942 5066 4884 4790 4958 4877 5065 5252 4870 4467 4234 4886 5104 5003 5094 4924 4762 4766 4861 4959 5096 5308 4622 5126 4937 5008 4875 4981 5017 4997 4615 4716 5058 5148 4883 4765 4776 5081 5340 5137 4819 4992 4679 4909 4988 4942 4511 4245 4888 4179 4978 4868 4848 4863 4563 4597 5074 4692 5152 4922 4650 5015 4906 4530 4641 4915 4966 4841 5035 5118 4792 5167 5121 5002 4794 4885 4547 4608 5067 4816 4410 5102 4984 5178 4629 4595 4618 4997 4923 4884 5026 4730 5204 4816 4988 5109 4814 5013 4869 4809 4655 5276 5028 4737 5113 5167 5065 4951 4965 4872 
5356 4939 5075 4715 5426 5344 4719 5119 4899 4846 5144 5133 5112 5118 4994 4590 5292 4955 5540 4976 4973 5029 4609 4897 5289 4890 5019 4773 5210 4839 5502 5452 4624 5071 4938 5185 4898 5559 5276 4854 4976 5038 5021 5025 4989 5131 5115 5360 4634 4903 5339 4768 5146 5068 4834 5476 5352 5204 4965 5012 4666 5145 5071 5399 5093 4784 4824 5179 5405 5521 5062 4963 5127 5321 5238 4838 5097 5295 5242 4862 5164 5237 4892 5213 5297 5424 5213 4953 5375 5092 4690 5262 5150 4994 5517 5099 4968 5563 5295 5193 5150 5328 4615 5238 5319 4901 5214 5198 5186 5420 4863 4785 4908 5095 5094 5079 5106 4565 4928 5311 5404 4794 4809 4662 5057 5049 5423 4855 5140 4684 5176 5008 4883 5142 5215 5271 5104 5345 5364 5063 5285 5345 5050 5431 5535 4749 5099 5203 5150 5020 5253 4883 5045 5538 5408 4784 4608 4611 4942 4865 5417 5243 4861 4781 4944 5209 5102 5318 4677 5484 5234 5259 5268 5265 4979 4973 5378 5068 5381 5459 4890 4833 4846 4906 5596 5077 5338 4795 5104 5004 5099 5135 4931 4254 5130 4543 4961 4772 5063 5131 4765 4869 5180 4910 5251 4757 4967 5411 5376 4975 4853 5178 5045 4690 5162 5200 5116 5210 4992 5180 4852 5020 4839 4830 4911 4959 4765 4992 5332 5583 4749 5088 4924 5440 4876 5035 5020 5136 5568 4722 5245 5279 4997 5348 5109 5077 4872 5103 4995 4936 5378 5123 5285 5241 4989 5026 
4869 4725 4460 4374 4908 5084 4414 4875 4734 4474 4905 4706 4411 4677 4828 4527 4956 4647 4945 4873 4568 4627 4698 4474 4884 4535 4585 4327 5232 4567 5022 4998 4548 4828 4797 4698 4470 5128 4597 4355 4847 5096 4588 4857 4911 4808 4836 5216 4454 4692 4817 4831 4957 4799 4548 4932 4966 5003 4700 4729 4442 4678 4391 4990 4724 4474 4316 4697 5110 4966 4771 4905 5030 5064 4970 4424 4919 4817 4862 4762 4767 4854 4628 4921 4880 5118 4540 4778 4966 4616 4514 4895 4973 4474 4757 5011 4474 5226 4967 4677 4782 4789 4281 4613 5093 4426 4843 4809 4966 4807 4959 4355 4824 4656 4796 4542 4749 4475 4661 4840 4994 4601 4374 4463 4556 4919 5237 4645 4791 4373 4730 4452 4612 4839 4789 5032 4711 5100 5106 4812 5022 4845 4800 4697 4872 4448 4976 4953 5031 4664 4989 4845 5041 5009 4904 4326 4188 4519 4806 4724 5048 4724 4673 4644 4723 4727 5000 4856 4507 4689 5281 4832 4768 4732 4553 4794 4708 4725 4763 4918 4822 4267 4693 4597 5178 4741 4889 4639 4782 4775 4850 4640 4451 4259 4724 4079 4780 4520 4698 4941 4221 4636 4748 4547 4912 4727 4561 5054 4870 4546 4498 4780 4556 4525 5112 4909 4708 4864 4659 4940 4603 4870 4523 4461 4623 4670 4447 5020 4875 4965 4742 4733 4600 4979 4742 4720 4905 4645 5049 4536 4740 5113 4607 4791 4954 4826 4618 5029 4510 4564 4993 4635 4776 4422 4614 4774 
5465 5289 5252 5094 5289 5738 5017 5362 5097 5073 5323 5186 5035 5340 5583 4819 5159 4861 5673 4906 5319 5195 4801 5403 5198 4959 4900 4970 5239 5226 5759 5431 5024 5520 5282 5284 5275 5518 5286 4492 5349 5545 5168 5186 5372 5435 5841 5508 4787 5082 5339 5138 5363 5414 4890 5388 5677 5242 4997 5506 5053 5201 4906 5355 5235 4969 5399 4886 5698 5514 5318 5320 5279 5337 5235 5264 5522 5333 5351 5130 5324 5436 5322 5517 5521 5735 5476 5384 5659 5238 5267 5378 5435 5172 5341 5589 5107 5757 5815 5124 5383 5586 5107 5420 5756 5014 5484 5428 5181 5435 5384 5110 5008 5277 5295 5299 5321 5124 5141 5633 5599 5192 5045 4776 5073 5431 5434 5172 5312 4736 5151 5415 4979 5280 5370 5561 5474 5469 5575 5309 5431 5380 5064 5639 5441 4833 5458 5492 5480 5277 5535 5171 5643 5692 5526 4874 5069 5081 5299 4961 5481 5341 5208 5151 5396 5425 5191 5447 5376 5384 5455 5425 5292 5460 5286 5171 5223 5252 5330 5540 5141 4958 5091 5197 5768 5025 5472 4986 5315 5359 5117 5025 5152 4803 5210 4596 5359 5171 5461 5247 4741 4958 5251 5190 5298 5301 5312 5694 5027 5051 5042 5209 5074 4809 5361 5532 5029 5286 5426 5300 5314 5238 5113 5202 5091 5445 4953 5101 5186 5575 5226 5068 5210 5379 5265 5552 5354 4963 5744 5287 5407 5431 5113 5536 5407 5175 5220 5370 5329 5007 5697 5222 5323 5496 5068 5388 
5081 5012 4870 4689 5233 5216 4608 4951 4793 4744 5068 4937 4796 5130 4886 4569 4990 4448 5302 4837 5003 4758 4834 4661 5216 4530 4704 4734 5168 4759 5345 5423 4779 4981 4829 5061 4876 5284 5218 4671 4954 5098 4943 5311 5007 4562 4980 5281 4593 4918 5193 4750 4933 4915 4741 4964 4904 5096 4700 4998 4795 4843 4712 5026 5065 4493 4822 4526 5311 5009 4874 5125 4982 5230 4930 4973 4987 4823 5195 4598 5069 5137 4896 5068 5374 5205 4993 5303 4983 4891 4869 5123 4840 4658 4985 4945 4604 5150 5386 5115 5215 4898 4800 5299 5328 4606 5241 5012 4864 4981 5178 4733 4997 5013 5113 4739 5062 4606 4714 5500 5030 4811 4632 4458 4833 5165 5437 4803 4793 4766 4856 4806 4634 5109 5106 5308 5103 5220 5073 5007 5221 5076 4957 4828 5251 4608 5177 5082 5083 4576 5178 4899 5122 5247 5178 4527 4559 4750 5121 4933 5123 5236 4714 5049 4660 4823 5086 5010 4886 5159 5189 5008 4981 5018 5004 4928 4866 4782 5122 4765 4965 4711 4718 4915 5695 4798 4874 4699 5108 4879 4671 5222 4836 4388 4526 4405 5034 4961 4914 5125 4707 4669 4942 4840 4749 4632 5084 5280 4899 4696 4651 4693 4997 4636 4809 4941 4832 5101 4901 5267 4885 5002 4672 4645 5150 5032 4518 5025 4938 5327 4713 4687 4731 5046 4964 5094 4807 5068 5387 4810 4980 4900 4914 5131 5041 4847 4709 4926 4816 4746 5150 5094 5132 4886 4830 5011 
5367 5456 5042 5012 5528 5360 5009 5443 5275 5180 5248 5581 5331 5499 5348 5258 5619 4776 5836 4955 5687 5218 5278 5444 5524 5194 4749 5290 5513 4923 5899 5580 5062 5355 5342 5584 5471 5629 5309 4905 5295 5599 5320 5438 5303 5455 5573 5884 5421 5394 5664 5127 5714 5676 4870 5563 5586 5417 5000 5450 5015 5257 5109 5490 5131 5091 5255 4966 5675 5644 5394 5209 5194 5603 5299 5055 5625 5595 5157 4832 5447 5358 5255 5725 5506 6007 5308 5394 5752 5372 5107 5406 5153 5272 5365 5512 5049 6058 5336 5448 5321 5678 5137 5531 5768 5095 5578 5698 5236 5580 5329 5111 5213 5365 5508 5465 5332 5298 5392 5851 5703 5292 5046 5143 5167 5367 5668 5141 5213 5324 5451 5379 5285 5449 5323 5565 5541 5808 5682 5562 5632 5318 5090 5420 5662 5262 5398 5500 5401 5361 5591 5351 5673 5425 5338 5014 4837 5233 5544 5458 5464 5379 5288 5262 5550 5328 5396 5638 5295 5546 5719 5420 5449 5585 5471 5564 5430 5132 5393 5533 5277 5033 4959 5469 5946 5541 5199 5235 5397 5489 5513 5440 5143 4745 5485 5092 5293 4956 5518 5434 5075 4899 5687 5305 5393 5271 5300 5747 5519 5124 5064 5183 5311 4958 5410 5177 4976 5554 5343 5243 5263 5589 5066 5189 5082 5524 5289 5388 5250 5585 5483 5250 5463 5442 5046 5698 5609 5157 5679 5189 5568 5510 5318 5278 5522 5485 5149 5509 5374 5125 5757 5498 5349 5232 5044 5673 
5494 5312 5139 5011 5631 5788 5070 5378 5243 5353 5331 5162 5077 5545 5198 5147 5421 5180 5705 5157 5493 5040 5212 5313 5305 4981 4996 5110 5500 5004 5658 5801 5152 5542 5097 5387 5291 5892 5696 4704 4958 5392 5293 5168 5284 5379 5503 5607 4816 5256 5506 5238 5190 5371 4786 5416 5355 5470 4955 5679 5118 5398 5077 5393 5363 5157 5179 5287 5539 5524 5427 5389 4976 5805 5294 5252 5556 5362 5457 4871 5411 5370 5348 5681 5473 5865 5209 5538 5483 5169 5169 5391 5159 5107 5683 5405 5064 5506 5676 5415 5222 5559 4988 5474 5725 5115 5264 5326 5348 5420 5353 5197 5556 5359 5466 5343 5426 5088 5214 5870 5580 5310 4888 4821 5435 5407 5406 5063 5373 4906 5441 5334 5135 5418 5340 5519 5526 6053 5542 5570 5704 5278 5119 5312 5545 4900 5463 5349 5467 5190 5326 5486 5365 5845 5560 4939 4807 4983 5332 5356 5372 5577 5240 5186 5409 5131 5513 5506 5330 5316 5678 5491 5564 5371 5257 5528 5571 5303 5643 5328 5281 5040 5030 5330 5765 5128 5186 5171 5217 5429 5306 5672 4884 4654 5387 4919 5054 4895 5339 5445 4917 4872 5478 5012 5564 5317 5140 5666 5354 4979 5210 5005 5184 5264 5294 5464 5524 5360 5135 5541 5289 5441 4578 4863 5168 5354 5176 5317 5295 5910 5129 5074 5014 5624 5478 5780 5612 5222 5717 5218 5459 5306 5293 5655 5411 5391 4979 5709 5163 4977 5451 5526 5347 5354 5040 5298 
5402 5124 4929 5174 5333 5487 4981 5211 5116 4925 5416 5150 5167 5177 5193 4959 5334 4619 5511 5043 5278 5229 4850 5186 5366 4809 4759 4886 5418 5083 5735 5732 4965 5246 5190 5430 5175 5682 5466 4701 4923 5506 5113 5394 5250 4928 5438 5462 4901 5110 5350 5216 5174 5079 4959 5445 5247 5336 4918 5392 4997 5356 4952 5220 4875 4814 4894 5098 5554 5372 5507 5349 5256 5483 5318 5268 5242 5008 5352 4917 5491 5325 5073 5329 5585 5584 5173 5488 5502 5005 4718 5306 5388 4860 5301 5144 5011 5399 5514 4990 5232 5424 5078 5120 5729 4792 5391 5130 4987 5239 5365 4748 5188 5078 5123 5246 5070 4948 5456 5539 5394 5106 4982 4760 5021 5054 5295 5087 5340 4710 5334 5260 5088 5128 5366 5293 5390 5570 5478 5277 5352 5515 4922 5240 5378 4768 5259 5450 5226 4823 5292 5286 5362 5580 5241 4786 4795 4781 5274 5107 5445 5322 4864 4868 5209 5443 5341 5489 5094 5457 5315 5123 5318 5145 5004 5226 5124 5029 5197 5394 5145 4822 5067 5326 5595 5375 5190 5184 5302 5177 5297 5455 4947 4351 5277 4641 5133 5136 5294 5221 4763 4714 5583 5156 5208 5390 5183 5362 5026 4788 5023 5093 5058 4892 5239 5428 5214 5290 5313 5420 5014 5301 4898 4967 5113 5428 4914 5219 5077 5436 5004 5058 5177 5253 5252 5396 5292 5237 5811 5030 5420 5255 4879 5230 5144 5271 5084 5278 5290 5109 5422 5422 5375 5168 5109 5232 
5472 5124 5256 4842 5583 5444 4849 5154 5085 4952 5324 5046 4964 5375 5092 4848 4941 4799 5596 5190 5355 5006 4743 5421 5162 4883 4839 5044 5240 4702 5674 5388 4792 5271 5242 5314 5184 5514 5363 4474 4873 5244 4866 5106 5288 5151 5607 5493 5119 5082 5340 5287 5327 5283 5009 5300 5271 5156 4739 5216 4882 5334 4739 5423 5172 4741 5045 4815 5456 5405 5128 4828 4978 5417 5138 5065 5207 5424 5233 4877 5418 5072 4925 5616 5240 5811 5210 5366 5451 5040 5121 5183 4930 5074 5193 5220 5057 5439 5210 5124 5401 5168 4993 5147 5506 4871 5404 5004 4995 5496 5212 4933 5135 5122 5220 5201 5374 4847 5169 5685 5463 4996 4961 4972 5175 5327 5434 4798 5251 4778 5275 5258 5070 5133 5458 5349 5374 5456 5510 5072 5483 5663 5001 5262 5588 4812 5472 5549 4994 5072 5135 5192 5502 5532 5187 4998 4754 4765 5108 5074 5410 5248 4829 5073 5100 4860 5135 5172 4973 5313 5221 5300 5123 5142 5144 5255 5438 5048 5381 5526 5305 4997 4970 5219 5708 5319 5282 4986 5119 5393 5227 5244 5390 4345 5241 4703 5060 5115 5132 5472 4919 4629 5262 4935 5270 4987 5218 5382 4897 4944 4789 5165 5165 4795 5385 5223 5174 5255 4832 5451 4815 5364 4989 4592 5328 5345 4866 5145 5083 5558 5289 4944 5253 5689 5375 5250 5250 5010 5640 5227 5564 5160 5023 5261 5345 5248 4836 5398 5233 5135 5406 5170 5353 5244 4962 5259 
5024 5018 4904 4708 5185 5151 4924 5215 5014 4721 5034 4860 4662 5290 4964 4956 5434 4681 5198 4765 5083 4654 4679 4735 5103 4606 4600 4731 5284 4762 5318 5321 4692 5006 4929 5057 4999 5134 5224 4315 4683 4977 4925 4921 4920 4939 5136 5283 4635 4985 5131 4807 5035 5039 4740 5157 5082 5071 4703 4915 4810 4912 4758 5135 5010 4651 4862 4863 5069 5178 4777 4862 4810 5248 4881 5043 5072 4927 4972 4524 5074 5235 4702 5081 4961 5441 5009 5150 5310 4606 4956 4993 5027 4864 4930 4945 4921 5476 5389 4846 4988 5222 4877 4960 5289 4620 5025 5045 5106 5365 5038 4595 4858 4999 5193 4762 4864 4915 4674 5516 5226 4722 4651 4893 4842 4945 5039 4722 4898 4389 5299 4872 4708 4988 5030 5235 5170 5435 5173 4956 5263 5209 4810 5385 5135 4729 5132 5133 5024 4671 4815 4700 4995 5264 5178 4684 4507 4645 5044 4736 5232 5162 4803 4821 4916 5075 5164 5239 4985 5517 5189 5022 5326 4653 5153 5226 5161 4943 5018 5318 5158 4734 4806 5074 5533 4724 4987 4754 4903 4853 4884 5039 4889 4312 5182 4605 4888 4831 4802 5013 4643 4222 4948 4611 4933 5121 4833 5072 4784 4827 4774 4998 4847 4794 4898 5168 4931 4929 4711 4863 4537 4912 4716 4711 4877 5160 4712 4955 4958 5385 4796 4803 4711 5354 5056 5086 5240 5036 5329 5000 5167 5025 4943 5101 4921 4991 4757 5438 4952 4977 5120 5143 5267 4997 4791 5362 
5712 5267 5347 5046 5599 5890 5060 5095 4994 5067 5530 5427 5331 5547 5501 5082 5290 5006 5812 5043 5568 5230 5036 5576 5474 5237 5031 5285 5509 5197 5788 5859 5195 5650 5351 5475 5306 5846 5587 4708 5086 5830 5424 5428 5308 5269 5562 5525 5049 5169 5565 5285 5442 5571 5082 5663 5563 5259 5166 5295 5231 5321 5074 5411 5318 5135 5207 5000 5535 5597 5299 5266 5373 5627 5502 5301 5494 5577 5529 5143 5593 5805 5070 5721 5513 6050 5331 5488 5651 5371 5184 5521 5620 5432 5370 5433 5411 5692 5499 5158 5486 5595 5196 5528 5918 5135 5632 5556 5297 5645 5386 5086 5318 5326 5760 5303 5560 5088 5588 5897 5784 5330 4785 5132 5223 5406 5427 5130 5226 4946 5448 5162 5292 5347 5609 5509 5412 5804 5606 5286 5434 5474 5339 5422 5683 5017 5875 5751 5519 5477 5553 5457 5587 5681 5571 4992 5149 4996 5301 5111 5397 5373 5361 5343 5498 5513 5484 5681 5367 5499 5602 5495 5579 5478 5388 5416 5366 5204 5506 5755 5410 5009 5006 5331 6077 5315 5369 5427 5319 5419 5558 5648 5164 4626 5476 4951 5479 5319 5430 5450 5041 4897 5546 5646 5236 5291 5440 5580 5137 5151 5285 5332 5012 5139 5545 5209 5380 5566 5376 5392 5041 5226 4913 5088 5365 5490 5111 5302 5182 5863 5159 5012 5112 5778 5211 5505 5363 5626 5696 5369 5726 5543 5227 5403 5604 5334 5443 5533 5344 5283 5417 5300 5326 5530 5293 5497 
5620 5302 5086 4972 5545 5389 5064 5372 4897 4870 5261 5204 4796 5310 5257 4949 5355 4658 5479 4788 5253 5181 4981 5151 5345 4790 4930 4987 5297 5074 5581 5549 4959 4929 5195 5090 5303 5419 4948 4664 5037 5265 4876 5006 5182 5005 5284 5222 4616 5124 5309 4798 5373 5076 4914 5445 5084 5343 4847 5398 4965 5155 4972 5213 5006 4859 4866 4813 5313 5345 5015 5103 4792 5214 5448 5091 5356 4982 5198 4753 5257 5467 4818 5339 5347 5784 5267 5228 5268 4856 4854 5154 5151 4928 5056 4987 4876 5592 5322 5076 5010 5249 4859 5082 5751 4832 5374 5097 5047 5106 5246 4963 4968 5073 5239 5087 5048 4809 5212 5483 5578 4996 4784 4601 4935 4895 5417 5041 5139 4636 4971 5033 4943 5433 5077 5489 5439 5367 5205 5023 5605 5164 5116 5356 5403 4816 5145 5382 5259 5069 5296 5210 5150 5391 5188 4961 5072 4731 4889 5056 5454 4872 5136 4967 4997 5321 5170 5411 5079 5235 5589 5141 5308 4990 4965 5076 5382 5133 5095 5356 5010 4691 4970 4931 5619 5240 5071 4872 5233 5261 4929 5244 4797 4504 5093 4727 4973 5004 5305 5339 4876 4645 5113 4911 5149 5062 5066 5218 5185 4832 5056 4757 4918 5029 5151 5343 5087 5173 5007 5319 5172 5082 4850 5106 5011 5268 5088 5065 5000 5812 4866 5089 4967 5277 5135 5479 5214 5110 5677 5247 5191 5381 4950 5140 5204 5272 5000 5355 5065 5189 5499 5037 5124 5154 4837 5316 
5500 5131 4842 4867 5443 5349 5005 5018 4977 5014 5157 4999 4759 5196 5177 4832 5321 4716 5635 4747 5102 4839 4696 5132 5189 4902 4779 4936 5378 5002 5572 5277 5044 4984 4727 5411 5134 5657 4926 4608 5004 5090 5244 5161 5161 5065 5360 5534 4791 5171 5376 5084 5223 5133 4827 5302 5306 5088 4770 5435 4974 5027 4937 5138 5001 4885 4750 4980 5239 5445 5143 5175 5019 5355 5225 4783 5374 5144 5147 4814 4963 5244 4855 5350 5146 5616 5314 5099 5262 4956 4964 5119 5281 5018 5117 5338 4624 5471 5243 5038 5427 5482 4951 5143 5520 4727 5042 5026 4857 5389 5320 5036 5046 5141 5083 4972 5260 4768 4832 5703 5434 5150 4913 4694 5068 5119 5120 4776 5045 4702 5100 5176 4865 5289 5186 5042 5114 5383 5553 5170 5345 5234 4814 5470 5444 4745 5379 5393 5311 5196 5288 5054 5100 5395 5234 4789 4655 4891 4970 4993 5203 5104 5151 4897 4928 5129 4874 5307 4994 5235 5503 5351 5216 5202 5299 5355 5229 4837 5175 5154 5361 4796 4892 4846 5529 4994 5124 4875 5205 5397 5051 4950 4795 4521 4936 4748 5019 5006 5146 5273 4723 4947 5053 5050 5151 5216 5083 5192 5142 4874 4991 5074 4805 5005 5270 5169 5140 5039 4607 5158 5097 5176 4545 4857 4913 5263 4938 5322 5016 5607 4819 4970 4985 5208 5305 5495 5250 5010 5484 5015 5053 5161 5131 4939 5184 5014 4744 5244 5066 4783 5403 5006 5332 5088 4694 5330 
5032 5064 4833 4576 5485 5170 4648 5091 4925 4942 5220 5028 4797 5305 4964 4945 5380 4871 5406 5047 5148 4900 4992 5108 5260 4655 4613 4965 5294 4804 5395 5291 5006 5168 5037 5141 4991 5205 5113 4707 4953 5342 5154 5283 5080 5180 5417 5376 4619 4974 5406 4927 5500 5227 4875 5307 5309 5139 4911 5186 4681 5157 5007 5291 5142 4855 4971 4980 5307 5512 5050 4942 4947 5466 5208 5083 5308 5115 5102 4818 5121 5209 4834 5512 5117 5448 4940 5388 5419 4842 5006 5116 5167 5092 5192 5220 4959 5407 5201 5182 4980 4934 4856 5274 5429 4744 5432 5102 5034 5420 5213 4775 4978 5301 5247 5239 5153 4919 5059 5401 5237 5173 4669 5016 4843 5097 5162 4919 5172 4860 5052 5147 5011 5135 5103 5063 5045 5520 5484 5362 5420 5131 5121 5144 5198 4850 5229 5275 5172 5068 5093 5206 4995 5476 5247 4678 4786 4689 5122 5074 5262 5293 4871 4895 5211 5063 5373 5406 4875 5199 5425 5145 5475 5342 5111 5175 5078 4750 5250 5157 5105 4744 5067 5101 5538 4922 5033 5146 4932 5280 5092 5136 4843 4536 5208 4681 4929 4850 5097 5231 4625 4564 5259 5001 5257 4926 5125 5314 5391 4680 4914 4850 4988 5003 5155 4998 5039 5050 5050 5092 4803 5295 4804 4924 5033 4890 4808 5007 4944 5513 4826 4815 5049 5004 5013 5297 5243 4956 5486 5028 5129 5121 5115 5298 5052 5146 4791 5454 4940 4855 5394 5280 5144 5120 4673 5147 
5085 5112 5066 4797 5462 5676 5153 5340 5340 5182 5558 5247 5043 5576 5406 4918 5185 4713 5582 5034 5424 5091 4969 5555 5467 4900 5189 4955 5428 5003 5604 5549 5064 5340 5387 5461 5038 5431 5594 4660 5174 5750 5126 5312 5274 5293 5843 5341 4995 5124 5508 5082 5330 5341 4901 5156 5544 5316 5019 5428 5091 5219 5041 5499 5575 4984 5145 5089 5725 5377 5215 5099 5162 5606 5309 5399 5768 5414 5140 5149 5379 5581 4977 5928 5762 5863 5165 5523 5531 5207 5053 5197 5284 4993 5394 5503 5165 5564 5596 5385 5291 5445 4981 5527 5926 4928 5246 5329 5358 5509 5343 4917 5369 5219 5352 5386 5264 5356 5464 5527 5707 5330 4933 5005 5418 5246 5547 5120 5481 4616 5647 5650 5006 5086 5115 5435 5617 5750 5454 5329 5688 5348 5222 5462 5607 4781 5362 5351 5435 5020 5344 5390 5295 5788 5503 5014 5023 4857 5219 5168 5471 5302 5018 5045 5409 5240 5382 5412 5391 5643 5821 5137 5306 5337 5156 5523 5330 5034 5109 5597 5157 5133 5089 5465 5595 5184 5216 5408 5166 5453 5396 5319 5056 4517 5461 4721 5106 5041 5483 5430 4808 4715 5605 5136 5483 5251 5337 5442 5223 4912 5002 5498 5312 4933 5202 5376 5195 5447 5418 5459 5125 5162 5038 5025 5553 5272 5237 5328 5302 5676 5365 5206 5193 5516 5474 5729 5549 5042 5792 5254 5499 5584 5370 5674 5311 5352 5032 5866 5269 5114 5541 5280 5378 5087 4927 5645 
5284 5691 5330 4717 5554 5509 5150 5222 5052 5001 5220 5308 5153 5402 5304 5050 5582 5197 5599 5262 5548 5372 4912 5405 5384 5160 5036 5025 5590 4922 5706 5739 5329 5481 5353 5389 5092 5672 5483 4622 5016 5286 5272 5469 5455 5212 5431 5522 4749 5196 5699 5330 5406 5548 5066 5733 5694 5539 5020 5493 4884 5225 5105 5230 5293 5159 5028 5446 5558 5444 5041 5480 5165 5443 5577 5483 5483 5491 5321 4959 5316 5468 5253 5740 5342 5769 5276 5262 5524 5224 5108 5169 5567 5325 5231 5477 5152 5788 5666 5238 5068 5371 5079 5275 5799 4985 5572 5515 5369 5526 5094 5164 5401 5384 5141 5204 5355 4954 5215 5499 5760 5355 5017 4957 5322 5479 5513 5031 5561 5088 5198 5253 5134 5258 5497 5619 5605 5748 5832 5463 5268 5297 5140 5393 5671 4833 5359 5458 5467 5150 5391 5483 5539 5604 5162 4994 4908 4932 5682 5329 5372 5363 5036 5183 5518 5318 5447 5499 5205 5545 5575 5291 5526 5267 5206 5443 5565 4985 5459 5692 5294 5022 5027 5214 5980 5163 5433 5155 5301 5220 5353 5408 5070 4748 5515 4815 5435 5135 5402 5433 4942 4778 5608 5263 5272 5450 5103 5499 5423 4994 5183 5080 5111 5222 5399 5419 5407 5394 5257 5373 5072 5201 4907 5164 5179 5391 4948 5325 5155 5691 4980 5299 5324 5338 5318 5727 5470 5390 5685 5244 5324 5227 5196 5489 5493 5071 5108 5817 5433 5078 5780 5364 5343 5496 4958 5648 
5353 5038 4740 4960 5349 5364 4899 5037 5142 4797 5154 4859 5054 5111 5064 4785 5257 4892 5398 5037 5119 5131 4751 5338 5087 4855 4718 4803 5505 4956 5569 5553 5247 5129 5005 5227 4977 5426 5083 4761 4947 5346 5146 5164 5610 5154 5424 5613 4749 4873 5271 5065 5233 5306 4687 5321 5566 5272 5249 5100 4732 5081 5109 5249 5140 4728 4906 4792 5161 5211 5342 4928 4930 5504 5184 4944 5072 5184 5195 5017 5221 5224 4871 5362 5106 5401 4980 5199 5381 4682 4797 5091 5277 4906 5537 5301 4840 5490 5553 4949 4992 5652 4829 5089 5522 4628 5210 5028 5214 5306 5210 4712 5099 4795 5236 5236 4747 5101 4872 5350 5373 4868 5045 4836 5143 5001 5205 4940 5254 4733 5369 5275 5135 4929 5272 5367 5163 5716 5547 5283 5391 5112 4945 5197 5613 4344 5240 5300 5233 5059 5386 5069 5063 5564 5401 4803 4717 4952 5019 5119 5442 5524 4996 5034 4912 5201 5333 5477 4698 5478 5273 5314 5050 5071 5230 5321 5211 4903 5041 5552 5032 4951 4962 5108 5838 5126 5166 4854 5094 5223 5009 5222 5036 4559 4970 4639 5214 4902 5356 5318 4589 4910 5345 4972 5089 5330 5211 5503 5093 4963 4834 5396 5091 4935 5209 5384 5374 5081 5115 5397 4963 5357 4706 4855 4998 5092 4612 5056 4748 5427 4694 5044 4846 5490 5278 5291 5161 5278 5698 5067 5289 5123 4822 5157 5292 5069 5158 5094 5103 4720 5547 5148 5221 5134 4825 5284 
5334 5290 4944 4885 5404 5655 4989 5389 4968 4866 5143 5053 5000 5350 5197 4966 5403 5084 5669 5036 5345 5285 5164 5172 5251 4832 4782 4823 5532 4902 5637 5509 4970 5224 4899 5233 5182 5692 5377 4589 5092 5471 4946 5126 5296 5124 5246 5511 4860 5107 5303 5241 5411 5209 4885 5523 5242 5168 4912 5229 4873 5230 5045 5265 4936 5043 4939 5126 5463 5342 5329 5413 4942 5488 5348 5248 5246 5176 5222 5100 5258 5255 4999 5370 5265 5595 4997 5196 5580 4718 5029 5310 5639 5112 5500 5107 4972 5489 5240 5061 5107 5223 4929 5221 5369 4850 5572 5053 5080 5467 5292 4963 5011 5078 5273 5140 5107 4936 5036 5587 5408 5100 4977 4683 5058 5045 5493 4920 5064 4992 5343 5250 5034 5182 5144 5219 5211 5323 5364 5213 5425 5420 5044 5503 5479 4810 5311 5264 5261 5136 5468 5218 5270 5567 5318 5003 4883 4978 5227 4953 5414 5084 5215 5023 5046 5341 5253 5636 4907 5254 5446 5184 5162 5370 5272 5226 5264 5125 5267 5360 5083 4848 5075 5357 5806 5133 5199 4923 5407 5177 5043 5186 5017 4617 5157 4572 5065 5116 5190 5154 4826 4501 5038 5107 5100 5149 5146 5545 5150 4925 5092 5174 5093 4846 5357 5375 4879 5209 5207 5319 4954 5270 4918 4956 4918 5344 4892 5371 5015 5516 4888 5232 4925 5417 5053 5244 5131 5174 5753 4893 5415 5430 5194 5370 5180 5008 4940 5292 5339 4864 5187 5213 5303 5176 4998 5194 
5506 5141 5228 5091 5487 5762 4967 5370 4975 5119 5275 5442 5024 5636 5424 4929 5526 5061 5760 5010 5283 4985 4856 5355 5403 4924 5266 5232 5554 5006 5782 5390 5111 5593 5504 5394 5385 5428 5436 4707 5077 5260 5096 5267 5305 5069 5733 5433 5217 5121 5449 5187 5388 5107 4870 5496 5436 5369 4947 5221 4671 5279 4964 5423 5114 4970 5140 5037 5690 5574 5399 5074 4906 5524 5605 5036 5328 5475 5274 5086 5594 5421 5204 5843 5293 6027 5287 5228 5507 5166 5160 5365 5490 4995 5331 5235 4874 5632 5611 5378 5128 5240 5096 5180 5639 4787 5327 5175 5063 5492 5328 4878 5344 5255 5273 5242 5331 5088 5376 5666 5705 5262 5001 4891 5013 5075 5361 5069 5195 4898 5365 5370 5279 5359 5111 5613 5393 5788 5583 5556 5514 5393 5317 5339 5511 5113 5357 5438 5416 5437 5386 5459 5584 5662 5485 5231 4780 4857 5315 5447 5601 5312 5132 5236 5068 5196 5496 5514 5383 5384 5712 5205 5575 5535 5220 5466 5332 4897 5329 5496 5117 4766 5039 5510 5605 5312 5333 5234 5415 5419 5427 5389 5180 4371 5243 4781 5086 5217 5586 5566 4745 4682 5623 4951 5419 5283 5116 5671 5467 4971 5179 4931 5167 5041 5438 5440 5278 5270 4931 5280 4933 5447 4857 5124 5268 5439 4912 5362 5232 5663 5069 4982 5104 5743 5472 5488 5365 5111 5538 5256 5249 5425 5273 5134 5399 5682 5220 5519 5397 4748 5535 5338 5397 5422 4786 5450 
5094 5238 4971 4571 5105 5178 4495 5090 4748 4609 5264 5076 5053 5420 4953 4697 5016 4709 5676 4999 4995 4896 4673 4659 5314 4962 4733 5006 5193 4710 5441 5306 4814 4916 4826 4798 4917 5541 4940 4500 5042 5219 5202 5122 4947 4919 5280 5284 4825 4816 5223 4958 5204 5071 4754 5478 5130 4984 4759 5065 4563 5086 4653 5272 5004 4741 5111 4787 5277 5275 4981 5111 5123 5455 4862 4920 5358 5303 5292 4845 4979 5140 4807 5304 4997 5684 5085 4934 5357 5165 4763 5138 5153 4766 5050 5301 4939 5604 5350 5070 5292 5037 5025 4904 5498 4690 5108 5214 4808 5326 5116 4633 4809 5103 5016 4784 4998 4738 5131 5609 5227 5312 4754 4746 4912 5193 5240 4651 4934 4617 5127 5043 4750 5226 5151 5305 4997 5367 5360 5079 5319 5239 4864 5173 5282 4558 5192 4957 5367 4724 5186 5192 5203 5331 5295 4772 4746 4762 5151 4812 5107 5186 4996 4945 5136 5105 5140 5189 5192 5421 5196 5009 5189 5004 5352 5110 5188 4660 5285 5169 5110 5155 4845 5073 5739 4816 4833 4978 5040 5282 4639 5220 4918 4357 4897 4692 5258 5157 4924 5104 4791 4699 5037 5094 5353 4990 5008 5163 5021 4687 4616 4958 4973 4849 5113 5138 4957 4952 5163 5119 5149 5162 4816 4936 5092 5228 4763 5133 4862 5386 4891 4792 4878 5275 4987 5349 4892 4910 5475 5041 5208 4909 4959 5161 5170 5018 4675 5171 5236 4906 5174 5169 5062 5164 4877 5209 
5225 5230 4952 4714 5544 5344 4911 5091 4956 4911 5063 4805 4880 5306 5000 4865 5208 4859 5366 4986 5308 4871 4908 5113 5392 4754 5025 4885 5288 4944 5544 5615 4785 5354 5064 5220 4953 5546 5010 4530 4965 5310 5276 5127 5205 4989 5526 5422 4840 4860 5223 5065 5174 5166 4821 5115 5288 5028 5161 5047 4812 5104 4441 5275 5066 4666 4787 5092 5253 5279 4832 5182 4961 5108 5255 4988 5134 5169 5222 4822 5160 5307 4814 5600 5227 5570 4956 4898 5371 4696 4504 5108 5225 5005 5244 5076 4880 5396 5346 5200 5148 5198 4980 5177 5302 4660 5367 4883 4960 5265 5341 4790 5004 5139 5217 4963 5161 4765 5257 5312 5484 4983 4796 4674 5127 5123 5527 4825 5162 4926 5165 5013 4933 4995 5243 5310 5216 5341 5288 5404 5449 5291 4989 5195 5200 4806 5073 5170 5487 4901 5267 5171 5096 5450 4957 4856 4798 4823 5214 4989 5401 4806 4957 4829 5155 5265 5060 5190 4953 5089 5426 4731 5254 5340 5047 5219 5459 4670 4980 5247 4961 4688 4974 5150 5610 4951 5192 4852 5370 5210 4993 5097 4838 4524 4871 4355 4793 4811 5097 5261 4498 4784 5195 5095 5201 5186 5206 5152 4778 4744 4911 4939 5134 4874 5176 5022 5064 5084 4859 5097 4944 5067 4631 4415 5083 5122 4939 5043 4997 5641 4902 4745 4955 5227 5088 5388 5100 5029 5666 5076 5215 5215 4975 5200 5347 4894 4884 5241 5147 4958 5397 5194 4974 4841 4831 5256 
5136 5096 4879 4427 5234 5231 4770 5235 4549 4777 5116 5121 4902 5163 5094 4530 4986 4484 5333 4867 5080 4605 4863 4992 5261 4608 4873 4755 5053 4673 5142 5357 4756 5170 4944 5052 4900 5623 4928 4536 5152 5497 4997 4926 5084 4848 5178 5111 4784 4805 5341 4803 5104 4974 4558 5320 5131 4926 4690 5213 4501 5014 4742 5025 4740 4890 4681 4834 5473 5183 5001 4857 4777 5222 4961 4896 5012 5447 4846 4820 5184 4787 4634 5623 5141 5519 5119 4857 5301 4858 4721 4984 4886 5131 5140 4917 4846 5364 5379 4963 5205 4920 4716 5123 5274 4495 5248 4937 4951 5237 4695 4650 4826 4911 4924 4911 4961 4718 5051 5352 5053 4985 4697 4469 4769 4905 5006 4763 5002 4744 5025 5223 4763 5109 4792 4924 5118 5295 5163 5118 5558 5449 4779 5137 5351 4734 5138 4954 5207 4883 5128 4875 5074 4923 5083 4643 4760 4769 5019 4829 5038 5317 5195 5093 4989 5072 5070 5216 4691 5064 5173 5002 4977 5047 4928 5042 5183 4939 4990 5022 4859 4945 4629 4987 5067 4868 4849 4848 5118 5188 4900 5149 5094 4186 4934 4726 5153 4760 5071 5135 4752 4611 5114 4791 5134 4963 4874 5229 5018 4785 4651 4953 5149 4840 5043 5182 4841 5062 4810 5159 4974 5009 4568 4759 4979 5328 4806 5125 4716 5583 4898 4770 4710 5295 5141 5224 4796 5165 5266 4771 5205 5000 4858 4909 4970 5039 4886 5092 4952 4634 5176 5165 5052 4858 4882 5348 
5072 5107 4824 4851 5288 5144 4598 4936 4845 4697 5189 4889 5003 5360 5030 4543 5052 4485 5648 4752 4884 5142 4807 5123 5084 4694 4788 4752 5375 4592 5408 5352 5052 4992 5038 5209 5082 5376 5198 4547 4819 4855 4967 5055 5124 4731 5089 5357 4745 4945 5148 4883 5109 5062 4938 5089 5275 5037 4903 4922 4748 5138 4988 5107 4925 4847 4835 4714 5197 5250 4959 5120 5088 5280 5073 5068 5224 4776 5111 4711 4866 5216 4797 5218 5115 5608 4801 5153 5358 4911 4775 4974 5158 4941 5166 5095 4617 5353 5169 4781 5212 5282 4723 4995 5590 4589 5168 5087 5021 5337 5152 4819 4974 4984 4936 4755 5282 4987 4736 5299 5475 4685 4879 4721 5020 5090 5394 4824 4904 4947 5053 4930 4717 5075 5004 5219 5095 5504 5347 5074 5381 5004 4759 5161 5353 4565 4836 4908 5253 4593 5332 4662 5330 5495 5027 4718 4757 4861 5164 5121 5032 5174 4741 4849 4968 4947 5170 5161 5113 5282 5275 5003 5049 5258 4908 4935 5050 4803 5153 5109 5119 4783 4907 4955 5714 4948 4842 4849 5070 5140 4921 4973 4398 4217 4930 4469 4825 4761 5125 4945 4620 4718 5196 4904 5099 4902 4654 5462 4885 4730 4953 4779 5058 4800 4918 4838 5094 4963 4895 5156 4847 4775 4812 4588 4709 5177 4821 5002 4844 5494 4797 5020 4864 5305 5250 5566 5159 5021 5260 4943 5192 5181 5119 5494 5226 4988 4847 5147 4750 4741 5162 5283 5185 4954 4847 5106 
5704 5609 5496 5667 5778 5902 5499 5561 5541 5447 5605 5570 5250 5668 5536 5344 5600 5216 5751 5445 5735 5389 5236 5534 5520 5390 5166 5329 5558 5514 5863 6003 5156 5451 5421 5613 5564 5936 5706 5170 5217 5807 5465 5935 5357 5677 5815 5817 5354 5557 5729 5516 5943 5700 5212 6037 5667 5526 5076 5790 5469 5356 5312 5608 5401 5367 5231 5449 5749 5700 5572 5554 5393 5696 5677 5213 5762 5624 5452 5051 5619 5863 5279 6006 5772 5923 5630 5651 5612 5176 5197 5411 5531 5403 5973 5508 5191 5905 5745 5488 5521 5676 5175 5511 6026 5423 5504 5416 5468 5923 5724 5424 5471 5623 5685 5421 5681 5265 5627 5873 5700 5761 5280 5224 5509 5703 5627 5093 5721 5144 5830 5387 5472 5658 5734 5587 5460 5909 5905 5658 5672 5671 5253 5698 5967 4857 5660 5926 5701 5570 5733 5546 5583 5731 5666 5142 5304 5372 5690 5513 5853 5539 5300 5108 5621 5622 5652 5597 5362 5835 6060 5483 5670 5382 5480 5698 6015 5430 5659 5870 5652 5250 5378 5503 6058 5491 5499 5230 5532 5715 5571 5725 4889 5058 5508 5106 5479 5431 5667 5546 4950 4979 5755 5265 5584 5615 5143 5799 5397 5227 5408 5146 5274 5520 5641 5705 5567 5547 5224 5739 5492 5657 5119 4999 5691 5681 5459 5574 5435 6051 5458 5363 5328 5705 5363 5681 5584 5523 5975 5511 5564 5618 5523 5484 5593 5395 5376 5783 5522 5348 5822 5535 5520 5625 5318 5710 
5229 5224 5063 4893 5374 5387 4920 5125 5273 4982 5366 5250 4842 5293 5042 4840 5279 4763 5666 4786 5043 4998 4728 5233 5257 4725 4777 4977 5380 4902 5364 5401 4958 5357 5301 5234 5117 5335 5276 4694 5079 5235 4934 5515 5310 5032 5230 5229 4826 5008 5282 5081 5024 5224 4934 5464 5266 5201 4806 5087 4683 4980 4845 5078 4869 4762 5143 5044 5541 5338 4971 5229 5104 5170 5016 5214 5047 5372 5120 4891 5173 5296 4640 5526 5258 5535 5134 5379 5132 5275 5151 4996 5359 5220 5175 5240 4965 5574 5243 5034 5118 5193 4959 5105 5538 4855 5177 5131 4989 5208 5194 4956 5072 5027 5009 5212 4967 4760 5038 5409 5450 5038 4900 4627 5249 5166 5421 4913 5307 4893 5353 5065 4960 5330 5346 5437 5303 5411 5381 5360 5268 5299 5155 5427 5408 4883 5276 5279 5450 5199 5247 5184 5141 5505 5196 4945 4546 4806 5385 4973 5328 5401 4986 4937 5139 4956 5134 5466 5171 5374 5487 5275 5367 5142 5039 5250 5312 4989 5403 5474 5225 4837 5164 4934 5648 4955 4881 4895 4965 5172 4966 5170 4885 4406 5071 4610 5032 5138 5129 5387 4849 4887 5109 5027 5188 5191 4916 5243 4941 4828 4959 4880 5070 4786 5262 4978 5280 5291 5132 5336 5034 5130 4888 4817 4877 5310 4780 5256 4782 5536 4971 5099 5286 5181 5153 5329 5285 5083 5523 5098 5258 5272 5215 5351 5274 5215 4788 5535 5166 4761 5366 5023 5031 5224 4809 5321 
4999 5225 4713 4927 5415 5368 4769 5479 5130 4910 5171 5210 4696 5077 5297 4733 5051 4840 5490 4843 5158 4934 4718 5016 5306 4807 4663 4947 5434 4953 5474 5662 4850 5016 5140 5039 5030 5426 5333 4504 4994 5493 4950 5040 5204 4971 5300 5369 4799 4929 5411 4908 5269 5255 4770 5552 5185 5225 4911 5222 4887 4749 5071 5138 5091 4786 4945 4882 5567 5250 5191 5004 5208 5325 5099 5007 5269 5405 5113 4950 5144 5189 4694 5312 5350 5699 5140 5452 5471 5102 4963 5049 5345 4868 5420 5252 4878 5611 5469 5166 5128 5178 4483 5198 5579 4675 5183 5041 5016 5472 5018 4761 4884 4877 5082 5413 4785 4961 5170 5327 5119 5094 4720 4721 5122 5232 5489 4862 5288 4670 5354 5123 5066 5174 5260 5399 5309 5366 5550 5153 5433 4987 4851 5337 5164 4672 5191 5225 5249 4825 5245 5155 5358 5368 5124 4956 4438 4777 5241 5189 5379 5340 4922 4884 5231 5056 5134 5483 4928 5392 5355 5181 5186 5108 5098 5196 4989 4937 5161 5537 5177 4958 4995 5126 5670 4762 5178 4952 5087 5051 4899 5158 4937 4529 5140 4833 5150 4944 5168 5202 4629 4810 5265 5019 5196 5041 4911 5496 5081 4751 4901 4900 4959 4863 5119 5237 5295 5002 5258 5254 4963 5061 4812 5056 5137 5101 4880 5156 4990 5376 4899 4995 4944 5277 5190 5278 5174 4991 5544 5020 4987 5184 4845 5118 5165 5031 5018 5316 4846 4896 5186 5243 5100 4928 4756 5088 
5154 5205 5013 5040 5107 5544 4871 5349 4987 4796 5352 4877 4773 5152 5164 4845 5149 4456 5442 5137 5276 5095 4844 5034 5335 5132 5069 4980 5269 4873 5575 5208 4988 5231 5232 5022 5328 5637 5120 4684 5099 5452 5211 4977 5110 5188 5387 5263 4783 5003 5494 4989 5162 5199 4889 5221 5324 5161 4691 5123 4629 5053 4723 5408 5104 4965 4769 4924 5093 5498 4962 5096 5165 5366 4917 5013 5214 4881 5223 4919 5268 5176 4767 5384 5055 5528 5101 4960 5384 4882 4966 5099 5038 5019 5151 5387 4932 5442 5651 5119 5332 5193 4917 5042 5707 4622 5171 5266 5110 5489 5254 5051 5195 5282 5044 5109 4938 5061 4867 5530 5258 5071 4838 4772 5009 4908 5283 4832 5089 4708 5400 5016 5077 4998 5250 5374 5048 5426 5232 5273 5431 5344 5101 5447 5357 4750 5251 5551 5174 5154 5303 5382 5242 5553 5181 4901 4808 4914 5160 5283 5663 5228 5047 4923 5038 5335 5003 5441 5175 5348 5356 5008 5242 5364 5247 5223 5242 4912 5229 5315 5223 4842 5113 5280 5661 4881 5254 5081 5087 5291 5109 5157 4883 4405 5321 4442 4949 4980 5343 5253 4709 4700 5451 4996 5336 5287 5158 5421 5124 4809 4832 5214 5044 4644 5237 5438 4851 5416 4880 5205 5062 5207 4986 4884 4892 5333 5144 5141 4795 5336 4722 4955 4931 5511 5213 5374 5213 5147 5632 4880 5171 5320 5211 5517 5424 5133 5010 5315 5077 4893 5153 5430 5700 5437 4950 5405 
5298 5248 4947 5130 5402 5483 4963 5129 5000 5000 5374 5190 5061 5449 5145 5064 5336 4956 5444 5040 5263 5180 4837 5266 5399 5063 4893 4907 5497 5034 5682 5679 5171 5410 5219 5262 5150 5542 5415 4734 5135 5420 5307 5371 5450 4984 5536 5592 4824 5126 5435 5060 5668 5336 4993 5497 5430 5381 5039 5561 4936 5193 4790 5389 5285 5167 4885 5103 5561 5409 5280 5228 5113 5391 5419 5167 5387 5308 5300 5099 5424 5654 4816 5585 5331 5469 5363 5074 5457 5103 4872 5411 5132 4910 5369 5341 5034 5799 5433 5270 5262 5509 4924 5404 5864 4849 5268 5249 5317 5222 5354 5128 5197 5084 5337 5123 5315 5234 5017 5612 5460 5279 5084 4709 5197 5220 5540 4867 5190 4997 5348 5374 4986 5251 5271 5560 5427 5629 5372 5555 5664 5477 5303 5163 5712 4545 5345 5477 5300 5215 5679 5000 5452 5699 5541 4974 4940 4937 5406 5178 5360 5259 5241 5194 5019 5000 5133 5570 5072 5456 5708 5271 5190 5441 5509 5175 5176 5161 5362 5321 5079 4877 4913 5170 5887 5073 5370 5190 5219 5524 5038 5372 4985 4687 5160 4625 5507 5336 5117 5327 5121 5114 5256 5100 5181 5321 5239 5451 5326 4909 5048 5168 5026 5042 5308 5464 4888 5282 5229 5439 5165 5008 4870 5165 5140 5300 4937 5383 5150 5605 5022 5118 4968 5480 5224 5374 5358 5352 5706 5001 5457 5470 5012 5142 5404 5115 5077 5468 5227 4937 5368 5303 5442 5467 4983 5301 
5512 5185 5358 4842 5334 5379 4836 5051 5091 4846 5414 5148 5079 5408 4979 4957 5397 4797 5596 5086 5003 5355 4824 5128 5284 4744 4837 4841 5329 4888 5817 5454 4977 5347 5049 5266 5287 5336 5261 4731 4979 5191 5164 5422 5127 4844 5379 5460 4871 4999 5363 5020 5319 5214 4956 5356 5115 5171 4719 5319 4869 5029 5055 5100 5287 4950 4825 5068 5536 5185 5173 5175 5261 5317 5319 5090 5119 5200 5101 4579 5051 5238 4845 5334 5294 5717 5140 5296 5382 4940 4913 5148 5256 5255 4952 5188 4718 5476 5331 5094 5082 5482 5075 5163 5668 4914 5175 5021 5116 5533 5252 5003 5164 5203 5469 4994 5462 4792 5353 5515 5496 5048 4809 4692 4922 5322 5420 5011 5308 4937 5069 4963 4863 4997 5230 5384 5448 5537 5328 5114 5344 5282 4863 5402 5665 5103 5415 5415 5284 4957 5232 5194 5209 5676 5157 4677 4911 4718 5456 4987 5353 5297 4987 5042 5334 5219 5122 5288 5164 5365 5523 5075 5633 5193 5106 5196 5189 5040 5336 5275 5117 4644 4896 5127 5591 5231 4965 5015 5212 5165 5206 5321 4806 4226 5066 4638 5143 4664 5072 5334 4646 4888 5264 5078 5182 5224 4928 5267 5299 4595 5165 4915 5163 5194 5147 5056 5061 5242 5060 5301 4945 5167 4681 5026 4821 5235 4611 5249 4869 5233 5004 4774 4990 5315 5183 5465 5152 5187 5499 5102 5272 5006 4724 5363 5497 5251 4890 5379 5194 4941 5426 5220 5159 5246 4989 5228 
5076 5221 4578 4754 5454 5699 4918 5093 4834 4908 4838 5290 4813 5182 5262 5002 4942 4677 5580 4916 5223 4829 4764 5138 5255 4532 5140 4591 4949 4933 5458 5328 4554 5073 5000 5106 5106 5342 5378 4538 4894 5259 5006 4978 4911 5107 5060 5233 4844 5040 5173 5066 5295 5373 4841 5112 5430 5009 5144 5058 4843 4647 4626 5297 4976 5109 4796 4750 5081 5333 5020 4958 4957 5235 5219 4833 5289 5212 4943 4813 5398 5391 4979 5457 5190 5460 4975 5138 5221 4801 4833 4993 5138 5078 5138 4997 4926 5459 5068 5164 4965 5107 4720 5209 5449 4950 5444 5080 5284 5236 5258 4882 4864 5070 5119 4908 5371 4783 5028 5555 5332 4834 4706 4838 5111 5108 5104 4617 5081 4828 5086 5283 4897 5171 5082 5353 5082 5446 5134 5064 5434 5046 4854 5400 5481 4889 5092 5266 5179 5165 5147 5074 5092 5537 4828 4666 4678 5069 5097 5088 5377 5037 5112 4932 4769 5169 5051 5195 4817 5355 5158 4888 5207 5334 4850 4991 5057 4952 4903 5437 5269 4808 4817 5070 5596 4842 5155 4795 4780 5175 5229 4874 4913 4528 5110 4394 5100 5054 5063 5182 4758 4551 5057 4760 5125 4926 5005 5342 4827 4776 4892 5060 5085 4656 5310 4920 4868 5355 4941 5131 5027 4904 4639 4962 4883 5070 4998 5105 4641 5538 4994 4995 5078 5165 4936 5349 5138 4931 5758 5108 5384 5437 5158 5146 5262 4968 4818 5405 5056 4580 5054 5305 5030 5306 4907 5221 
5127 5511 5163 4664 5344 5631 4943 5499 5142 4880 5364 5311 5067 5614 5506 4850 5415 4798 5833 5118 5597 5111 5206 5273 5497 5080 5076 5028 5528 5019 5821 5697 5162 5373 5375 5332 5319 5720 5558 4785 5197 5467 5470 5580 5265 5476 5695 5472 4965 5110 5506 5150 5463 5595 4921 5314 5600 5170 5046 5285 5245 5292 5227 5611 5211 4962 5191 4884 5442 5456 5230 5319 5033 5526 5281 5423 5485 5210 5454 4834 5429 5768 4948 5513 5417 5735 5113 5327 5692 5081 5140 5429 5350 5333 5377 5597 5042 5413 5469 4993 5284 5483 5067 5410 5786 5190 5528 5527 5036 5808 5388 5066 5338 5230 5556 5330 5272 5324 5188 5836 5298 5203 5123 5107 5019 5404 5314 4977 5331 4912 5274 5212 5167 5304 5341 5641 5432 5696 5674 5278 5650 5205 5135 5216 5505 4934 5362 5551 5505 5146 5208 5384 5205 5611 5326 5185 5057 5079 5322 5309 5415 5503 5283 5074 5386 5248 5567 5462 5478 5588 5610 5413 5575 5388 5477 5470 5292 5042 5268 5654 5564 5051 5141 5379 6116 5072 5093 5107 5449 5326 5144 5760 5141 4751 5174 4689 5158 5224 5588 5305 5065 4893 5363 5322 5203 5209 5218 5404 5290 5050 5134 5391 5115 4979 5521 5335 5302 5352 5266 5643 4899 5251 5045 4931 5236 5353 5126 5225 4938 5665 5071 5003 5213 5484 5277 5731 5534 5329 5529 5367 5531 5291 5341 5697 5379 5365 5208 5558 5405 5079 5476 5436 5686 5383 4912 5592 
5653 5692 5314 5076 5825 5673 5366 5649 5419 5256 5526 5254 5247 5668 5624 5163 5403 5039 5691 5454 5709 5523 5230 5510 5456 5249 5352 5143 5468 5132 5988 5537 5110 5592 5385 5294 5558 5826 5531 4827 5533 5869 5720 5605 5273 5589 5897 6017 5272 5336 5727 5276 5758 5340 5524 5731 5798 5650 5152 5591 5245 5486 5036 5613 5507 5112 5254 5236 5615 5808 5279 5265 5135 5774 5313 5515 5691 5525 5390 5132 5639 5758 5454 6034 5699 6124 5355 5445 5719 5393 5308 5472 5296 5378 5425 5588 5374 5877 5828 5460 5561 5534 5216 5438 6039 5124 5462 5542 5292 5757 5424 5165 5233 5707 5255 5441 5547 5345 5371 5809 5581 5488 5266 5167 5326 5542 5780 5150 5681 4907 5702 5484 5319 5567 5391 5948 5717 5887 5864 5563 5717 5515 5364 5554 5857 5029 5797 5529 5703 5309 5580 5631 5626 6104 5339 5207 5066 4923 5513 5425 5467 5499 5222 4921 5471 5476 5421 5665 5296 5680 5833 5340 5325 5585 5584 5552 5529 5090 5346 5493 5684 5451 5521 5446 6032 5416 5411 5344 5546 5580 5429 5565 5193 5067 5425 4746 5285 5493 5626 5690 4969 5030 5613 5305 5778 5359 5478 5769 5319 5382 5323 5526 5608 5180 5350 5604 5299 5433 5346 5647 5690 5482 5127 5051 5524 5413 5227 5455 5523 5957 5522 5255 5382 5743 5600 5710 5402 5164 5870 5332 5632 5776 5470 5753 5566 5325 5215 5634 5454 5389 5679 5741 5745 5395 5335 5389 
5006 5002 4952 4624 5194 5370 4792 5043 4957 4765 5258 5088 4665 5236 5000 4603 5042 4570 5392 4875 4963 5023 4705 5016 5232 4745 4603 4640 5343 4597 5142 5446 4685 5191 5100 4951 4940 5449 4971 4560 4735 5198 4870 5020 4989 4865 5325 5362 4817 4691 5110 4917 5235 4910 4801 5338 5168 5101 4836 5081 4714 4782 4829 5074 5072 4740 4521 4748 5189 5144 4849 4772 4927 5311 4905 5081 5167 5158 4998 4716 5155 5213 4640 5350 5048 5433 5047 4886 5243 4644 4904 4903 5111 4900 4960 5157 4750 5469 5147 4885 5120 4953 4527 4980 5618 4648 5221 5138 4880 5180 4964 4666 4871 5065 5142 5028 5140 4794 4988 5109 5307 5248 4425 4791 4638 5138 5294 4750 4920 4673 5015 5024 4994 4776 5102 5178 4811 5355 5252 4930 5180 5096 5004 5077 5327 4433 4919 5319 4899 4964 5197 4999 5024 5360 4942 4859 4544 4672 5172 4693 4943 5142 4736 4810 4893 4927 5157 5112 4710 4909 5452 4740 5004 5065 5072 5205 5002 4725 4795 5023 5109 4586 4820 5007 5538 4779 4859 4775 4863 5039 5006 5152 4550 4382 4940 4373 4819 4898 5190 5033 4583 4643 5080 4876 5195 4886 4815 5171 5090 4591 4919 4856 4991 4726 4968 4943 4954 5083 5212 5480 4771 4852 4648 4741 4898 4938 4721 5017 4822 5073 4947 5115 5136 4993 5087 5141 5249 5058 5326 4868 5155 5204 4703 4921 5012 5041 4632 5239 5001 4721 5085 5153 4930 4999 4844 5113 
4890 5036 4799 4615 5127 5323 4888 4910 4795 4765 4907 4705 4860 4954 5128 4808 5186 4781 5654 4651 5282 4867 4748 4767 5045 4875 4679 4478 5149 4609 5456 5558 4706 5135 4896 5208 5014 5446 5016 4470 4681 5005 4856 5031 5018 4985 5196 5172 4666 4864 5180 4937 5059 4811 4614 5001 5405 4986 4607 4976 4780 5096 4681 4961 4943 4810 4914 4697 4989 5397 4979 5022 4778 5068 5216 4868 5461 5231 5170 4714 5147 5317 4713 5334 5012 5488 4921 4714 5263 4665 4816 4978 4988 4845 5187 5481 4432 5400 5209 4996 5055 5204 4894 4966 5369 4693 5156 4947 4635 5049 4945 4719 4990 4983 5053 5181 5220 4973 4925 5486 5490 4910 4770 4534 4977 5017 5283 4554 4782 4750 4947 4879 4756 4966 5203 5196 5075 5629 5267 4834 5260 4910 4812 5092 5314 4670 5170 5131 5215 4818 5227 5090 5172 5412 5266 4875 4375 4679 4856 5052 5027 4981 5056 4870 4908 4826 5113 5166 5012 5218 5217 4779 5160 5060 5021 5374 4965 4683 5107 5209 4987 4709 4480 5225 5480 4633 4797 4781 5149 4995 4849 5115 4907 4340 5032 4427 4837 4889 5033 5187 4441 4593 5198 4775 4817 4818 4948 5181 4920 4841 4679 4546 4972 4810 4997 4993 4627 5184 5021 4965 4841 5025 4572 4496 4771 4966 4685 5054 4748 5233 4900 4809 4860 5253 4902 5308 5119 4809 5565 5014 5154 5078 4990 4808 5091 4832 4691 5219 5303 4654 4896 5038 5172 4978 4886 5107 
5209 5175 5012 4951 5217 5534 5171 5506 5096 5010 5239 4990 4714 5379 5246 4984 5262 4987 5419 5076 5340 5039 4892 4941 5463 4762 5100 4987 5447 4660 5437 5559 4973 5258 4998 4938 5119 5585 5391 4400 4981 5091 4994 5074 5161 5107 5489 5267 5034 5162 5507 4946 5386 5173 4669 5418 5046 5087 4669 5311 4639 4688 4930 5274 4862 4918 4853 5143 5295 5222 4833 5139 5234 5311 5039 5044 5482 5133 5004 4578 5043 5145 4797 5689 4977 5551 5242 5178 5494 4969 4950 4834 5122 4941 5090 5303 4842 5505 5299 5055 4889 5290 4629 5101 5382 4691 5116 5318 5147 5395 5234 4882 4927 5214 5139 4964 5013 4740 4918 5549 4908 5170 4952 4866 4990 5064 5115 4859 5319 4596 5473 5196 5013 5032 5007 5225 5197 5203 5366 5273 5512 5432 4986 5305 5274 4864 5208 5369 5564 5024 5235 5064 5248 5509 5065 4815 4705 4900 5280 5021 5270 5142 4872 5143 4956 5062 5083 5439 4869 5331 5693 4898 5230 5370 5384 5411 5204 4913 5309 5386 4981 5084 4874 5043 5741 5012 5003 4993 5059 5380 5176 4960 4746 4439 5010 4688 5029 4857 5056 5177 4502 4829 5232 4753 5425 5202 5057 5351 5171 4966 4982 4896 5120 5017 5321 5260 5044 5299 4843 5146 4737 5370 4953 4723 5009 5292 5197 5096 5136 5469 4947 5023 4967 5545 5095 5398 5273 4929 5618 5041 5286 5023 5051 5249 5047 4974 4845 5462 5357 4706 5350 5258 5451 5052 4864 5346 
5372 5195 5130 4986 5443 5319 5147 5112 5114 4990 5299 5069 5019 5294 5130 4722 5219 4668 5499 4850 5199 5174 5048 5191 5305 4841 4766 4743 5295 4863 5584 5402 5039 5023 5058 5183 5091 5810 5305 4834 5053 5479 5214 5292 4968 4972 5355 5359 4802 4947 5352 4966 5170 5033 4809 5414 5247 5071 5159 5122 4906 5210 5075 5193 5178 4640 4794 4798 5314 5478 5235 4801 5149 5539 4936 5013 5063 5247 5276 4790 5232 5278 4770 5511 5257 5825 5197 5262 5093 4924 5013 5001 5227 5304 5249 5163 4939 5590 5272 5163 5166 5001 4821 5068 5652 4835 5394 5362 4886 5705 5154 4844 4884 5101 5142 5174 5359 4973 4968 5640 5244 5229 4579 4769 4723 5237 5257 4891 5169 4943 5365 5191 5034 5142 5098 5322 5205 5380 5429 5200 5310 5286 4916 5310 5480 4775 5254 5373 5198 4981 5261 4854 5129 5450 5397 4812 4620 4866 5297 5006 5495 5388 4875 4995 5298 5061 5243 5303 5025 5427 5286 5101 5419 5325 5112 5373 5223 5005 5401 5167 5166 4686 5162 4847 5833 5003 5038 4973 5101 5397 4940 5340 4669 4442 5109 4766 4924 4941 5337 5278 4775 4828 5458 5004 5256 5233 4930 5539 5321 4766 4908 4880 5101 4861 5059 5167 4975 4942 4955 5386 4957 5092 4786 4694 5287 5252 4828 5109 5047 5543 4821 5015 4873 5439 5047 5443 5191 5168 5411 4948 5141 5160 5081 5270 5164 5022 4822 5131 5077 4872 5357 5296 5067 5271 4940 5128 
4985 5109 4806 4929 5042 5541 4662 5321 4670 4803 5309 5147 5088 5046 5137 4713 5012 4855 5284 4719 5060 5332 4639 5053 5458 4895 4886 4917 5299 5015 5617 5709 5051 5185 5074 5097 4982 5449 5326 4638 4941 5188 5105 5238 5173 4853 5209 5358 4431 4947 5307 5090 5265 4841 4958 5360 5427 5284 4786 4996 4860 5221 4932 5057 5159 4808 4865 5171 5588 5533 5105 5038 5205 5410 4960 5088 5470 5052 5111 4617 5182 5521 4961 5553 5363 5413 5175 5045 5351 5202 4875 5143 5182 4801 5286 5137 4780 5437 5359 5034 4957 4943 4728 5054 5510 4569 5225 4974 5128 5320 5085 4933 5049 5220 5280 4816 4977 4935 5051 5506 5472 4952 4682 4632 4978 5204 5264 4886 5209 4774 5294 5125 5014 5162 5034 5269 5280 5211 5702 5154 5316 5265 4966 4945 5448 4675 5213 5496 5253 4868 5434 5081 5254 5581 5134 4652 4811 4637 5283 4788 5200 5255 4866 5098 5228 4889 5125 5402 5157 5272 5473 5044 4943 5208 5040 5245 4961 5009 5227 5171 5007 5059 4763 5087 5318 4901 5101 4850 5210 5180 5136 5157 4869 4451 4823 4625 5011 5042 5220 5285 4633 4787 5258 5049 5147 5200 5038 5311 5224 4715 5094 5141 4957 5011 5125 5343 5063 4973 4915 5399 4801 4703 4703 4837 4894 4834 4808 5144 5129 5345 4819 4877 4887 5415 5173 5236 5066 4997 5718 4955 5039 5350 4891 5381 5431 4954 4987 5247 4843 4887 5287 5270 5269 5155 4683 5360 
5018 5030 5254 4669 5055 5477 4442 5053 4727 4725 5119 5090 4969 5362 5105 4766 4969 4748 5359 4901 5171 4986 4898 5242 5253 4961 4641 4910 5221 4794 5357 5450 4790 5301 4971 5157 4726 5305 5158 4219 4873 5316 5081 5265 5118 4827 5375 5225 4739 4962 5225 4933 5143 5255 4652 5282 5092 5053 4842 5376 4864 5121 4904 5146 4974 4760 4603 4904 5430 4995 5046 5129 4954 5239 5217 4959 5281 5163 4981 4675 5088 5148 4723 5209 5347 5324 4990 4900 5443 4821 4840 4936 5208 4686 5116 5342 4707 5230 5189 5017 4958 5032 4699 5134 5396 4631 5128 5053 4953 5706 5350 4808 4936 4909 4905 5064 5024 4522 5148 5291 5256 5213 4741 4675 4965 5258 5178 4910 5154 4857 5170 5111 4877 4732 5057 5249 5133 5342 5422 5082 5060 5177 4993 5055 5286 4562 5316 5223 5088 4875 5268 4907 5059 5216 4976 4862 4704 4895 5118 4840 5278 4803 4982 4766 5236 5009 5048 5329 5021 4969 5126 5002 5106 5229 5001 5218 5022 4715 5151 5208 4930 4588 4860 5062 5427 5100 5114 4995 5205 4943 5219 5269 4997 4403 5052 4782 4876 5022 5160 5263 4481 4591 5262 5063 5229 4984 5011 5425 4962 4796 4971 4930 4952 4888 5016 5162 4987 5159 5011 5297 4690 4917 4504 4470 4948 5349 4457 4948 4920 5366 4928 4842 5023 5103 5284 5247 5308 4952 5323 5032 5058 5187 4841 5035 4940 4933 5044 5162 5452 4866 5295 4794 5197 4982 4615 5130 
4937 4943 4840 4329 5412 4945 4663 5070 4832 4706 4887 4822 4920 4988 4760 4616 5089 4584 5334 4551 4958 4776 4789 4646 4991 4642 4664 4609 5167 4346 5172 5309 4709 4988 4512 4977 4590 5331 5076 4484 4648 5156 4899 5053 4884 4799 5037 5258 4757 4853 5095 4542 5198 4820 4687 4943 4906 5143 4757 4812 4555 4910 4628 4964 4881 4561 4677 4700 5047 5026 4865 4638 4549 5324 4877 4822 5037 4996 5086 4532 5145 5051 4565 5095 4975 5540 4933 4887 5062 4836 4764 4951 4775 4750 4900 4694 4613 5115 5093 4826 5008 5000 4611 4967 5047 4761 5083 4872 4920 5103 4788 4623 4828 4994 4826 4688 5063 4751 4929 5285 4858 4532 4725 4811 4912 4750 5044 4572 5128 4394 5252 4792 4694 5006 4835 5307 5138 5370 5213 5067 5185 5105 4486 4957 5074 4596 5313 5023 5045 4601 4970 4868 5070 5268 5037 4551 4845 4381 4844 4916 4977 4920 4724 4786 4882 4877 5072 5053 4825 5215 4975 4893 5062 4771 5077 4856 4989 4755 4890 4974 4970 4761 4680 4816 5547 4878 4983 4523 4982 5017 4837 4951 4726 4259 4936 4559 4760 4659 4948 4861 4365 4402 5045 4729 4880 4918 4870 5033 4702 4736 4769 5188 4828 5042 4997 5068 4964 4845 4584 4725 4867 4876 4575 4684 4921 4821 4696 5100 4688 5142 4553 4680 4585 5163 4966 4909 4796 4694 5200 4727 4982 4871 4881 5066 5001 4980 4742 5138 4976 4830 5153 5000 5068 4990 4789 4829 
5136 5031 4889 4710 5117 5166 4676 5032 5018 4906 4985 5157 4965 5270 5145 4740 5076 4604 5151 4995 4994 4714 4743 4864 5094 4763 4821 4813 5040 5029 5372 5593 4446 5125 4837 5369 5003 5257 4713 4512 4853 5038 5069 5181 5122 4940 5335 5380 4457 4943 4975 4732 5037 5107 4900 5438 5190 5052 4681 5068 4799 5112 4502 5125 4938 4716 4762 4987 5411 5310 4996 4810 4857 5093 5024 4761 5235 5022 5081 4599 4943 5089 4739 5021 5395 5370 4990 5068 5180 4880 4820 5108 4750 4885 5153 4881 4503 5461 5083 4897 5113 5008 4957 4949 5352 4764 4969 5058 5046 5446 4893 4773 4961 4984 5063 4724 5049 4678 4792 5266 5129 5068 4970 4694 5044 4886 5355 4601 5204 4824 4995 5070 4975 5032 5236 5253 5214 5448 5098 5044 5350 5072 4940 5201 5303 4494 4973 5141 5108 5138 5247 5026 5332 5284 5115 4619 4435 4826 5102 4945 5238 4906 5109 4660 4987 5100 4871 5007 4929 5157 5081 5011 5090 5341 5095 4994 5088 4899 5004 5105 4959 5026 4886 5053 5357 4872 5234 4730 5149 5040 4791 5008 4996 4536 4897 4547 4947 4807 5130 5075 4524 4548 5086 4946 5162 5114 4957 5204 5045 4761 4814 4920 4972 4788 4975 5175 4819 5131 4532 5078 4954 4949 4854 4762 4830 5275 4753 4966 4760 5305 4940 4826 4653 5037 5046 5334 4844 4997 5605 4815 4885 5141 4907 4879 5068 4926 4779 5214 5173 4802 5249 4825 5084 4919 4627 5016 
4997 4897 4871 4746 4933 5323 4930 5031 4660 5083 5244 4829 5071 5160 5101 4803 5143 4800 5388 4912 4924 4832 4822 5101 5033 4636 4887 4879 5254 4687 5389 5432 4795 5101 5151 5004 4757 5181 5165 4412 5005 5305 4897 5125 5165 4929 5211 5317 4592 4865 5392 4745 5134 5093 4638 5247 5271 4954 4743 5248 4688 5143 4643 5109 4901 4719 4997 5000 5530 5099 4682 4846 5071 5228 5102 5069 5357 5126 5008 4813 5147 5126 4615 5356 5113 5544 4907 4751 5134 5017 4918 4988 4926 5015 4896 5224 5084 5562 5179 4842 5140 4965 4638 4970 5340 4834 5097 5071 4836 5121 4848 4879 5008 5070 5090 4748 5024 4969 4700 5222 5126 5255 4754 4783 4878 4882 5443 4826 5087 4689 5327 4833 4984 4914 5254 5092 5098 5265 5129 5254 5460 5140 4881 4943 5095 4520 5076 5063 5068 4683 5052 5049 5516 5306 4892 4636 4780 4688 5121 4843 5212 4956 5150 4874 4919 4840 5075 5125 5059 5063 5286 4846 4979 4951 5024 5186 4977 4820 5210 5156 4878 4810 4838 5086 5428 4826 5043 5205 5078 5117 5010 5068 4974 4561 4852 4716 4932 4932 5078 5157 4673 4397 5191 4948 5280 5098 4809 5071 4987 4726 4650 4836 4636 4785 5009 5106 4790 5144 4843 5102 4552 4821 5031 4598 4963 5108 4562 5051 4807 5395 5069 4857 4756 5167 4987 4996 5191 5115 5332 4693 5038 5097 4804 5017 4982 4662 4765 5204 5079 4634 4908 5096 5494 4888 4919 4981 
5403 4922 5328 4561 5358 5515 4946 5329 4771 5058 5265 5256 4842 5292 5263 4730 5289 4653 5561 4866 5375 4763 4861 5120 5224 4769 4742 4754 5328 4936 5606 5563 5038 5314 5040 5336 5319 5457 5089 4727 4948 5425 4926 5065 5232 5041 5488 5398 4575 5151 5348 4955 5310 5074 4839 5274 5352 5184 4927 5158 4959 5056 4766 5100 5053 4772 5141 5005 5407 5337 5112 4971 4884 5234 5173 4989 5292 5442 5212 5188 5283 5469 4915 5268 5411 5843 5091 5100 5418 4939 5063 5078 5179 4829 5338 5373 4923 5450 5306 5032 5189 5251 4834 5128 5477 4692 5316 5185 4908 5175 4959 4950 5129 5035 5052 5207 5060 4967 5036 5497 5212 4870 4923 4663 5058 4914 5453 4891 5127 4612 5172 5116 5013 5128 5224 5375 5154 5756 5465 5086 5309 5268 5134 5345 5456 4872 5436 5285 5242 5052 5174 5066 5071 5799 5157 4973 4815 4826 4984 4898 5176 5265 4892 4973 5177 5251 5166 5077 4874 5419 5287 5356 5261 5013 5007 5258 5117 4992 5283 5457 5070 4715 4981 4995 5709 5312 5021 4933 5030 5210 5042 5295 5100 4643 4934 4544 5067 4752 5389 5282 4729 4814 5158 4954 5138 5103 5107 5395 4962 4903 4860 5026 5028 4585 5105 5319 5036 5295 5109 5128 4912 5008 4713 4815 5108 5088 4854 5193 5076 5500 4832 5074 4812 5131 5152 5378 5258 5049 5422 5030 5305 5290 4911 5205 5254 5215 4953 5360 5162 4865 5226 5289 5051 5128 4822 5251 
5410 5366 4980 4972 5480 5424 5139 5417 5117 4999 5263 5019 5057 5469 5244 5296 5268 4914 5432 5081 5388 5035 5221 5175 5555 4884 4897 5093 5595 5475 5639 5610 5090 5183 4903 5120 5166 5642 5410 4745 5205 5347 5291 5280 5192 5161 5691 5573 4962 5075 5513 5135 5340 5109 4954 5675 5261 5235 4982 5562 5227 5298 4813 5345 5097 4948 4938 5303 5567 5492 5361 5458 5044 5527 5412 5237 5465 5340 5296 4685 5281 5408 4836 5554 5571 5887 5239 5349 5260 5138 5032 5295 5414 5316 5201 5361 5323 5381 5611 5246 5358 5190 4989 5198 5603 4827 5284 4948 4931 5455 5437 5125 5102 5313 5383 5161 5352 5187 5094 5735 5365 5329 4952 4968 5019 5282 5614 5074 5265 4834 5280 5358 5001 5123 5346 5390 5357 5618 5421 5401 5677 5455 4923 5527 5659 4933 5259 5207 5512 4963 5318 5303 5402 5839 5197 4930 5084 5025 5326 5299 5424 5401 5206 4802 5258 5333 5275 5392 5165 5524 5352 5241 5484 5261 5130 5437 5477 5026 5278 5265 5234 4935 5273 5398 5659 5158 5302 5062 5110 5307 5202 5475 4867 4559 5373 4847 5264 5146 5036 5508 4864 4997 5448 5055 5650 4986 5091 5695 5459 4839 5256 5160 5056 4997 5004 5387 5356 5365 5037 5300 5028 5088 4629 4878 5365 5173 4892 5509 5235 5622 4967 5012 5067 5243 5397 5769 5178 5209 5782 5062 5429 5254 5223 5397 5312 5443 5181 5405 5131 4877 5327 5231 5262 5107 5198 5431 
5878 5803 5471 5585 5736 6002 5617 5910 5725 5567 5914 5728 5438 5696 5881 5672 5877 5165 6140 5265 5658 5564 5050 5579 5971 5499 5421 5402 5794 5334 6023 6208 5307 5954 5692 5830 5710 5993 5835 5173 5482 5929 5639 5613 5446 5675 5966 6044 5398 5631 5836 5360 5852 5787 5172 5941 5927 5874 5507 5813 5399 5499 5304 5722 5438 5681 5717 5438 6141 5971 5612 5713 5646 6085 5635 5499 5981 5840 5618 5281 5821 5746 5343 5875 5970 6172 5708 5629 5985 5384 5956 5606 5524 5703 5729 5888 5656 6502 6156 5627 5963 5730 5534 5723 6109 5365 5608 5749 5443 5663 5714 5292 5671 5543 5850 5789 5821 5652 5842 6109 5910 5831 5412 5612 5529 5570 6116 5401 5888 5365 5722 5812 5468 5437 5853 5743 5711 6336 6058 5813 5870 5852 5472 5742 5792 5382 5738 5852 5803 5430 6042 5741 5776 5754 5572 5407 5405 5403 5951 5629 6059 6005 5672 5674 5592 5748 5560 5821 5527 5693 5908 5516 5572 5888 5559 6099 5637 5526 5543 5920 5749 5498 5296 5793 6192 5700 5546 5644 5521 6087 5554 5796 5384 5074 5751 5172 5565 5552 5784 5685 5199 5240 6012 5492 5545 5825 5470 5823 5485 5379 5487 5763 5400 5438 5730 6039 5628 5937 5436 5682 5468 5649 5272 5395 5604 5817 5254 5883 5566 5957 5585 5565 5498 5797 5734 6135 6074 5622 6086 5449 6018 5930 5425 5866 6187 5731 5438 5840 5581 5255 5922 6095 6082 5473 5378 5972 
5731 5818 5309 5109 5840 5963 5311 5591 5640 5260 5682 5516 5392 5624 5776 5314 5950 5286 6033 5324 5981 5452 5327 5610 5749 5138 5274 5379 5757 5294 6321 6218 5299 5868 5507 5662 5427 6091 5852 5092 5722 5806 5704 5514 5478 5587 5702 5816 5483 5270 5749 5518 5851 5847 5484 5871 5887 5744 5367 5638 5431 5491 5448 5768 5437 5383 5563 5643 6018 5834 5630 5837 5639 5867 5691 5623 5964 5595 5669 5281 5910 5767 5397 5923 5879 6232 5421 5623 5990 5421 5549 5625 5712 5631 5647 5706 5473 6198 5807 5536 5866 5674 5605 5756 6190 5331 5695 5809 5572 5959 5504 5450 5698 5599 5827 5711 5673 5230 5558 6072 6086 5285 5445 5331 5402 5690 6060 5412 5639 5567 5817 5534 5465 5573 5557 5752 5699 5914 5776 5993 5966 5571 5421 5877 5928 5345 5658 5692 5815 5449 5693 5764 5831 6081 5691 5376 5558 5324 5809 5593 5692 5649 5704 5488 5524 5706 5818 5888 5392 5731 5792 5650 5827 5841 5687 5587 5555 5563 5403 5590 5798 5467 5248 5812 6195 5354 5882 5518 5771 5751 5460 5855 5411 4838 5692 4945 5610 5693 5679 5591 5237 5299 5719 5459 5554 5395 5658 5919 5602 5286 5570 5931 5516 5244 5538 5785 5391 5696 5455 5755 5549 5786 5332 5441 5413 5615 5444 5588 5584 6260 5331 5502 5540 5806 5834 5945 5844 5747 6117 5689 6014 5887 5938 5843 5848 5717 5560 5725 5321 5234 5560 5703 5754 5803 5433 5792 
5070 4984 4877 4554 5096 5439 4681 4661 4790 4812 5068 4986 4901 5125 5137 4739 5122 4720 5266 4891 4980 4859 4874 4925 5208 4623 4649 4747 5082 4937 5304 5323 4905 4920 4906 5020 4924 5285 4883 4572 4871 5043 4756 5119 5020 4872 5255 5305 4829 4979 5043 4821 4949 4888 4632 5188 4902 4876 4802 4832 4658 4911 4619 4834 4774 4376 4728 4722 5118 5246 5040 4948 4850 5032 4754 4866 5242 4918 5039 4777 5139 5165 4666 5490 5048 5667 4882 4818 5456 4629 4733 5015 5009 4731 5125 5078 4526 5264 4859 4966 4839 5026 4529 5051 5389 4582 5173 4918 5036 5128 5083 4571 4763 4882 5108 4999 5068 4594 4917 5072 5100 4932 4572 4595 5000 4862 5198 4629 5046 4926 5302 4901 4711 4737 4826 5124 4832 5204 5062 5221 5347 5004 5193 5101 5117 4487 4986 5262 5094 4859 5058 4788 5149 5558 4961 4662 4682 4833 5117 4725 5289 5048 4713 4867 4865 5097 5145 5382 4709 5074 5235 4736 4985 5092 4915 5049 5207 4950 5019 5035 4803 4580 4889 4914 5441 5025 4794 4805 4796 4732 4886 5102 4677 4417 4937 4442 4913 4904 5016 5167 4529 4538 4961 4640 5143 5056 4950 4985 5117 4426 4765 4784 4702 4547 4953 4995 4853 5082 4754 4930 4801 5149 4751 4597 4811 5236 4546 5039 4817 5091 4807 4839 4844 5002 4871 5222 4981 4942 5385 5014 5110 5172 4890 5024 4840 5121 4501 5343 5030 4550 5165 4853 5187 5069 4660 5264 
5113 4945 5045 4739 5099 5219 4660 5137 4853 4512 5234 4858 4824 5022 4922 4692 5113 4610 5026 4945 5016 4642 4630 4913 5019 4439 4721 4540 5297 4589 5258 5460 4790 4966 4456 4758 4807 5398 4908 4257 4420 5085 4621 5036 4983 4680 5378 5161 4907 4716 5039 4767 5292 4745 4631 5384 4841 4799 4464 4913 4574 4744 4500 5054 4810 4786 4717 4566 5417 4847 4990 4805 4815 4953 4643 4980 5042 4850 4929 4486 4896 5017 4539 4945 5028 5595 4906 5023 5047 4676 4688 4793 4960 4606 4978 4977 4825 5190 5054 4710 4810 4870 4450 4867 5302 4583 5101 4752 4615 5012 5027 4600 4819 4655 5012 4687 4946 4619 4878 5273 5040 5125 4645 4623 4511 4935 5251 4560 4922 4766 4965 4816 4749 4927 4722 4998 5042 5257 5193 4998 5063 5150 4763 5056 5066 4448 5128 4998 4980 4683 5117 4999 5023 5301 4866 4644 4556 4696 5124 5038 5020 4831 4516 4709 5125 4859 4793 5248 4651 4845 5128 4915 4547 5039 5021 4874 5033 4805 4990 4909 4769 4764 4629 4822 5609 4838 4729 4709 4885 5083 4635 4927 4585 4340 4790 4425 5062 4743 5045 4958 4350 4393 4917 4973 5152 4912 4734 5005 5172 4482 4496 4737 4746 4804 4918 4886 4952 4889 4865 4819 4929 4855 4611 4654 5091 5183 4628 5084 4685 5247 4439 4756 4499 5367 4705 5072 4978 4838 5535 4962 4887 5057 4566 5044 5069 4732 4628 4883 4651 4557 4879 5041 5179 4777 4635 4855 
5614 5478 5288 5138 5671 6154 5324 5587 5379 5230 5754 5377 5311 5723 5599 5145 5479 5368 6032 5406 5789 5218 5114 5875 5908 5235 5084 5220 5748 5314 5998 5855 5496 5681 5441 5431 5405 5826 5589 5096 5254 5864 5535 5495 5722 5553 5676 6110 5208 5214 5551 5546 5800 5504 5268 5756 5852 5591 5264 5752 5417 5384 5081 5470 5397 5324 5480 5426 5861 5769 5564 5419 5378 5979 5620 5354 5657 5417 5481 5313 5467 5756 5073 5912 5997 5998 5492 5617 5625 5226 5507 5525 5562 5673 5631 5560 5573 6006 5782 5221 5361 5846 5286 5745 5987 5290 5596 5357 5362 5557 5578 5119 5380 5635 5568 5722 5515 5294 5379 5902 5999 5638 5214 5267 5476 5460 5528 5248 5781 5305 5803 5509 5506 5385 5367 5853 5703 5966 5728 5676 5705 5917 5449 5516 5721 5179 5553 5697 5660 5437 5661 5619 5538 6014 5493 5235 5211 5262 5628 5333 5864 5662 5394 5341 5696 5562 5510 5703 5330 6024 5985 5700 5488 5929 5627 5669 5426 5342 5475 5505 5736 5309 5430 5607 6155 5378 5566 5426 5371 5748 5614 5375 5414 4992 5432 5109 5515 5321 5629 5728 5191 5052 5565 5726 5623 5491 5163 5663 5564 5342 5293 5794 5325 5331 5836 5565 5540 5529 5518 5627 5383 5488 5272 5221 5642 5483 5301 5589 5710 6023 5453 5449 5490 5559 5631 5871 5746 5533 6087 5361 5797 5742 5435 5768 5838 5553 5133 5650 5319 5284 5781 5665 5645 5411 5308 5585 
5653 5402 5409 4994 5518 5599 5053 5558 5307 5237 5569 5495 5451 5659 5573 5219 5476 5162 5682 5528 5504 5320 5353 5310 5447 5122 5327 5337 5647 5204 5793 5940 5212 5434 5347 5471 5401 5859 5483 4771 5267 5562 5727 5712 5400 5496 5632 5806 4982 5157 5448 5247 5534 5591 5105 5860 5691 5380 5224 5426 4977 5611 5067 5678 5430 4900 5279 5335 5811 5624 5597 5479 5186 5889 5715 5308 5454 5488 5454 5299 5702 5545 4929 5759 5524 6173 5343 5437 5767 5010 5113 5633 5568 5363 5597 5301 5241 5997 5676 5327 5355 5477 5327 5312 5853 5132 5576 5611 5300 5828 5492 5031 5206 5285 5462 5406 5551 4970 5327 5867 5574 5490 5176 5224 5222 5491 5796 5374 5573 5197 5466 5540 5283 5583 5423 5928 5529 5904 5878 5575 5958 5640 5409 5552 5643 5168 5681 5720 5531 5670 5446 5526 5685 5856 5708 5253 5103 5155 5312 5386 5830 5674 5563 5446 5427 5594 5711 5795 5399 5722 5487 5686 5790 5765 5291 5676 5482 5245 5634 5707 5501 5328 5447 5535 5887 5563 5571 5128 5481 5480 5354 5740 5423 4787 5479 5161 5112 5290 5528 5700 5179 5161 5649 5343 5500 5557 5543 5692 5423 5128 5222 5495 5245 5258 5749 5507 5524 5343 5041 5591 5160 5812 4875 5319 5463 5425 5284 5273 5364 6163 5226 5386 5374 5582 5678 5644 5718 5329 6023 5365 5759 5575 5361 5509 5698 5647 5250 5567 5524 5240 5983 5308 5333 5352 5300 5600 
5323 5519 4942 5327 5217 5636 5088 5166 5127 4922 5292 5231 4927 5501 5101 4874 5175 4953 5480 5138 5231 5306 4782 5510 5264 4764 4969 4840 5575 5177 5806 5385 4922 5463 5346 5218 5153 5493 5176 4799 5177 5314 5097 5230 5003 5287 5428 5422 4922 5169 5559 5252 5524 5273 4925 5485 5483 5286 5035 5199 4952 5155 5088 5471 5276 4838 5060 5251 5862 5446 5333 4937 5372 5520 5281 4933 5700 5292 5203 5000 5260 5406 4750 5552 5534 5726 5159 5227 5521 5163 5332 5298 5433 5358 5131 5573 5163 5613 5460 5171 5256 5357 4923 5319 5726 4957 5590 4891 5013 5462 5121 5167 5069 5293 5361 5397 5440 5172 5203 5263 5587 5076 4864 4914 5228 5275 5536 4745 5291 5086 5520 5245 5152 5325 5155 5543 5126 5505 5595 5239 5390 5460 5325 5492 5415 5019 5208 5413 5356 5116 5385 5300 5398 5577 5344 5085 4879 4838 5480 5005 5728 5265 5053 5193 5422 5107 5172 5505 5187 5428 5565 5146 5190 5493 5273 5639 5514 5200 5276 5462 5368 5042 5089 5162 5851 5161 5434 5222 5197 5468 5202 5222 4975 4642 5186 4812 5084 5069 5332 5287 4838 5006 5401 5119 5504 5326 5198 5297 5249 5071 4985 5106 5010 4802 5322 5233 5335 5321 5147 5460 5169 5203 5001 4898 4945 5029 5112 5112 5043 5521 5205 5116 5207 5545 5190 5521 5301 5162 5680 5074 5085 5630 5235 5577 5389 5268 4793 5379 5147 4964 5420 5134 5604 5207 4996 5344 
5606 5414 5189 5338 5447 5527 5178 5447 5319 5092 5706 5523 5036 5510 5650 4786 5506 4901 5794 5273 5452 5537 5298 5132 5619 5383 5123 5162 5622 5428 5879 5687 4927 5347 5566 5423 5304 5734 5593 4936 5279 5791 5522 5543 5473 5367 5524 5654 5127 5277 5625 5206 5598 5416 5031 5836 5652 5372 4923 5650 5288 5287 5282 5403 5543 5173 5315 5495 5841 5564 5251 5332 5293 5550 5540 5317 5542 5528 5292 5002 5557 5464 5148 5673 5727 5611 5457 5163 5589 5270 5042 5465 5533 5259 5569 5653 5367 5927 5891 5263 5497 5517 5087 5482 5863 5103 5619 5394 5426 5751 5263 5260 5269 5380 5317 5388 5234 5360 5317 5758 5672 5387 4875 5082 5260 5643 5810 5104 5469 5072 5620 5315 5410 5280 5518 5791 5532 5877 5697 5294 5666 5479 5345 5787 5799 5120 5327 5432 5316 5337 5632 5532 5659 5409 5564 4992 4826 5044 5734 5437 5742 5613 5146 4930 5625 5615 5185 5712 5250 5632 5580 5234 5508 5532 5482 5488 5404 5179 5484 5423 5236 5086 5244 5280 5904 5343 5274 5093 5357 5325 5590 5357 5026 4697 5544 4716 5201 5144 5478 5439 4800 4959 5656 5273 5722 5372 5083 5562 5599 5165 5042 5609 5301 5083 5591 5567 5352 5530 5264 5581 5174 5449 5296 5056 5365 5458 5186 5522 5232 5849 5357 5311 5365 5570 5486 5621 5415 5225 5881 5229 5407 5212 5187 5624 5552 5320 5502 5579 5224 5148 5795 5620 5392 5201 5315 5749 
5030 5200 4990 5028 5322 5189 4802 5100 4808 5086 5339 5246 5086 5497 5081 4908 5190 4574 5507 4976 5187 5177 4878 5209 5277 4920 4900 4834 5468 4910 5396 5283 4800 5297 5134 5078 5087 5497 5220 4776 4964 5133 5127 5386 5248 5075 5260 5038 4746 5117 5499 4893 5421 5110 4878 5358 5512 5287 4922 5200 4730 5020 4788 5284 5061 4888 4831 5025 5376 5427 5226 5060 4876 5369 5119 4824 5122 5021 4860 4769 5265 5358 4657 5415 5198 5560 5149 4881 5429 5066 4844 5190 5175 5013 5263 5172 4891 5529 5394 4994 5038 5222 4988 5339 5600 4642 5164 4881 5161 5322 4849 4798 4894 5063 4828 5059 5110 5083 5283 5412 5276 4923 4770 4624 5141 5015 5295 4864 5260 4893 5265 5110 4844 5051 4838 5196 5412 5368 5425 5350 5672 5200 4918 5106 5609 4803 5391 5181 5341 4742 5398 5130 5125 5764 5237 4735 5075 4628 5234 5107 5070 5149 5049 5187 4990 5123 5202 5307 5123 5358 5515 5165 5420 5339 4890 5179 5051 5085 5070 5084 5014 4833 4623 5129 5521 4990 5214 5076 5035 5354 5229 5063 4941 4580 5302 4538 4859 4967 4956 5170 4763 5032 5167 5091 5340 5238 5042 5275 4938 4763 4888 5278 4881 5077 5074 5132 5094 5231 4962 5114 4954 5049 4810 4966 5112 5003 4878 5182 5114 5563 4749 4934 5161 5140 5173 5409 5081 5179 5629 5134 5302 5246 4961 4916 5325 5311 4898 5407 5162 5133 5423 5186 5284 5233 4918 5200 
5580 5536 5286 4895 5697 5806 5376 5597 5186 5033 5499 5413 5265 5670 5637 5019 5471 4990 5801 5179 5649 5279 5378 5420 5489 5196 5300 5067 5742 5277 5999 5958 5300 5826 5234 5398 5419 5795 5481 4822 5402 5555 5286 5464 5576 5350 5422 5544 5021 5405 5646 5447 5629 5410 5128 5792 5625 5597 4997 5551 5137 5456 5012 5462 5483 5097 5384 5178 5723 5777 5286 5669 5262 5805 5602 5486 5804 5429 5365 5137 5669 5719 5320 5599 5731 6032 5376 5403 5685 4986 5301 5374 5556 5565 5362 5549 5331 5731 5782 5454 5162 5389 5126 5412 5764 5273 5659 5590 5315 5497 5443 5226 5348 5508 5452 5382 5625 5215 5279 5869 5699 5161 5085 5101 5586 5219 5795 5162 5336 5135 5491 5497 5120 5470 5577 5870 5767 5717 5647 5396 5693 5672 5308 5747 5743 5152 5540 5551 5821 5256 5447 5510 5689 5870 5700 5241 5097 5108 5408 5389 5855 5757 5383 5392 5314 5413 5579 5746 5583 5560 5520 5357 5772 5640 5297 5390 5451 5525 5544 5492 5387 5212 5470 5194 5955 4999 5448 5105 5353 5591 5349 5524 5093 4781 5325 4986 5168 5188 5513 5473 5150 4888 5617 5152 5653 5308 5417 5602 5472 5088 5103 5334 5311 5189 5397 5604 5294 5447 5192 5429 5090 5449 5161 5252 5465 5524 5401 5298 5238 5890 5229 5552 5102 5474 5516 5571 5634 5086 5871 5200 5461 5404 5497 5721 5574 5395 5128 5708 5497 5117 5640 5701 5678 5573 4984 5604 
5469 5204 5142 4724 5413 5392 4889 5295 5218 5186 5419 5134 4986 5517 5169 5054 5307 4707 5577 5178 5341 5167 4922 5331 5484 4928 4760 5084 5589 4812 5584 5729 4928 5416 5261 5496 5283 5666 5416 4742 5030 5431 5391 5217 5150 5170 5416 5478 5154 5206 5445 5179 5489 5433 5094 5416 5451 5410 4887 5202 4798 5254 4875 5587 5246 5062 4879 5173 5352 5285 5321 5310 5239 5536 5353 5309 5510 5332 5141 5047 5211 5410 5342 5601 5592 5694 5425 5245 5413 5079 5264 5098 5312 5069 5345 5448 5042 5713 5332 5366 5162 5465 4863 5378 6046 4936 5376 5327 5296 5538 5312 4986 5040 5285 5288 5336 5097 4962 5411 5492 5918 5287 4937 4839 5235 5352 5488 5126 5518 5270 5053 5297 5184 5162 5247 5459 5284 5692 5376 5464 5814 5501 5017 5446 5836 5012 5327 5586 5385 5129 5367 5299 5238 5546 5322 5070 4957 4732 5314 5367 5595 5411 5001 5008 5303 5204 5348 5646 5119 5392 5684 5249 5213 5343 5119 5284 5052 5007 5371 5395 5216 5009 5002 5205 5785 5242 5318 4952 5119 5332 5398 5363 5099 4593 5344 4631 5238 5170 5256 5317 5007 4669 5220 5182 5180 5151 5139 5403 5266 4963 5157 5298 5345 4930 5447 5398 5129 5551 5187 5464 5083 5686 5003 5119 5055 5429 5074 5368 5202 5808 5253 5169 5199 5689 5224 5706 5725 5377 5823 5030 5669 5407 5088 5635 5523 5403 5138 5599 5039 4983 5564 5265 5052 5136 5181 5471 
5616 5286 5159 5052 5490 5510 4892 5436 5096 5346 5485 5626 5047 5647 5449 4999 5277 4971 5701 5383 5333 5079 5057 5304 5565 5009 4995 5252 5528 5079 5865 6002 5264 5615 5471 5544 5425 5624 5761 4804 5060 5588 5310 5665 5358 5151 5590 5646 4993 5204 5839 5369 5277 5344 5177 5596 5387 5378 5067 5581 4802 5626 5106 5646 5557 5110 5183 5112 5553 5702 5195 5389 5272 5616 5472 5418 5693 5352 5256 4982 5399 5535 5258 5790 5678 5662 5356 5407 5889 5042 5411 5585 5396 5354 5496 5597 5082 5761 5592 5404 5535 5357 5025 5451 5821 4884 5413 5424 5117 5863 5613 5080 5388 5256 5564 5276 5576 5329 5125 5893 5686 5189 4957 4986 5327 5484 5506 4962 5413 5077 5426 5320 5319 5380 5513 5557 5293 5715 5550 5371 5716 5698 5143 5511 5818 5064 5765 5637 5625 5138 5557 5014 5565 5825 5510 5005 4837 5060 5341 5124 5636 5197 5391 5221 5535 5375 5355 5510 5417 5644 5824 5121 5337 5389 5507 5258 5474 4937 5359 5526 5366 5143 5242 5470 5799 5267 5501 5105 5406 5386 5586 5415 5019 4561 5289 4787 5342 5382 5202 5464 5024 4864 5263 5421 5493 5318 5251 5426 5419 4955 5172 5360 5402 5126 5455 5254 5229 5438 5267 5416 5229 5388 5094 5074 5439 5374 5192 5358 5353 5899 5044 4940 5247 5471 5596 5616 5335 5208 6005 5263 5370 5348 5074 5604 5606 5502 5071 5710 5444 5134 5819 5392 5625 5426 5045 5427 
5051 5083 4765 4667 5198 5282 4741 5037 4655 4698 4857 4901 4736 5017 4754 4560 5032 4679 5334 4899 4777 4742 4817 4939 5130 4592 4716 4548 5128 4507 5177 5194 4747 5123 4977 4919 4911 5377 5222 4311 4698 5181 4918 4941 4940 4800 5103 5245 4642 4862 5374 4980 5050 4965 4567 5099 4936 5039 4793 5012 4508 4769 4734 5144 4901 4644 4524 4777 5304 5155 4928 4981 4581 5391 4967 4895 4820 4815 4921 4927 5071 4907 4909 5230 5334 5334 4910 4661 5199 4859 4712 4877 5056 4665 5011 5181 4916 5078 5236 4913 5073 4940 4693 5132 5399 4489 5212 5027 4768 5023 4883 4744 4819 4892 4790 4967 5162 4819 4862 5104 5417 4749 4417 4572 4825 5071 5337 4448 5194 4852 4981 4868 4742 5133 4799 5324 4992 5100 5159 5275 5149 5071 4516 4878 5450 4709 5043 5092 4987 4547 5194 4865 5026 5205 5070 4572 4349 4559 4988 4745 5154 5099 4700 4826 4953 4780 4980 5297 4902 5144 5267 4997 5020 4910 5034 5197 4903 4825 5076 5041 5055 4761 4723 5018 5326 4764 5168 4889 4899 5094 4779 4896 4833 4244 5128 4354 4806 4791 5047 5151 4728 4692 5152 4782 4974 4815 4771 5224 4986 4821 4563 4904 4861 4832 5088 5005 4795 4625 5200 5153 4691 5012 4522 4561 4962 4806 4864 5066 4803 5520 4837 4792 4953 5015 5011 5118 5026 4784 5507 4748 4903 4915 4928 5123 5221 4935 4663 5302 5216 4636 5197 5091 5056 5127 4878 5200 
5002 5162 4713 4531 5223 5356 4495 5346 4671 4868 5193 4955 4606 5067 5227 4542 4999 4488 5246 4905 5117 4812 4498 4958 5181 4713 4708 4509 4976 4993 5085 5231 4628 4983 4906 4921 4936 5205 5025 4229 4713 5194 4983 4699 4975 4885 5064 5109 4735 4918 5072 4857 5079 5033 4749 5011 5290 4999 4536 4944 4953 4855 4585 5144 5157 4703 4893 4600 5322 5237 4683 4933 4822 5171 5215 4844 5380 4983 5053 4508 5070 5363 4615 5128 5110 5595 4845 4940 5393 4878 4978 4853 5065 4822 5196 5010 4756 5066 5235 4842 5080 5149 4479 4874 5398 4683 5305 4839 4974 4945 5074 4718 4828 4889 5077 4909 4817 4770 5064 5344 5193 4966 4597 4643 4765 4974 5059 4893 5008 4618 4977 5030 4953 4985 4905 5240 5098 5324 5148 5068 5176 5050 4924 4884 5111 4595 5327 5155 5197 4661 5150 4938 5050 5245 4966 4531 4840 4728 4868 4701 5120 4958 4814 4702 4953 4762 4985 5212 4958 5070 5257 4902 4793 5021 4975 5043 5000 4741 5004 5163 4767 4790 4940 4947 5742 4819 5111 4842 5070 4953 5028 4765 4826 4287 5048 4437 4981 4861 5109 5017 4866 4453 4899 4747 5034 4853 4881 5027 5001 4739 4906 5187 4836 4700 5056 5047 4749 4943 4889 4890 4933 4945 4654 4770 4978 5003 4686 4866 5024 5318 4808 4870 4800 5262 5050 5107 4933 4976 5451 4835 4994 4985 4898 5178 5056 4897 4727 5262 4716 4903 5292 4805 5202 5023 4694 5022 
5022 5138 4573 4618 5284 5223 4813 5257 4690 4814 5379 5221 4557 5180 5014 4632 5082 4650 5425 4878 5033 4835 4690 4957 5076 4644 4649 4652 5343 4749 5433 5315 4795 5197 4952 5067 5110 5526 5158 4460 4932 5168 4889 5055 4934 4944 5233 5093 4664 4820 5344 4958 4954 4925 4653 4888 4979 5038 4709 5035 4709 4651 4785 4940 5033 4755 4786 4749 5315 5285 4885 4989 5008 5356 4863 4935 5016 5045 4959 4506 5295 5392 4613 5134 5161 5250 4973 5169 5235 4699 4885 4912 5159 4803 4862 5006 4896 5479 5038 5083 5332 5042 4802 4929 5446 4604 5092 4899 4891 5310 4556 4412 4841 4836 5129 5122 4723 4504 4770 5440 5173 4828 4772 4670 4829 4910 5099 4912 5087 4467 5291 5052 4753 4719 5035 4987 5043 5184 5093 5021 5350 5145 4770 5343 5172 4766 5136 5119 5263 4723 5156 4890 4992 5264 5127 4614 4539 4596 4984 4732 5097 4995 4738 4678 5067 5039 5053 5150 5053 5380 5161 4889 5317 4934 4891 4901 4947 4640 4799 5060 5227 4524 4979 4985 5389 4956 5171 4921 5047 4896 4979 4877 4687 4256 5171 4324 4766 4834 4999 4950 4646 4469 5091 4734 5018 4913 5021 5188 4855 4491 4932 4965 4961 4811 5003 5136 4893 4842 4713 5067 4908 4909 4694 4831 4779 4868 4987 5038 4982 5399 4704 4943 4728 5233 5034 5143 5096 5298 5311 4973 4913 4808 4837 5179 5003 4912 4664 5407 4756 4737 5164 5132 5204 4968 4765 5129 
5198 5264 5195 4773 5315 5272 5102 5173 4941 4663 5306 4990 4755 5143 4992 4883 5263 4805 5233 5020 5016 4986 4919 4916 5333 4705 4713 4777 5267 4842 5416 5587 4935 5009 5171 5153 5102 5529 5197 4431 4938 5394 4863 5102 4936 4901 5670 5233 4804 4842 5536 5124 5308 4939 4754 5327 4875 5008 4768 5282 4905 5249 4830 5142 5151 4938 4982 4930 5243 4992 5137 5218 4852 5095 5022 5204 5280 5633 5094 4720 5254 5128 4901 5345 5335 5584 5338 5043 5138 4922 4850 5264 5174 4698 5010 5143 4859 5459 5599 5176 5070 5031 5026 5019 5517 4650 5324 5186 5035 5436 5028 4907 4940 4886 5163 4895 5357 5092 5151 5496 5330 5018 4661 4662 4864 5147 5429 4808 5078 4523 5009 5114 4837 4968 4935 4967 5160 5541 5280 5297 5442 5236 4984 5509 5449 4745 5145 5421 5131 4810 5017 5119 5546 5530 4915 4809 4755 4860 5197 5197 5147 5040 4939 5000 5079 5379 5013 5026 4884 5223 5218 4950 5501 5115 4868 5330 5328 4945 4971 5304 4894 4613 4751 5304 5653 5024 4981 5071 5005 5187 4969 5236 4938 4304 5287 4581 5151 4746 5362 5434 4689 4701 5211 4881 5250 4959 4985 5364 4971 4710 4871 4870 4984 4914 5016 5203 5049 5295 4874 5226 4712 5214 4641 4744 4976 5114 4660 5332 5050 5296 5196 4884 4864 5439 5156 5457 5172 5212 5634 4824 5307 5041 5088 5034 5213 5355 4885 5263 5065 4695 5271 5127 5244 5183 5069 5316 
5110 5062 4915 4666 5438 5518 4750 5008 4977 4637 5239 4838 4605 5309 5166 4739 5050 4623 5414 4871 4918 4664 4702 4948 5088 4652 4974 4877 5317 4839 5324 5424 4922 5071 5131 4821 5092 5538 5087 4250 4807 5166 4847 4987 4900 5036 4933 5134 4638 4800 5327 4840 4866 5048 4809 5318 5090 5215 4692 5060 4596 4718 4863 5243 5135 4715 4857 4499 5291 5171 4779 5021 5096 5496 5112 5207 5091 4957 5004 4608 5162 5233 4804 5218 5077 5427 5186 5217 5211 4867 4881 5039 5056 4955 5070 5095 4965 5420 5400 5090 5295 5227 5040 5099 5402 4609 5144 5099 4717 5396 5044 4678 4799 4682 5246 4907 5206 4569 4962 5376 5176 4889 4677 4741 4797 5128 5356 4705 5085 4539 4917 5105 4638 4905 4940 5108 5082 5287 5135 5185 5515 5246 5088 5199 5168 4527 5231 4988 5249 4592 5243 4766 5020 5383 5141 4879 4506 4669 5128 5195 5311 5022 4771 4891 4875 4994 4995 5598 5236 5536 5285 4763 5196 5081 5025 4817 4686 4913 4939 4974 5079 4741 4964 5077 5758 4703 4965 4880 4989 5127 5040 4883 4716 4684 5053 4771 4812 5013 4964 5019 4991 4492 5146 4931 5167 4947 4801 5059 5044 4661 4764 4955 4985 4992 5110 5073 4839 5083 5084 5130 4700 5104 4608 4808 5078 5037 4971 5106 5024 5276 4841 4719 4896 5386 5125 5106 5401 5197 5395 4916 4817 4852 4859 5150 4982 4987 4617 5058 4896 4815 5387 4710 5069 4971 4786 5292 
5795 5583 5502 5191 5718 6038 5279 5750 5297 5284 5629 5701 5495 5739 5700 5599 5714 5288 5890 5448 5786 5285 5149 5554 5744 5354 5195 5464 5953 5341 5927 5831 5130 5578 5669 5819 5531 5735 5728 4953 5519 6049 5709 5542 5630 5856 5803 5959 5154 5254 5966 5485 5637 5780 4992 6072 5938 5525 5297 5941 5317 5604 5363 5709 5630 5269 5331 5496 5926 5949 5385 5362 5645 6274 5581 5500 5724 5807 5916 5385 5878 5750 5613 5981 5602 6139 5621 5569 5929 5692 5327 5795 5987 5493 5811 5882 5441 6149 6014 5594 5569 5693 5241 5722 5953 5172 5827 5591 5513 5969 5616 5242 5511 5478 5975 5718 5503 5378 5465 6121 5746 5663 5294 5242 5621 5564 5964 5385 5672 5064 5509 5597 5598 5600 5814 5904 5837 5864 5916 5682 5838 5713 5403 5499 5792 5065 5835 5503 5764 5525 5882 5542 5607 5755 5802 5234 5092 5262 5649 5216 5722 5948 5654 5312 5593 5810 5751 5904 5393 5819 5901 5840 5700 5627 5558 5866 5857 5361 5802 5816 5335 5497 5474 5611 6102 5447 5487 5418 5480 5778 5705 5752 5291 5265 5643 4756 5669 5443 5612 5594 5091 5313 5907 5503 5584 5676 5481 5800 5653 5552 5376 5568 5408 5309 5680 5790 5591 5410 5608 6046 5279 5509 5140 5214 5362 5746 5303 5583 5772 5842 5499 5380 5332 5975 5639 5709 5801 5785 6095 5608 5750 5698 5705 5633 5715 5658 5489 5914 5711 5557 5749 5561 5840 5657 5454 5765 
5599 5280 5365 5203 5602 5975 5356 5680 5216 5355 5676 5238 5397 5647 5681 5272 5592 5210 5879 5194 5283 5343 5258 5453 5673 5161 5080 5138 5715 5237 5760 5852 5313 5441 5353 5490 5492 5858 5667 4959 5292 5673 5322 5599 5430 5323 5418 5391 5263 5424 5764 5322 5562 5635 5113 5795 5580 5558 5247 5573 4999 5329 5543 5664 5430 5062 5158 5380 5596 5817 5480 5478 5229 5760 5470 5448 5330 5353 5283 5056 5727 5581 5129 5855 5457 6013 5515 5425 6031 5170 5246 5464 5471 5367 5530 5448 5319 5846 5808 5554 5476 5431 5173 5883 6095 5156 5610 5543 5368 5877 5583 5176 5395 5295 5688 5475 5548 5100 5503 5973 5592 5172 5189 5323 5143 5415 5615 5370 5548 5038 5628 5706 5310 5259 5352 5446 5583 5526 5753 5505 5722 5502 5204 5667 5545 5007 5852 5679 5635 5533 5793 5189 5566 5743 5745 4970 4873 5001 5600 5326 5882 5783 5305 5215 5369 5502 5617 5810 5343 5550 5867 5246 5563 5470 5684 5513 5435 5170 5510 5737 5597 5190 5374 5235 5901 5258 5458 5158 5379 5644 5450 5487 5255 4808 5639 4834 5454 5134 5519 5400 5082 4953 5651 5250 5516 5594 5796 5607 5405 5043 5010 5481 5231 5322 5513 5840 5397 5346 5274 5559 5222 5413 5393 5247 5246 5588 5296 5630 5165 5786 5336 5382 5279 5488 5183 5810 5393 5387 5926 5316 5583 5560 5342 5639 5611 5387 5345 5735 5379 5120 5629 5637 5719 5565 4917 5550 
5480 5134 5141 5014 5238 5527 5157 5387 5236 5153 5283 5297 5153 5313 5326 4991 5353 5000 5756 5071 5307 5411 4799 5366 5532 4821 4901 5029 5384 5154 5857 5661 5202 5380 5248 5391 5200 5765 5459 4636 5144 5531 5203 5352 5468 5150 5589 5680 4965 5125 5290 5160 5278 5228 5113 5605 5317 5560 4789 5560 5156 5139 5164 5302 5079 4921 5213 4984 5500 5308 5159 5349 4991 5412 5285 5018 5772 5503 5128 5241 5372 5360 4835 5847 5371 5735 5124 5249 5648 5269 5131 5344 5267 5210 5454 5343 5294 5877 5427 5499 5390 5421 5093 5584 5760 5043 5519 5424 5058 5690 5370 5037 5296 5327 5254 5169 5150 4972 5357 5710 5681 5048 5004 4836 5232 5144 5259 5025 5188 4895 5370 5315 5104 5203 5305 5525 5172 5507 5554 5343 5331 5533 5002 5300 5510 5101 5514 5390 5253 5179 5308 5424 5177 5545 5346 5054 4886 4743 5217 5031 5598 5463 5271 5179 5326 5249 5210 5535 4928 5399 5467 5270 5178 5239 5473 5573 5258 4993 5189 5339 5127 5051 5023 5056 5995 5186 5538 5134 5387 5430 5345 5315 4975 4679 5228 4779 5110 5087 5245 5428 4866 4693 5365 5209 5361 5440 5352 5340 5123 5130 5026 5298 5155 5084 5317 5288 5363 5508 5268 5383 4915 5597 4876 4767 5107 5702 5105 5281 5154 5596 5052 5340 5211 5421 5143 5527 5535 5105 5641 5167 5242 5249 5034 5445 5185 5113 5233 5467 5244 5129 5332 5212 5461 5467 4850 5416 
5009 4887 4602 4581 5133 4986 4787 5004 4698 4427 4877 4849 4531 4923 4837 4602 5053 4475 5380 4583 4833 4901 4636 4633 4987 4657 4596 4672 4956 4656 5179 5072 4681 4811 4896 5082 4887 5304 4977 4544 4615 4907 4660 4807 4958 4886 5075 5056 4479 4930 4950 4547 4789 4943 4610 4867 4699 4766 4497 4745 4388 4859 4821 4786 4766 4635 4509 4743 5070 5065 4750 4956 4701 5020 4784 4809 5158 5086 4971 4523 5049 4794 4562 5019 4849 5236 4999 5032 5143 4533 4722 5027 4746 4837 4966 4825 4456 5115 5095 4884 4831 4980 4602 4743 5140 4366 4930 4821 4805 5064 4796 4569 4847 4828 5105 4690 5153 4623 5007 5219 5078 4625 4806 4730 4788 4725 4834 4734 4859 4541 4854 5007 4604 4875 5082 5091 5076 5128 4819 4930 5048 4973 4716 4820 4930 4567 4880 5287 4930 4703 4852 4909 4838 5149 5085 4550 4781 4479 4928 4925 5060 5199 4742 4643 4657 5007 5161 5114 4806 4940 5072 4657 5388 4921 4614 4912 5188 4592 4775 4890 4802 4299 4683 4796 5376 4590 4904 4795 4906 4891 4803 4917 4538 4274 4869 4502 4997 4504 5077 5066 4497 4354 5103 4751 4729 4788 4888 4833 4913 4319 4616 4692 4781 4597 4996 4883 4575 4714 4669 5022 4691 5150 4635 4428 4695 4926 4793 4758 4657 4917 4779 4715 4527 5065 4775 5100 4677 4991 5221 4670 4973 4820 4839 4905 4655 4832 4734 5091 4744 4484 4964 4898 5132 4911 4916 5175 
4926 5225 4804 4857 5095 5447 4860 5352 4955 4535 5115 5042 4764 5096 4949 4754 5296 4704 5419 4995 5257 4906 4819 4938 5184 4764 4587 4829 5225 4401 5422 5263 4830 5346 5029 4940 4957 5363 4914 4318 4742 5240 5077 5260 5089 5016 5348 5115 4640 4783 5411 5160 5496 5081 4929 5751 5255 5150 4673 5162 4513 4955 4643 5249 4918 4837 4996 5187 5133 5307 4998 4969 4662 5112 5071 4938 4914 5232 4711 5005 5209 5184 4730 5463 4918 5460 4862 4775 5401 4636 4807 5145 4962 4971 5395 5170 4743 5446 5378 5103 5041 5065 4854 4947 5509 4733 5096 4838 4947 5347 4958 4714 4883 4993 4921 5257 4866 5097 4843 5359 5181 4970 4675 4621 4895 4927 5508 4683 5208 4718 5101 5232 4745 5349 4852 5287 5298 5493 5468 5029 5206 5129 4979 4949 5282 4916 5205 5533 5157 4894 5219 5169 4964 5321 5133 4782 4668 4576 5183 5048 5195 4896 4907 4828 5151 5258 4960 5154 4913 5296 5496 4820 5221 5059 5219 5183 5036 4842 4992 5350 5170 4777 4933 5206 5291 4913 5170 4947 5100 5054 4972 5174 5120 4442 5165 4481 4832 5033 5152 5102 4513 4684 5183 4900 5310 5006 4724 5337 5129 4762 4783 4988 4799 5016 5027 5337 4884 5106 4753 5000 4959 5119 4676 4520 4873 5054 5141 5229 5009 5467 4939 5011 4838 5168 5368 5267 5331 4982 5510 4883 5194 5063 4928 4998 5129 5097 4709 5263 5166 4789 4989 5037 5005 5137 4509 5219 
5336 5350 4776 4764 5172 5379 4893 5021 5221 4995 5097 5259 4832 5117 5087 4825 5149 4847 5308 4998 5281 4877 4802 5234 5142 4834 4753 4874 5424 4837 5384 5329 4952 5406 5297 5183 4923 5339 5254 4471 4839 5203 4996 4968 5127 5174 5439 5220 4868 5060 5393 5062 5469 5251 4893 5338 5191 5246 4995 5330 4705 4941 4865 5223 4919 4955 4865 4910 5479 5459 5090 4824 5230 5412 5257 4867 5167 5221 5100 4864 5375 5227 4897 5638 5122 5503 5260 4988 5245 4931 5048 4930 5430 5253 5309 5413 4834 5641 5455 4975 4822 5378 4739 5046 5605 5005 5340 4927 5225 5384 5015 4752 4987 5211 5062 5196 4943 4914 4857 5489 5445 5115 4816 4643 5159 4844 5227 4777 5164 4851 5084 5007 4970 5158 5198 5249 5414 5430 5501 5348 5372 5196 4747 5428 5297 4885 5220 5480 5380 5092 5199 5181 5090 5362 5072 4697 5021 4775 5257 5132 5440 5176 4889 5018 5256 5049 5293 5258 4768 5362 5564 4968 5373 5328 5011 4957 5151 5007 4993 5180 4826 4813 4880 5193 5430 4748 5264 5157 5106 5199 4902 5245 4881 4546 4974 4660 5117 5012 5357 4959 4639 4659 5175 4748 5109 5025 4767 5164 5257 5036 4990 5174 5092 4889 5248 5175 5127 5112 4979 5215 4828 4969 4874 5032 5097 4873 4924 5043 4951 5517 4863 4826 4961 5254 5253 5348 5385 5267 5583 5247 5081 5122 5133 5094 5527 5327 5100 5287 5008 4794 5414 5124 5229 5334 5007 5303 
5851 5423 5287 4970 5377 5761 4947 5571 5097 5202 5583 5288 5378 5599 5384 5190 5320 5123 5777 5040 5394 5400 4958 5399 5247 5020 5218 5121 5422 5166 5704 5479 5097 5570 5129 5399 5308 5547 5359 4829 5150 5704 5357 5360 5324 5347 5577 5464 4985 5076 5656 5313 5471 5396 5056 5537 5320 5333 5039 5416 5045 5489 5046 5373 5397 5143 5263 5403 5892 5683 5414 5068 4820 5650 5175 5392 5668 5567 5141 5066 5610 5469 5074 5801 5562 5891 5352 5305 5421 5081 5201 5390 5679 5295 5450 5284 5238 5508 5601 5404 5297 5433 5250 5291 5663 5051 5587 5258 5604 5588 5516 5187 5198 5408 5541 5126 5339 5109 5285 5889 5756 5297 5070 5249 5102 5341 5488 5007 5316 5000 5504 5530 5039 5615 5496 5570 5497 5740 5497 5715 5465 5769 5150 5714 5738 5137 5850 5521 5366 5240 5550 5392 5279 5585 5454 5019 4755 4928 5455 5545 5678 5697 5310 5074 5277 5347 5391 5778 5146 5490 5651 5377 5456 5367 5244 5281 5460 5285 5299 5583 5074 5241 5029 5441 5645 5290 5215 5185 5459 5380 5152 5140 5281 4569 5448 4756 5296 5154 5396 5694 4907 4871 5413 5330 5384 5258 5384 5357 5428 5131 5169 5190 5405 5345 5428 5368 5480 5591 5054 5397 5205 5434 5112 5246 4936 5674 5128 5684 5238 5585 5409 5113 5113 5626 5236 5630 5471 5128 5706 5249 5339 5462 5061 5543 5426 5316 5123 5489 5076 5253 5507 5432 5717 5273 5054 5587 
5920 5575 5585 5400 5773 5958 5227 5723 5509 5437 5943 5594 5432 5786 5614 5085 5807 5176 5955 5465 5561 5530 5441 5645 5602 5223 5547 5338 5914 5209 5765 5875 5413 5851 5638 5878 5375 5838 5828 5032 5186 5731 5569 5414 5754 5426 6007 5630 5473 5531 5994 5317 5707 5456 5118 5586 5642 5509 5490 5835 5207 5589 5298 5988 5513 5160 5259 5000 5780 5893 5504 5522 5521 5919 5535 5528 5852 5405 5739 5295 5922 5542 5341 5862 6058 6187 5559 5720 6181 5421 5166 5358 5506 5441 5759 5709 5472 6211 5727 5784 5779 5772 5190 5793 6190 5079 5668 5444 5446 5832 5585 5226 5405 5428 5795 5560 5602 5434 5441 5909 5618 5532 5314 5162 5720 5300 6109 5268 5753 5167 5895 5641 5338 5586 5436 5942 5808 6106 5984 5930 5962 5727 5465 5603 5811 4955 5788 5868 5815 5378 5866 5594 5707 6227 5651 5320 5230 5215 5703 5488 5669 5809 5495 5556 5383 5434 5733 5888 5600 6003 5746 5862 5745 5802 5621 5563 5631 5206 5522 5803 5579 5431 5583 5622 6195 5625 5573 5312 5628 5680 5472 5871 5308 4932 5526 5165 5659 5549 5738 5753 5024 5179 5869 5487 5658 5759 5611 5865 5523 5165 5397 5662 5594 5352 5434 5750 5409 5436 5403 5968 5357 5477 5339 5443 5359 5785 5447 5670 5201 5924 5430 5712 5317 5873 5609 5864 5957 5742 6243 5638 5890 5552 5273 5878 5925 5755 5529 5764 5532 5252 5693 5894 5915 5826 5326 5607 
5350 5320 5091 5096 5591 5574 5090 5128 5049 4914 5248 5353 4875 5471 5286 4940 5331 4920 5520 5189 5263 4972 4963 5400 5311 4928 4932 5085 5545 5002 5775 5367 4991 5590 5182 5319 5102 5839 5400 4712 5200 5380 5244 5342 5236 5084 5604 5562 5029 5055 5615 5175 5216 4980 4886 5598 5449 5199 5092 5364 4855 5486 5093 5302 5513 4926 5014 5135 5582 5523 5331 5097 4825 5536 5215 4968 5367 5153 5051 4969 5175 5462 5083 5500 5561 5487 5072 5366 5484 5081 5284 5332 5284 5248 5214 5546 5034 5391 5469 5339 5278 5293 5062 5385 5508 4756 5603 5442 4995 5480 5226 4913 5229 5005 5070 5074 5387 5168 5181 5608 5597 5293 5090 4991 4969 5407 5351 4826 5227 4862 5327 5388 5053 5482 5237 5576 5232 5739 5506 5437 5319 5520 5328 5303 5668 4765 5436 5432 5332 4939 5296 5159 5292 5784 5197 4858 4830 5039 5304 5093 5521 5435 5149 4829 5311 5013 5072 5363 5266 5494 5535 5352 5213 5196 5329 5210 5368 5052 5029 5540 5347 4872 5114 5345 5726 5040 5197 5249 5233 5299 5151 5415 5238 4598 5306 5035 5297 4989 5190 5420 4943 4758 5306 5300 5484 5382 4917 5389 5146 4830 5127 5068 5219 4763 5112 5257 5178 5156 5201 5431 5009 5146 4875 4909 5462 5220 4699 5250 5123 5392 5013 5010 4992 5404 5479 5405 5219 5216 5574 5369 5273 5240 5022 5407 5489 5177 4851 5369 5463 4992 5385 5364 5341 5376 4854 5241 
5474 5181 4859 4676 5195 5426 4903 5125 4903 4751 5251 5244 5010 5216 5081 4997 5261 4764 5306 5006 5128 4727 4770 5231 5402 4793 4978 4691 5356 5016 5464 5427 4979 5191 5144 5048 5324 5408 5263 4443 5109 5136 5366 4939 5067 5107 5371 5387 4949 4960 5323 5184 5138 5223 4680 5504 5304 5079 4845 5132 4698 5219 4861 5303 5063 4722 4957 5101 5373 5477 5106 5334 5035 5458 5158 5064 5248 5252 5010 4885 5360 5321 4887 5502 5261 5711 5056 5232 5511 4968 5062 5170 5207 4890 5255 5230 4963 5616 5317 5055 4984 5192 4930 5088 5574 4832 5365 5161 5067 5245 5228 5106 5076 5122 5389 5035 5193 4982 5249 5494 5453 5008 5031 5003 4775 4972 5280 5101 5219 4669 5133 5225 5019 5138 5047 5205 5128 5345 5405 5250 5472 5156 4812 5261 5426 4908 5342 5166 5194 4971 5393 5140 5025 5054 5157 4748 4700 4715 5064 5113 5437 5309 5299 4878 5154 5194 5126 5464 4947 5338 5583 5279 5177 5362 5028 5275 5183 5003 5112 5479 4912 4802 4937 5301 5465 5009 4900 5051 5198 5250 5257 5088 4888 4549 5173 4545 4820 4721 5238 4984 5013 4804 5547 4980 5181 4820 4908 5454 5327 4872 4960 5371 5052 4967 5138 5284 4707 5126 5146 5162 4755 5120 4604 4888 4892 5241 4675 5020 4955 5667 5077 5089 5011 5274 4846 5579 5210 4851 5700 5027 5011 5337 5468 5593 5257 5236 4791 5268 5070 5039 5407 5243 5053 5181 4698 5428 
4797 4597 4743 4651 4880 4910 4623 4992 4808 4389 4966 4853 4464 4942 5000 4526 4748 4381 5004 4650 4946 4766 4370 4867 4931 4580 4578 4893 5058 4585 5149 5080 4651 4841 4755 4761 4671 5099 5141 4225 4653 4977 4662 4953 4952 4737 5121 4893 4477 4572 5152 4660 4673 4743 4748 5096 4998 4780 4696 4996 4471 4779 4534 4938 4794 4418 4719 4592 4903 5208 4877 4723 4759 5018 4732 4794 4869 4922 4834 4577 4870 5156 4612 4988 4820 5025 4670 4752 5176 4511 4667 4862 4915 4765 4863 4970 4680 5232 4927 4963 4733 5032 4565 4800 5297 4231 4931 4847 4542 4975 4777 4464 4686 4575 4848 4900 4674 4497 4746 5117 5039 4699 4411 4396 4800 4989 4839 4805 4884 4310 4863 5053 4552 4901 4786 4897 4928 4977 5206 4650 5048 4926 4791 4858 4943 4424 4996 4926 4856 4821 4984 4705 4796 5161 5015 4633 4432 4406 5149 4675 5034 4891 4588 4809 4820 4730 4688 5012 4940 5007 5038 4764 5035 5014 4645 4972 4850 4429 4537 5359 4851 4623 4548 4806 5422 4814 4808 4798 4560 4852 4947 4879 4437 4055 4780 4232 4809 4642 4911 4917 4465 4414 4884 4727 4958 4794 4696 5112 4854 4529 4616 4632 4756 4472 4917 5053 4749 4761 4600 4851 4619 4879 4315 4402 4866 4727 4747 4544 4959 5195 4624 4722 4584 4897 5011 5014 4947 4827 5241 4645 4781 4776 4821 5243 4989 4726 4453 4915 4903 4505 5229 4830 4871 4861 4333 4715 
5061 4861 4823 4552 5174 5091 4676 4829 4965 4573 5225 4923 4583 5170 4754 4755 4930 4529 5017 4703 4906 4910 4669 5088 5011 4768 4583 4630 5012 4761 4963 5091 4591 5013 4662 4834 4961 5081 4770 4343 4738 5111 4811 4645 4752 4566 5286 5120 4760 4886 4982 4899 5205 4985 4507 5018 4715 4945 4597 4849 4390 4528 4699 5133 4657 4846 4738 4740 4991 5218 4877 4914 4840 5188 4839 4961 4895 5037 4854 4559 4888 4962 4805 4956 4978 5426 4829 4983 5058 4689 4610 4887 4818 4653 5109 4970 4641 5424 5104 4981 4654 4958 4852 4680 5188 4272 4929 4925 4851 5173 5024 4743 4735 4973 5113 4863 4941 4691 4982 5493 5186 4869 4625 4764 4890 4914 5066 4772 4633 4734 4782 5058 4475 4889 5016 5073 4891 5276 5116 5103 5038 5204 4610 5222 5369 4556 4921 5036 5220 4876 5053 4787 5008 5223 5051 4651 4246 4468 4889 4922 4973 5024 4724 4680 4876 4964 5020 5166 4451 5062 5194 4804 5149 5000 4739 4868 5063 4732 4912 5134 4764 4543 4660 4998 5118 4968 5068 4656 4672 5094 4949 4849 4349 4162 4898 4390 4840 4661 4867 4987 4474 4524 4837 4825 4939 4654 5045 5213 4893 4675 4687 4712 5130 4651 5055 4944 4707 4972 4898 4859 4853 5026 4721 4505 4935 4921 4756 4895 4726 5161 4935 4872 4634 4873 4743 5295 4937 4978 5387 4553 5118 4970 4874 4950 5004 5125 4656 5006 4956 4487 5232 5014 4978 4925 4531 5109 
5373 4956 4864 5034 5298 5299 4998 5437 5254 4997 5395 5180 4988 5539 5033 5195 5423 4758 5457 4997 5109 5122 4809 5182 5381 4925 5053 4925 5330 4913 5666 5562 5037 5159 5320 5195 5115 5733 5131 4757 4992 5202 5121 5276 5010 5154 5345 5434 4842 5284 5587 5014 5196 5188 5225 5486 5277 5279 4960 5328 4923 5512 4992 5383 5088 4837 4934 5210 5519 5455 5130 5200 5096 5459 5234 5253 5479 5006 5098 4736 5315 5568 4832 5643 5517 5597 5382 5274 5519 5032 4928 5217 5254 4901 5246 5197 5094 5667 5294 5245 5306 5361 5050 5203 5789 4766 5323 5553 5226 5345 5257 4901 5329 5566 5089 5123 5035 4993 5309 5722 5563 5080 5048 4942 5201 5196 5348 5111 5291 4950 5326 5155 4936 5297 5167 5460 5130 5507 5338 5475 5456 5402 4944 5264 5500 4794 5365 5388 5358 5176 5235 5216 5258 5548 5259 4859 4690 4474 5063 5108 5403 5340 5057 4897 5277 5421 5393 5350 5080 5469 5486 5249 5514 4934 5027 5332 5133 5090 5210 5293 5242 4887 5024 5104 5562 5310 5235 5138 5310 5042 5234 5196 4884 4360 5424 4727 5030 5299 5094 5345 4805 4654 5341 5024 5375 5241 4947 5206 5164 4943 5104 4954 5284 4954 5215 5351 5217 5240 4773 5229 4711 5399 5051 4882 5111 5361 4836 5481 5105 5772 4960 5391 4931 5356 5218 5505 5379 5209 5664 5093 5425 5050 4888 5317 5234 5364 4958 5725 5340 5075 5324 5229 5249 5014 4833 5289 
5964 5703 5472 5252 6126 5977 5368 5757 5491 5237 5809 5721 5464 6052 5771 5450 5709 5379 6077 5474 5667 5517 5508 6011 6037 5398 5122 5709 6057 5203 6278 6104 5428 5810 5700 5864 5496 6050 5695 5252 5265 6021 5780 5834 5674 5581 6006 6066 5488 5476 5947 5747 5872 5762 5434 5886 5845 5725 5517 5679 5385 5765 5512 5639 5602 5406 5408 5513 5956 5959 5728 5620 5610 6113 5731 5577 5917 5512 5701 5334 5693 5964 5313 5867 5848 6271 5676 5985 6181 5348 5460 5651 5705 5465 5751 5731 5519 5968 5775 5926 5585 5721 5423 5753 6308 5392 5941 5492 5529 6259 5653 5169 5496 5584 5688 5811 5420 5455 5777 5824 5883 5512 5500 5632 5531 5642 5716 5321 5706 5443 5935 5727 5625 5618 5786 6011 5727 6141 6080 5803 5990 5714 5534 5744 5851 5253 5731 5737 5608 5674 5641 5510 5561 5979 5777 5406 5318 5277 5718 5716 5958 5776 5494 5075 5917 5696 5667 6139 5626 5809 5697 5642 5974 5692 5467 5752 5804 5270 5672 5901 5463 5247 5711 5675 6218 5834 5773 5406 5526 5532 5655 5718 5426 4865 5806 5423 5593 5451 5862 5882 5412 4962 5682 5570 5962 5602 5815 5805 5825 5335 5515 5634 5594 5348 5866 5777 5989 5546 5269 5738 5512 5687 5417 5332 5591 5751 5379 5944 5346 6305 5512 5554 5387 5962 5698 5994 5831 5682 6018 5744 5840 5743 5823 5989 5871 5827 5487 5864 5511 5545 5807 5751 5630 5401 5227 5578 
4988 4762 4651 4640 5009 5076 4521 5059 4828 4393 4928 4837 4554 4954 4890 4324 4808 4223 4934 4595 4875 4662 4389 4824 5173 4498 4507 4561 4902 4479 5151 5272 4410 5084 4938 4803 4957 5097 5003 4402 4672 5142 4867 4834 4771 4624 5009 5273 4463 4564 5174 4825 4801 5161 4436 4812 4864 4797 4597 4912 4739 4753 4674 4971 5203 4799 4444 4719 5040 4855 4773 4750 4651 5247 4726 4745 4766 5066 4909 4542 5049 5030 4565 4942 4931 5255 4822 4910 5209 4811 4605 4640 5069 4817 5154 4827 4898 5052 5332 4847 4945 5019 4513 4998 5155 4527 4969 4641 4863 5202 4749 4576 4922 4769 4788 4758 4745 4705 5092 5275 4976 4697 4423 4282 4717 5057 5106 4616 4905 4331 4878 4927 4776 4844 4937 4919 5192 5149 5134 4952 4996 5013 4691 4965 5156 4444 5012 5036 5098 4537 4833 4686 4839 4936 4846 4707 4373 4496 4929 4616 5178 5129 4695 4687 4903 4749 4791 5069 4672 5042 5405 4579 4981 4815 4772 4973 4977 4663 4914 5170 4709 4472 4516 4841 5363 4786 4886 4817 5037 4733 4825 5176 4833 3979 4862 4461 4717 4507 4755 4976 4284 4459 5048 4668 4733 4984 4898 4858 4739 4577 4751 4882 4788 4650 4927 4689 4921 4877 4801 5095 4561 4699 4531 4483 4680 4932 4370 4824 4848 5017 4545 4600 4737 4943 4931 5058 5088 4741 5263 4550 4856 4610 4650 5093 5210 4814 4840 5035 4936 4570 5018 4880 5027 4829 4431 4987 
5327 5215 5002 5017 5476 5232 5009 5112 4968 4761 5341 5147 4854 4982 5121 4939 5045 4718 5376 4960 5277 5217 4892 5365 5357 4894 4645 4969 5437 4805 5708 5516 4903 5029 5106 5047 5153 5395 5264 4633 5059 5301 5248 5238 5300 5100 5478 5333 4836 5054 5229 4995 5315 5372 4725 5389 5144 5123 4769 5387 5043 4908 4842 5057 5261 4831 5154 5008 5547 5210 5192 5394 4854 5303 5154 4955 5041 5463 5187 4729 5286 5456 4898 5244 5381 5555 5183 5363 5195 4982 5025 5115 5082 5055 5084 5157 5130 5658 5415 5162 5014 5205 4918 5239 5758 4691 5383 4982 5163 5370 5027 5167 5177 5052 5148 4983 5119 4899 5032 5299 5576 5099 4965 4711 5384 5327 5399 4828 5050 4836 5222 5127 5025 5145 5135 5413 5386 5587 5240 5373 5551 5385 5208 5334 5552 4589 5020 5334 5401 4971 5192 5128 5437 5530 5276 4898 4939 4707 5212 4879 5389 5271 5057 5165 5118 5134 4969 5381 5086 5496 5293 5093 5293 5225 4968 5139 5250 4814 5297 5313 5023 4650 4976 5014 5512 4842 5175 4886 5059 5216 4989 5253 4957 4468 5201 4489 5025 4736 5157 5504 4643 4734 5206 4974 5382 5318 5201 5249 5117 4651 4870 4916 5060 4661 5144 5131 5176 5158 4923 5136 5102 5273 4804 4789 5100 5500 4830 5199 5054 5595 4741 4922 4948 5334 5196 5326 5166 5253 5611 4978 5138 5235 5102 5268 5256 5021 4992 5303 5140 5025 5377 5196 4958 5024 4853 5129 
5129 4878 5013 4764 4893 5221 4667 4953 4648 4797 5258 4901 4570 5110 4854 4562 5022 4429 5060 4866 4844 4894 4740 5022 5306 4663 4919 4687 5097 4844 5310 5302 4688 4876 5004 5047 4911 5249 4963 4502 4768 5181 5178 4745 4675 4857 5315 5088 4474 4964 5299 4816 5088 4968 4896 5027 4892 4922 4494 5411 4567 5043 4445 5172 5012 4522 4885 5122 5170 5222 4929 5079 4923 5206 5147 4839 5382 4890 4985 4523 5062 4869 4544 5481 5128 5157 4916 4866 5174 5065 4613 4874 5056 4900 4922 4963 4757 5089 5277 5195 5174 5231 4804 5147 5264 4651 5285 5108 4837 5337 5109 4806 4947 5014 5282 4706 5084 4832 4996 5312 5216 4984 4658 4447 5041 5063 5220 4630 5033 4677 4909 4813 4923 5134 5149 5044 4725 5392 5280 5045 5025 5065 4718 5029 5348 4411 5101 5063 4942 4917 5021 5021 5013 5200 5299 4578 4687 4589 5068 4916 5163 5156 4901 4756 5361 5060 4892 5277 5010 4961 4998 5146 5025 5001 5068 4963 5065 4808 5153 5212 4875 4760 4699 4966 5564 4754 5073 4822 4994 5152 5038 4937 4419 4233 4915 4754 4825 4959 5105 5236 4384 4574 5105 4867 5107 5211 4760 4934 5202 4573 4674 4746 4949 4618 4862 4972 4689 4949 4915 5138 4805 5082 4623 4718 4681 5262 4563 4947 4630 5760 4656 4900 4619 5162 4655 5329 4910 4852 5597 4888 4989 5096 4699 5022 5029 4724 4879 4876 4747 4602 5377 5061 4969 5088 4594 5260 
5499 5377 5067 4920 5433 5837 4920 5440 4992 5221 5642 5549 5208 5554 5547 4885 5239 4878 5691 5226 5186 5102 4957 5186 5349 5153 4969 5033 5477 4983 5563 5700 4970 5356 5318 5451 5107 5549 5405 4776 5160 5741 5279 5278 5326 5243 5498 5441 4879 5247 5949 5178 5481 5276 4950 5569 5446 5228 4950 5517 4826 5410 5152 5468 5177 4932 5271 5169 5677 5432 5024 5338 5389 5646 5424 5062 5653 5472 5332 5168 5398 5378 5079 5621 5508 5690 5360 5203 5433 5344 5164 5402 5410 5052 5267 5331 4864 5769 5829 5535 5412 5199 5012 5199 5659 4896 5504 5163 5282 5449 5355 4913 5165 5214 5194 5135 5319 5282 5022 5652 5460 4992 4983 4824 5429 5355 5531 4935 5317 4862 5328 5415 5161 5134 5512 5591 5328 5545 5592 5401 5654 5607 5095 5305 5672 4869 5320 5665 5506 4960 5408 5302 5633 5705 5355 5041 4873 5017 5351 5237 5451 5323 5174 5344 4949 5248 5452 5354 5332 5535 5386 5456 5291 5262 5131 5385 5249 5001 5294 5449 5114 5066 4840 5538 5682 5324 5410 5042 5571 5355 5364 5397 5196 4552 5264 4693 5276 5232 5472 5282 5031 4993 5535 5099 5484 5146 5315 5302 5165 4818 5073 5249 5092 5194 5549 5620 5129 5394 5173 5575 4906 5250 5082 5118 5386 5188 4972 5508 5271 5661 5204 5259 4981 5663 5255 5720 5053 5128 5966 5354 5522 5369 5156 5246 5333 5241 5157 5576 5401 5353 5429 5422 5528 5378 5247 5234 
5789 5597 5529 5037 5782 5754 5338 5823 5413 5403 5660 5438 5451 5641 5406 5112 5714 5099 5860 5416 5786 5498 5212 5544 5715 5348 5316 5282 5719 5311 5591 5962 5342 5848 5428 5745 5334 5814 5742 5024 5387 5819 5448 5531 5794 5394 5589 5473 5097 5261 5739 5377 5480 5521 5258 5855 5789 5470 5431 5642 4928 5491 5109 5633 5590 5451 5297 5265 5823 5858 5340 5457 5456 6095 5528 5446 5788 5586 5470 5232 5688 5465 5313 5974 5414 6289 5374 5621 5905 5362 5335 5581 5689 5295 5837 5435 5412 6168 5949 5398 5559 5536 5149 5657 6056 5045 5709 5617 5355 5685 5413 5124 5404 5635 5693 5712 5615 5256 5477 5990 5764 5384 5140 5203 5361 5355 6042 5328 5520 5133 5495 5584 5466 5694 5548 5512 5461 5855 5872 5599 5924 5876 5502 5926 5607 5323 5948 5612 5439 5214 5733 5501 5524 5856 5635 5334 5254 5039 5545 5351 5432 5756 5276 5148 5494 5377 5670 5751 5246 5910 5795 5617 5495 5632 5354 5612 5642 5436 5511 5638 5402 5524 5408 5632 5802 5439 5587 5355 5402 5751 5533 5537 5164 4679 5360 4802 5383 5395 5441 5532 4964 5013 5595 5445 5733 5426 5655 5819 5678 5370 5240 5661 5383 5236 5599 5616 5402 5471 5585 5766 5576 5378 5175 5307 5348 5473 5395 5368 5589 5891 5110 5374 5307 5681 5524 5628 5603 5306 6084 5314 5795 5930 5499 5679 5801 5562 4984 5578 5456 5351 5787 5713 5543 5466 5318 5632 
5110 4964 4741 4852 5019 5470 4534 4783 4901 4562 5093 5091 4477 4996 4894 4724 4885 4389 5048 4559 4940 4794 4687 4836 5077 4418 4814 4411 4897 4670 5318 5073 4735 4963 4801 4925 5091 5151 4996 4430 4771 5245 4799 4898 4868 4581 5067 4943 4568 4966 5150 4971 5028 5064 4728 5002 4571 4782 4862 4719 4488 4843 4716 4908 4747 4953 4771 4923 5052 5072 4926 4713 4842 4992 4897 4769 4833 5011 4896 4398 5030 5147 4770 5299 5096 5392 5073 4959 5064 4822 4769 4886 4956 4873 5079 5085 4659 5243 5092 4682 4793 4949 4405 4889 5491 4495 5004 4895 5039 5085 4783 4799 4959 4834 4866 4941 4873 4759 4790 5198 5430 4682 4615 4637 4841 4818 5211 4469 4979 4450 5076 4941 4574 4826 5033 5139 5094 5307 4933 5052 5008 4857 4640 5176 5302 4538 4966 5008 4998 4742 5028 4739 5125 5484 4847 4644 4540 4472 5101 4707 5318 5019 4693 4651 4951 4907 5038 5120 4549 5099 4961 4851 5163 4837 4788 5051 4834 4803 5048 5112 4772 4503 4808 4774 5249 5098 4855 4804 4965 4842 5058 4932 4722 4127 4996 4483 4929 4755 4753 5134 4568 4387 5142 4690 4884 4748 4857 4952 4880 4674 5026 5033 4867 4536 4704 4719 4795 5294 4824 5021 4526 4725 4489 4791 4477 4877 4698 4846 4779 4884 4633 4478 4511 5072 4768 5078 4795 4841 5179 4537 5313 5141 4951 5052 5040 5011 4702 5115 5045 4460 4988 4930 4811 5012 4564 5131 
5586 5599 5253 5182 5640 5747 4966 5132 5400 5116 5455 5431 5256 5440 5190 5225 5441 5060 5720 5187 5295 5337 5186 5701 5643 5142 5412 5337 5654 5250 5623 5933 5210 5259 5112 5540 5477 5742 5524 4813 5092 5598 5330 5332 5353 5383 5532 5855 5003 4980 5511 5212 5369 5370 5191 5873 5340 5631 5094 5627 5134 5358 5009 5478 5366 4998 5393 5300 5872 5999 5622 5496 5218 5845 5368 5528 5546 5702 5532 5234 5630 5666 5202 5791 5487 6057 5276 5384 5474 5238 5292 5543 5542 5439 5442 5371 5194 5994 5655 5415 5671 5460 5305 5448 5979 4816 5533 5197 5394 5584 5218 5214 5512 5522 5646 5400 5509 5001 5181 5894 5778 5244 5146 5150 5648 5526 5731 4790 5316 5154 5552 5428 5195 5507 5656 5734 5500 5769 5478 5677 5747 5843 5297 5904 5768 4948 5424 5606 5626 5420 5825 5335 5581 5781 5476 5213 4928 5072 5632 5322 5759 5624 5117 5363 5331 5405 5517 5698 5370 5812 5584 5509 5586 5517 5359 5346 5720 5455 5430 5555 5469 5265 5076 5468 5955 5205 5239 5300 5412 5511 5435 5707 5318 4679 5304 4728 5293 5416 5529 5586 4987 5056 5653 5291 5562 5205 5427 5462 5309 5061 5255 5368 5166 5057 5443 5466 5511 5362 5297 5421 5411 5264 4957 5220 5388 5686 5144 5285 5440 5858 5065 5233 4981 5487 5719 5580 5449 5205 5856 5433 5624 5568 5353 5577 5554 5558 5090 5635 5350 5098 5698 5445 5583 5560 4872 5473 
5208 5018 4903 4791 5178 5259 4716 5172 4978 4639 5363 5163 4912 5103 4985 4708 4941 5085 5401 5000 5039 5004 4429 5085 5109 4802 4898 4536 5169 4918 5561 5392 5055 5057 5046 4992 5025 5300 5039 4463 4812 5278 5065 5220 5131 5138 5501 5400 4690 4986 5075 5184 5204 5039 4794 5081 4986 5084 4810 5172 4727 4994 4553 5156 4911 4870 5011 5159 5542 5254 5222 5087 5068 5138 5313 4944 4986 5160 4999 4832 5189 5326 4973 5111 5426 5528 4843 5076 5216 4656 4583 5112 5122 4962 5387 5078 4869 5662 5338 4909 5100 5076 5034 4987 5346 4464 5185 4856 5002 5445 4991 4970 5037 4905 5152 4917 5261 4772 5079 5392 5390 5098 4922 4757 4958 5264 5111 4862 5201 4855 5123 5001 4915 5174 5266 5352 5289 5407 5290 5372 5271 5291 4913 5118 5399 4460 5157 5076 4963 4860 5293 5176 5149 5396 5280 4864 4562 4695 5117 5225 5465 4940 5085 4835 5006 4995 4940 5125 4982 5552 5481 4853 5262 5132 4843 5155 4919 4817 4963 5311 5022 4710 4968 5199 5415 4848 4803 4865 5148 4963 4915 5057 4903 4540 5047 4450 5243 4892 5051 5122 4556 4538 5205 5004 4804 5049 4753 5222 5096 4766 4744 4969 4939 5058 5115 5083 4856 5134 4626 5090 4947 4852 4523 4942 4951 5090 4719 5390 5011 5381 4974 4911 4741 5166 4927 5271 5001 5228 5493 5209 4735 5167 4915 5314 5383 4927 4887 5339 4967 4625 5215 5144 4894 5051 4671 5156 
5369 5246 4831 4793 5742 5709 4869 5303 4901 4989 5590 5033 5165 5357 5079 4767 5256 5007 5629 5120 5104 4927 4798 5411 5288 4767 4830 4724 5494 4974 5527 5479 5033 5402 5117 5217 5121 5586 5122 4718 5348 5469 5288 5349 5306 4999 5392 5796 4800 5093 5305 5203 5545 5235 4754 5433 5515 5279 4943 5180 4852 5298 4969 5575 4954 5052 4968 4919 5566 5151 5247 5089 4955 5455 5264 4953 5211 5577 5168 4924 5288 5384 5063 5469 5120 5472 5126 5072 5221 5003 4916 5258 5223 4859 5217 5050 5312 5519 5529 5031 5050 5238 4877 5277 5619 4923 5305 5182 5124 5361 5329 4750 4892 5190 5105 5053 5299 5247 5056 5394 5400 5212 4671 4799 5183 5301 5451 5033 5236 4873 5096 5199 5198 5223 5053 5452 5422 5607 5386 5501 5442 5254 4998 5239 5550 4882 5194 5490 5294 5102 5362 5396 5323 5460 5386 5098 4926 4957 5290 5189 5402 5403 4846 4854 5047 5264 5433 5541 5120 5299 5443 5220 5246 5251 5029 5382 5069 5170 5369 5386 5229 4839 5078 5088 5865 5121 5270 4879 5244 5487 5160 5117 5302 4538 5232 4619 5182 5049 5221 5308 4803 4948 5169 5190 5371 5159 5096 5404 5192 4859 4893 5176 4876 4909 5399 5282 4969 5375 5034 5367 5055 5301 4980 4867 5193 5276 4806 5334 5097 5327 5061 5032 5052 5476 5189 5336 5546 5065 5456 5089 5522 5145 4884 5266 5266 5172 5083 5465 5103 4771 5450 5209 4964 4966 4875 5117 
5300 5093 4755 4687 5025 5328 4874 5139 4833 4887 5160 5095 5043 5233 5037 4796 5004 4679 5344 4798 4928 4905 4899 5166 5452 5162 4647 4683 5363 4688 5352 5449 4892 4779 4951 5184 4830 5316 5037 4456 4960 5226 5090 5298 5209 5105 5398 5440 4730 4770 5176 4903 5307 5270 4511 5488 5161 5108 4696 5331 4561 4812 4643 5405 4678 4700 4633 5098 5397 5429 5080 5148 4952 5103 5116 4830 4976 5180 5104 4909 5076 5244 4869 5238 5268 5535 4956 5176 5216 4854 4647 5017 5234 4910 5210 5267 4764 5785 5270 4829 5100 5205 4836 4845 5538 4515 5031 5157 5038 5370 5422 4699 5053 4937 5130 5172 5145 4597 4806 5614 5212 5117 4881 4854 5191 4889 5376 4852 5438 4672 5160 5040 4956 5126 5143 5680 5045 5310 5427 5335 5362 5327 4615 4787 5345 4744 4990 5115 5335 5055 5193 5216 5066 5362 5025 4783 4652 4823 5210 4930 5117 5077 4979 4912 5113 5305 5153 5307 4893 5131 5175 5279 4864 5121 4892 5155 4868 5024 5116 5244 4923 4796 4809 5103 5490 4924 4981 4836 5247 5242 5080 5244 4595 4409 4955 4494 5029 4794 5115 5233 4453 4690 5085 4956 5008 5113 4761 5387 5154 4690 4882 4829 4859 4859 5005 5431 5018 4819 4922 5298 4831 5009 4832 4659 4867 4992 4813 5234 5032 5501 4867 5092 4783 5090 4976 5386 5321 5062 5663 5029 5317 5233 5086 5103 5206 5202 5107 5556 5220 4958 5233 4860 5016 5012 4626 5045 
4985 5058 4857 4454 5197 5027 4608 5116 4681 4597 5121 4950 5060 5104 4749 4615 5242 4305 5462 4703 5207 5041 4512 5049 4976 4662 4526 4451 5224 4562 5335 5133 4738 4907 4659 5041 4848 5225 4768 4543 4608 5071 5042 4895 4754 5067 5205 5046 4872 4895 4926 4655 5132 5038 4612 5222 5183 4949 4472 4799 4682 4792 4373 5120 4922 4578 4727 5036 5410 5117 5084 4642 5023 5355 4944 4822 4894 5034 5011 4616 5238 5083 4571 5201 4921 5508 4842 5235 4920 4685 4704 4988 4904 4969 4971 4900 4957 5275 5245 4954 4964 5102 4654 4901 5287 4435 5377 4893 4808 5434 4885 4849 4824 5186 5093 5110 4867 4739 4838 5458 4957 4789 4729 4699 4948 4967 4875 4388 4686 4591 5130 4967 4906 5108 4836 5130 5142 5347 5171 4778 5196 5327 4866 5336 5276 4960 5192 4876 5040 4869 5072 4925 4786 5313 5154 4814 4496 4511 4794 4678 5261 5057 4918 4806 5094 5015 5099 5045 4617 5325 5072 5031 5162 4961 4799 4999 5225 4738 5053 5237 4794 4702 4806 4931 5440 4933 4817 4809 4814 5060 5038 5077 4929 4203 5041 4375 5036 4590 4999 5060 4407 4307 4961 4725 5061 5019 4928 5297 4619 4565 4513 5057 4875 4498 4941 4859 4838 4911 4700 4887 4711 4822 4897 4790 4700 5263 4918 5300 4815 5352 4888 4927 4470 5159 4756 5136 4821 4911 5530 4905 5066 5049 4859 5182 5233 5249 4437 5196 4826 4939 5131 4987 4981 4865 4784 5282 
5426 5170 5121 5108 5380 5468 4802 5196 5188 4799 5157 5307 4854 5356 5271 4782 5249 4929 5679 4755 5094 4888 4828 5112 5407 4851 4948 4785 5581 4971 5571 5518 4920 5062 4989 5396 5150 5260 5287 4745 4861 5281 5062 5303 5145 4944 5362 5394 5174 4958 5432 5034 5220 5173 4941 5472 5061 4999 4977 4962 5082 5163 4955 5211 5110 4644 4799 4819 5605 5420 5175 5027 4952 5466 5152 5066 5398 5296 5222 4660 5135 5397 4878 5305 5256 5530 5129 5332 5422 5079 4863 5159 5462 5002 5357 5157 4649 5421 5456 5046 5195 5137 4916 5147 5602 4812 5386 5279 4909 5437 5283 4836 5074 5324 5144 5050 5165 5002 5216 5274 5220 5024 4894 4662 4910 5285 5463 4999 5088 4583 5250 5288 4973 5063 5131 5373 5187 5393 5618 5181 5439 5501 5220 5378 4949 4927 5105 5152 5149 4877 5194 5002 5339 5503 5330 4790 4326 4907 5446 4939 5308 5171 4954 5046 4934 5308 5365 5582 4942 5434 5172 5160 5653 5174 5452 5305 5278 5055 5268 5461 5158 4484 4947 5070 5751 5122 5006 5040 5002 5097 5265 5212 4729 4461 5099 4764 5162 5186 5280 5160 4815 4606 5477 4831 5406 5153 4921 5184 5264 4692 5057 4825 4906 4952 5269 5534 5218 5130 5073 5194 4693 5075 4779 5018 5130 5159 4717 5488 4896 5407 4939 4952 4839 5438 5171 5318 5467 4973 5383 5151 4961 5295 5054 5333 5171 5390 4792 5216 4855 4987 5346 5315 5374 5131 4854 5067 
5159 5309 5074 4989 5093 5760 4717 5321 4919 4874 5409 4992 4884 5415 4999 5196 5004 4620 5500 5233 5115 4907 4701 5106 5575 4611 4871 4976 5232 4841 5252 5339 5068 5265 5005 5014 5039 5348 5052 4575 5262 5327 5264 5179 4968 5050 5515 5450 4694 5030 5387 5029 5536 5349 4764 5449 5077 5301 5143 5551 4621 5161 4902 5267 5168 4768 5035 4936 5277 5339 5180 5047 5258 5522 5037 4838 5401 5088 5043 4968 5277 5237 4738 5547 5122 5699 5376 5330 5428 4943 5015 5100 5045 5018 5158 5086 5132 5488 5473 5323 5166 5151 5072 5302 5723 4940 5420 5096 5071 5295 5131 4893 4881 4981 5073 5064 5274 4754 5115 5469 5201 5261 4647 4618 5032 5078 5413 4725 5041 4907 5252 5190 4783 5393 5068 5122 5327 5583 5229 5487 5521 5377 4896 5346 5370 4387 5331 5345 5299 5022 5461 5166 5196 5400 5075 4739 4924 4711 5154 4788 5492 5104 5006 4981 5214 5053 5086 5280 4881 5093 5316 5109 5104 5225 4975 5091 5192 4860 5088 5254 5003 4889 4896 5054 5757 4930 5110 5194 5087 5424 4648 5011 5150 4733 5156 4888 5231 5203 5329 4990 4423 4882 5049 4990 4938 5056 5088 5285 5066 4881 5048 4823 5126 4903 5163 5168 4924 5285 5122 5196 5157 5280 4765 5011 5123 5193 4862 5141 4731 5680 4763 4945 5074 5311 5020 5398 5191 5028 5633 4931 5032 5310 4878 5293 5510 5183 4931 5325 4989 4847 5498 5310 5252 5181 4856 5283 
5575 5380 5458 5240 5720 5741 5076 5626 5347 5308 5496 5456 5009 5647 5199 5168 5488 4955 5532 5348 5599 5212 5065 5426 5547 4969 5320 5227 5464 5282 5754 5673 5334 5551 5379 5327 5257 5676 5389 4588 5173 5703 5469 5763 5745 5147 5794 5779 5021 5369 5601 5541 5510 5566 5085 5496 5724 5527 5000 5443 5015 5348 4808 5605 5391 5074 5301 5131 5748 5576 5314 5458 5088 5662 5391 5647 5603 5413 5571 4905 5554 5806 5226 5721 5566 6003 5345 5562 5582 5393 5062 5372 5439 5236 5617 5544 5006 5573 5713 5249 5428 5477 5184 5211 5770 5035 5603 5428 5253 5629 5585 5270 5365 5370 5391 5211 5307 5243 5315 5943 5745 5492 5267 5182 5022 5352 5828 5245 5566 5033 5456 5468 5385 5602 5623 5786 5664 5561 5849 5312 5715 5544 5358 5444 5592 4926 5552 5389 5403 5133 5410 5397 5599 5804 5478 5179 4916 5072 5518 5430 5508 5393 5203 5101 5428 5322 5453 5881 5455 5795 5694 5460 5451 5359 5511 5442 5539 5249 5573 5763 5406 5070 5376 5416 5917 5416 5423 5181 5473 5650 5427 5433 5050 4865 5394 4772 5394 5232 5574 5789 4905 4753 5296 5241 5694 5447 5467 5849 5393 5343 5226 5310 5318 5186 5418 5449 5449 5501 5148 5512 5266 5383 5114 5076 5255 5669 5031 5617 5403 5671 5258 5218 5256 5772 5521 5755 5717 5320 6038 5541 5688 5493 5416 5741 5423 5489 5140 5600 5244 5087 5642 5588 5590 5357 4829 5429 
5645 5053 5169 5149 5619 5518 5215 5470 5058 4880 5424 5232 5251 5601 5307 4949 5312 4927 5856 5221 5418 5104 4902 5404 5341 4898 5162 5154 5495 5207 5632 5889 5201 5543 5552 5726 5210 5856 5514 4767 5100 5306 5309 5357 5329 5331 5445 5377 4817 5351 5591 5278 5381 5401 4943 5522 5689 5198 4976 5545 4877 5238 4989 5652 5234 5211 5132 4941 5739 5597 5126 5351 5124 5472 5403 5387 5327 5459 5197 4999 5368 5607 4986 5313 5387 5586 5377 5164 5518 5062 5181 5422 5465 5106 5392 5361 5089 5792 5622 5052 5261 5552 5082 5322 5797 5164 5287 5288 5278 5454 5435 5022 5309 5213 5459 5180 5462 5175 5297 5927 5432 5117 5238 4984 5337 5087 5444 5220 5268 5133 5329 5309 4999 5196 5325 5555 5341 5429 5492 5485 5495 5761 5050 5346 5646 4761 5467 5422 5617 4973 5388 5288 5519 5609 5538 4962 5268 4967 5387 5188 5452 5359 5186 5287 5177 5405 5250 5291 5341 5625 5365 5341 5512 5330 5258 5197 5315 5030 5198 5500 5146 5115 5025 5313 5748 5606 5350 5110 5434 5284 5181 5676 4997 4629 5036 4571 5230 5106 5285 5481 4876 4958 5373 5104 5534 5299 5468 5586 5161 5147 5224 5361 5485 4987 5289 5422 5171 5304 5156 5544 5151 5204 5011 5213 5535 5286 4764 5283 5086 5732 5009 5237 4976 5319 5396 5504 5269 5315 5870 5187 5652 5062 5276 5304 5426 5235 5196 5641 5260 4966 5329 5479 5571 5084 5177 5272 
5229 5256 5059 4957 5044 5737 4852 5336 5294 4919 5507 5369 4863 5440 5331 4937 5444 4746 5596 4996 5527 5099 4798 5255 5543 4897 5127 5113 5445 5219 5685 5377 4985 5442 5266 5275 5177 5503 5276 4883 5230 5472 5204 5309 5171 5410 5516 5531 4963 5133 5470 4870 5363 5374 5122 5379 5554 5213 4867 5535 5006 5117 5037 5340 4959 5032 5174 5284 5648 5663 5188 5260 5131 5439 5249 4896 5663 5334 5100 4757 5184 5548 5002 5835 5338 5585 5187 5241 5392 5042 5022 5079 5170 5282 5479 5362 5182 5749 5447 5194 5470 5543 5198 5276 5633 4948 5395 5207 5262 5344 5256 4881 5367 5283 5204 5147 5319 5000 4983 5595 5521 5256 4874 4820 4963 5283 5658 5070 5240 4739 5491 5398 4970 5341 5160 5420 5340 5724 5564 5394 5528 5525 5122 5347 5661 4898 5454 5365 5465 5173 5408 5331 5156 5579 5728 4879 5012 4948 5465 5026 5522 5480 5198 5010 5293 5356 5280 5402 5205 5447 5524 5250 5175 5240 5297 5124 5186 5171 5199 5398 5236 4884 4953 5465 5516 5131 5090 5384 5403 5288 5339 5159 5107 4678 5062 4873 5268 5124 5231 5216 4946 4858 5354 5003 5377 5164 5078 5274 5348 5040 5102 5143 5190 5123 5337 5362 4966 5635 5128 5494 5354 5163 4937 5022 5188 5343 5023 5142 5272 5768 5103 5155 5174 5221 5165 5597 5340 5183 5585 5332 5402 5355 5072 5227 5426 5359 5019 5421 4986 4899 5579 5258 5239 5226 4806 5489 
5547 5433 5245 5097 5455 5776 5145 5525 5370 5038 5580 5188 5326 5661 5304 5201 5579 4890 5740 5029 5575 5223 5025 5632 5602 4955 5022 5268 5645 5094 5945 5629 5296 5569 5217 5219 5369 5747 5505 4535 4995 5706 5447 5121 5557 5274 5855 5640 5356 4995 5414 5345 5559 5450 4903 5610 5554 5758 4946 5603 5094 5312 4806 5410 5165 5136 5263 5260 5548 5525 5363 5106 4988 5852 5350 5484 5348 5459 5360 5242 5709 5670 4902 5927 5251 6056 5452 5211 5542 5329 5383 5340 5342 5217 5372 5469 5256 5823 5476 5463 5427 5595 5262 5563 5839 5001 5301 5221 5378 5418 5262 5019 5360 5430 5267 5423 5180 5048 5295 5802 5604 5403 4942 5021 5307 5131 5449 5254 5365 5055 5682 5404 5428 5314 5294 5419 5635 5752 5746 5653 5457 5623 5298 5489 5525 5075 5746 5441 5508 5218 5596 5520 5469 5710 5436 5403 4966 5221 5395 5386 5586 5200 5305 5226 5417 5200 5232 5613 5205 5730 5773 5380 5584 5515 5222 5373 5514 5269 5263 5315 5437 5168 5137 5592 6051 5288 5324 5377 5221 5675 5393 5596 5271 4764 5283 4841 5394 5252 5344 5415 5259 4877 5518 5210 5585 5298 5553 5478 5342 5253 5390 5243 5081 4960 5354 5528 5248 5565 5073 5405 5298 5179 4810 5145 5366 5446 5132 5454 5491 5613 5283 5469 5330 5655 5431 5567 5570 5214 5796 5380 5605 5602 5298 5487 5816 5570 4967 5376 5452 5033 5636 5397 5625 5508 5065 5477 
5684 5196 5416 5232 5694 5787 5404 5584 4998 5035 5723 5247 5133 5447 5423 5213 5590 5208 5785 5443 5303 5400 4918 5547 5720 5086 5075 5245 5627 5279 5876 5903 5285 5449 5670 5552 5229 5785 5365 5068 5308 5656 5288 5399 5648 5189 5803 5606 5240 5596 5797 5547 5789 5818 4906 5552 5726 5589 5064 5532 5215 5447 5279 5641 5314 5181 5368 5285 5595 5726 5099 5276 5733 5626 5455 5562 5571 5399 5505 5007 5744 5618 5267 5774 5431 5741 5593 5425 5797 5433 5239 5396 5411 5484 5426 5510 5439 5758 5663 5296 5639 5547 5232 5377 6038 4928 5579 5339 5463 5949 5520 5349 5655 5599 5636 5421 5397 5201 5334 5943 5581 5395 5300 5397 5426 5354 5562 5090 5581 5044 5725 5355 5378 5333 5509 5659 5486 5606 5739 5508 5695 5631 5353 5795 5505 4954 5540 5612 5573 5301 5550 5573 5696 5699 5322 5122 5100 5222 5304 5215 5756 5619 5399 5204 5513 5532 5613 5672 5195 5695 5611 5593 5563 5453 5389 5689 5677 5195 5628 5690 5498 5227 5221 5379 5724 5400 5303 5339 5575 5574 5446 5526 5248 4816 5340 4586 5496 5301 5614 5664 4918 5014 5538 5319 5664 5518 5413 5691 5361 5328 5218 5530 5457 4773 5465 5400 5480 5312 4990 5613 5195 5467 5185 4933 5266 5700 5002 5544 5126 5803 5200 5267 5267 5637 5545 5585 5316 5526 6024 5172 5627 5496 5414 5771 5746 5600 5385 5614 5311 5218 5518 5703 5787 5576 5257 5596 
5120 4996 4943 4696 5288 5160 4923 5045 5016 4748 5131 5011 5075 5324 4952 4803 5043 4568 5436 4797 5015 4943 4944 5076 5209 4764 4659 4602 5132 4871 5552 5565 4749 5248 5047 5333 5006 5553 5267 4511 4940 5426 5040 5066 5110 4955 5380 5331 4905 4945 5237 4833 5112 5117 4822 4973 5028 5098 4753 5119 4520 5106 4816 5241 4766 4486 4679 4770 5208 5277 5055 5198 4946 5195 4944 5269 5354 5250 5015 4580 5205 5344 4912 5434 5110 5546 4947 5043 5261 4925 5032 5193 5018 4875 5102 5110 4722 5333 5270 5151 5005 5029 4766 5097 5549 4484 5125 4903 4871 5501 4783 4700 5272 5093 5115 5191 4992 4695 5021 5339 5328 4791 4764 4704 5102 4930 5175 4706 5155 4634 5252 5227 5013 4926 5067 5239 5376 5080 5370 5076 5365 5162 4847 5237 5307 4668 5272 5185 5196 4816 5077 5100 5176 5285 4991 4754 4507 4890 5052 5102 5130 4888 4952 4644 5065 5216 5165 5255 4957 5302 5283 5003 5220 4908 4990 5465 5030 4639 4891 5288 4787 4730 4757 5134 5394 5227 5015 5031 5294 4951 5344 5239 4868 4250 5208 4437 5177 4944 5226 5036 4479 4436 5312 4994 5256 4978 5210 5480 4993 4831 5078 5120 4927 4890 5052 5145 4907 4906 4919 5031 4749 5041 4723 4617 4921 5231 4633 5209 4962 5088 4962 4848 4935 5108 5074 5279 4981 4950 5446 5190 5109 5169 5299 5158 5386 5174 4861 5444 5242 4895 5414 5291 5238 4962 4754 5199 
5486 5151 5204 5044 5665 5471 5059 5460 5044 5162 5448 5131 5389 5601 5501 5190 5630 5050 5908 5015 5460 5313 4984 5275 5455 5007 4938 5002 5206 4954 5656 5748 5235 5692 4999 5623 5168 5535 5713 4916 5218 5434 5556 5354 5451 5415 5590 5713 4961 5239 5346 5204 5531 5232 4900 5527 5708 5499 4837 5554 5035 5263 5165 5272 4917 5019 5305 5425 5759 5594 5286 5431 5109 5672 5326 5201 5448 5336 5551 5184 5740 5307 5227 5654 5530 5952 5180 5507 5440 5226 5183 5203 5283 5365 5516 5415 5167 5514 5884 5504 5507 5400 5188 5207 5560 5048 5356 5161 5487 5332 5432 5075 5294 5417 5422 5325 5183 5083 5218 5723 5726 5338 5047 5068 5110 5192 5473 5065 5478 4900 5285 5405 4993 5540 5369 5722 5713 5730 5722 5402 5372 5343 5031 5325 5777 4987 5602 5447 5484 5223 5454 5474 5532 5759 5416 4912 4896 5011 5461 5298 5407 5646 5234 5124 5359 5303 5177 5378 5171 5486 5591 5310 5305 5383 5269 5209 5427 5181 5378 5580 5330 5026 4996 5396 5497 5377 5442 5289 5439 5357 5239 5344 5175 4600 5294 4512 5371 5228 5233 5588 4836 4903 5500 5348 5350 5405 5289 5609 4965 5112 5358 5363 5439 5098 5355 5609 5224 5552 5240 5409 5641 5421 4949 5196 5137 5478 4921 5517 5245 5829 5226 5018 5263 5421 5670 5587 5349 5288 5701 5227 5368 5460 5149 5444 5369 5322 5285 5371 5203 4868 5548 5648 5487 5310 5135 5483 
5382 5080 5409 4988 5294 5547 4934 5404 5246 5019 5566 5131 5095 5259 5262 4929 5396 4842 5508 5013 5239 5094 5304 5202 5359 5147 5123 5159 5461 4977 5554 5568 5302 5474 5284 5339 5229 5656 5151 4546 5220 5650 5481 5450 5281 5200 5748 5403 4937 4990 5571 5046 5533 5037 5091 5542 5229 5258 5030 5374 4859 5167 4957 5371 5162 5212 5182 5063 5419 5491 5211 5295 5030 5594 5273 5151 5543 5251 5045 4764 5443 5404 4744 5630 5342 5832 5325 5163 5633 5006 5030 5067 5135 5233 5296 5135 5061 5740 5591 5381 5237 5322 5255 5116 5615 4857 5209 5219 5172 5707 5242 4885 5258 5296 5346 5211 5333 4992 5070 5649 5471 5171 4758 4882 5168 5379 5553 4845 5305 5025 5303 5126 5040 5232 5355 5367 5250 5748 5522 5547 5329 5336 5245 5390 5605 4769 5362 5650 5173 5147 5592 5069 5458 5534 5329 4837 4897 4759 5259 5233 5489 5231 5342 5140 5534 5303 5298 5478 4898 5371 5627 5112 5433 5376 5164 5331 4996 4986 5084 5297 5177 4913 5077 5136 5523 5142 5230 4872 5208 5481 5095 5200 5181 4457 5232 4868 5111 5065 5182 5552 4802 4919 5463 5192 5302 5457 5185 5457 5460 5044 5211 5229 5176 4887 5345 5484 5060 5384 5088 5518 5016 5186 4757 4958 4736 5399 4895 5420 5127 5657 5058 5250 4975 5507 5363 5569 5572 5348 5716 5008 5559 5539 4995 5154 5467 5149 5043 5271 5212 4857 5484 5405 5179 5379 4770 5374 
5404 5215 4879 4990 5513 5410 4902 5123 5264 4873 5406 5197 5099 5323 4916 4826 5284 4848 5320 4832 5139 4816 5030 4994 5288 4954 4773 4826 5269 5054 5555 5434 4969 5227 5043 5170 4880 5274 5322 4697 5096 5584 5314 4992 5140 5054 5215 5348 4713 5046 5426 4898 5128 5199 4891 5632 5095 5126 4703 5324 4950 5116 4902 4951 5198 4669 4944 4777 5487 5523 4950 5201 5285 5486 5230 5230 5338 5114 5236 4569 5308 5279 5024 5443 5289 5577 5237 5306 5284 5110 5011 5094 5354 5005 5142 4852 4753 5435 5611 5057 5172 5109 4705 5214 5560 4690 5163 4923 5100 5356 5370 4775 4887 5350 5175 5077 5315 5050 5138 5698 5084 5061 4689 5115 5086 5041 5483 4875 4866 4880 5153 5107 5024 5184 5187 5608 5323 5354 5432 5131 5187 5534 5015 5513 5289 4745 5375 5224 5289 4743 5322 4764 5478 5212 5220 4663 4617 4635 5236 5090 5332 5440 4747 4770 4847 5271 5264 5573 5029 5372 5314 5144 5431 5147 5100 5317 5016 4868 5296 4887 4729 4722 5059 4946 5523 4930 5211 5113 5076 5239 5066 5228 4748 4645 4989 4565 4995 5195 5122 5140 4658 4792 5588 4956 5424 5005 5153 5252 5234 4914 4880 5221 4842 4949 5118 5303 4915 4810 5037 5046 4867 5020 5049 4665 5037 5348 4752 5238 4968 5543 5002 4965 4934 5261 5163 5277 5114 4945 5788 4962 5308 5244 5339 5267 5082 5233 4818 5556 4993 4950 5248 5477 5304 5082 4930 5234 
5399 5587 5166 4864 5887 5660 5101 5533 5307 5135 5314 5351 5331 5525 5207 5076 5598 4925 5954 5295 5429 5635 5132 5435 5488 5161 5180 5254 5921 5103 5734 5823 5117 5373 5395 5624 5383 5785 5443 4929 5214 5673 5456 5492 5444 5445 5673 5928 5067 5276 5423 5195 5374 5220 4991 5592 5548 5547 5301 5393 5180 5566 5058 5655 5245 4954 5270 5126 5894 5465 5218 5427 5290 5651 5315 5584 5740 5611 5498 5097 5456 5398 5192 5871 5504 6004 4992 5430 5746 5141 5367 5529 5566 5290 5595 5297 5295 5740 5773 5433 5500 5634 5265 5467 5859 5032 5748 5627 5405 5888 5464 5096 5404 5484 5552 5289 5623 5099 5188 5845 5668 5284 5177 5171 5397 5419 5798 5118 5400 5081 5677 5482 5313 5589 5376 5570 5656 5895 5810 5484 5599 5632 5288 5374 5548 5196 5334 5714 5724 5297 5523 5571 5450 5447 5553 5112 4841 5135 5350 5236 5550 5310 5344 5345 5326 5222 5654 5812 5373 5570 5729 5235 5737 5507 5388 5583 5572 5033 5486 5685 5585 5057 5373 5453 6036 5266 5136 5271 5428 5393 5303 5706 5082 4683 5277 5025 5341 5159 5507 5508 4755 4810 5401 5364 5387 5560 5189 5602 5282 5178 5135 5557 5191 5151 5495 5457 5578 5298 5248 5592 5255 5567 4881 5226 5084 5562 5154 5350 5285 5754 5236 5106 5323 5680 5539 5403 5732 5413 5718 5565 5594 5569 5538 5740 5442 5619 5249 5664 5290 5282 5635 5437 5665 5285 5172 5456 
5414 5131 4951 4803 5545 5334 4860 5252 4989 5051 5218 5093 5224 5327 4824 5046 5241 4799 5502 5145 5228 5115 5103 5245 5183 4842 4802 5029 5168 4908 5394 5678 4907 5168 4880 5086 5230 5468 5405 4620 4981 5351 5151 5032 5100 5185 5231 5466 4948 5078 5321 4898 5206 5400 4638 5526 5557 5259 4942 5353 5074 5073 5007 5504 5065 4812 4841 5014 5867 5592 5231 5064 5014 5566 5347 5309 5031 5138 5299 4922 5126 5293 4923 5186 5425 5694 5164 5204 5206 4976 4990 5162 5048 5490 5560 4924 5183 5540 5310 4993 5361 5353 4986 5225 5593 4866 5288 5157 4983 5588 5241 4890 5148 5050 5549 5192 5118 4870 5030 5575 5717 5225 4787 5078 4970 5369 5408 4706 5237 4957 5101 5352 4943 5265 5444 5375 5316 5688 5495 5330 5549 5336 5173 5280 5522 4815 5417 5462 5312 4986 5084 5312 5131 5371 5419 4778 4829 4759 5110 5024 5490 5504 5064 5085 5281 4870 5410 5374 4995 5491 5372 5239 5293 5318 5204 5281 5389 5271 5465 5458 5516 5046 4924 5091 5627 4956 4964 5198 5170 5268 4989 5560 4860 4462 5192 4761 5125 4721 4904 5390 5022 4798 5199 5060 5386 5165 4854 5406 5052 4593 4936 4957 5171 5133 5353 5257 5495 5242 4839 5442 5337 5152 4901 4944 5061 5145 4891 5009 4925 5723 5116 4976 5070 5490 5288 5355 5271 5154 5334 5035 5391 5157 4943 5354 5383 5119 5018 5293 5092 4907 5505 5428 5217 5011 5029 5100 
4955 4895 4582 4672 5061 4827 4557 5057 4566 4655 4762 4775 4814 4853 4841 4461 5255 4463 5113 4398 4928 4808 4654 4844 4954 4499 4392 4482 5214 4658 5142 5420 4647 4747 4610 4890 4823 5131 4892 4305 4901 4959 5008 5239 4808 4555 5234 5054 4822 4940 5095 4512 4887 4675 4357 5082 4937 4929 4539 4951 4542 5097 4677 5146 4584 4717 4629 4761 5279 5297 5073 4875 4834 5204 5079 4788 5046 5098 4858 4650 5187 5187 4452 5013 4993 5336 4839 4728 5173 4804 4549 4739 5067 4748 5050 5204 4456 5115 5116 4885 4932 4783 4641 4804 5154 4492 4970 4684 4523 5299 4906 4522 4905 4769 4973 5104 4763 4713 4978 5161 5205 4932 4410 4354 4780 4936 4938 4529 4913 4750 4951 4827 4758 4897 4844 4877 5019 5032 5175 5035 4938 4961 4432 5086 5059 4781 5101 4906 5098 4544 5299 4678 4883 5046 4987 4613 4445 4496 4850 4742 5209 4970 4735 4645 4965 4855 4845 5162 4739 5173 5314 4615 4968 4936 4651 4898 5080 4701 5077 5086 4712 4529 4528 4707 5389 4834 4688 4580 5090 5259 4741 4778 4702 4104 4801 4357 4828 4763 5194 4957 4450 4378 5175 4724 4885 4881 4741 5162 4856 4714 4702 4744 4831 4557 4784 4966 4529 4744 4680 4809 4641 4779 4580 4610 4666 4963 4485 4981 4753 5019 4616 4807 4665 5175 4946 4962 4986 4657 5089 4633 4708 4848 4718 4921 5080 4622 4808 4897 4918 4433 5328 5019 5180 4905 4403 5099 
5721 5723 5405 5296 5773 5870 5378 5744 5714 5265 5890 5971 5220 6106 5609 5581 5871 5078 5842 5504 5520 5579 5373 5477 5814 5126 5604 5278 5721 5432 5891 5949 5532 5425 5363 5753 5633 5934 5582 5156 5538 5767 5674 5759 5559 5410 5759 5911 5232 5674 5989 5515 5690 5694 5455 5913 5636 5798 5555 5797 5408 5578 5585 5659 5592 5287 5423 5432 6111 5826 5656 5473 5475 6047 5505 5541 5981 5586 5666 5375 5580 5903 5350 6053 5877 6102 5483 5837 5885 5700 5428 5683 5868 5542 5856 5841 5646 6157 5615 5741 5790 5702 5548 5590 6270 5211 5718 5826 5533 5988 5588 5326 5562 5629 5656 5540 5497 5459 5174 5990 6001 5553 5303 5319 5697 5669 5876 5236 5713 5187 5852 5725 5410 5751 5677 6085 5558 5964 5923 5767 5922 5826 5619 5725 6010 5199 5689 5809 5590 5376 5592 5494 5834 6307 5833 5447 5166 5355 5803 5535 5979 5757 5407 5621 5612 5486 5741 6034 5616 5946 5684 5769 5825 5733 5673 5760 5453 5418 5776 5944 5850 5435 5308 5559 6446 5382 5436 5714 5491 5630 5623 5807 5109 5016 5650 5160 5773 5793 5327 5653 5352 5172 5736 5606 5555 5633 5369 5556 5595 5057 5103 5362 5501 5354 5695 5583 5438 5734 5597 5686 5260 5934 5293 5386 5578 5440 5276 5689 5411 5997 5341 5632 5353 5858 5648 5736 6007 5474 6097 5585 5656 5734 5616 5753 5686 5959 5157 5759 5672 5402 5822 5414 5809 5670 5264 5690 
5561 5480 5129 4836 5332 5434 5122 5252 5256 5040 5209 5071 5088 5421 5128 5082 4969 4763 5435 4999 5397 5231 5217 5398 5276 4741 4807 4947 5346 5008 5475 5693 4858 5251 5093 5354 5158 5492 5352 4802 4943 5355 5133 5568 5293 5194 5228 5050 4982 5049 5258 5060 5255 5258 4909 5569 5384 5400 4751 5289 4949 5144 4875 5280 4953 4887 4880 4917 5330 5428 5174 5159 4987 5509 5160 5127 5364 5082 5192 5022 5196 5477 4823 5526 5206 5810 5139 5341 5484 4834 4953 5259 5222 5143 5123 5405 4880 5562 5332 5249 5135 5046 4995 5358 5718 5093 5345 5144 5204 5472 5468 5101 5173 5137 5283 5295 5259 4826 5347 5564 5244 5266 4806 4797 5047 5106 5471 4966 5295 5104 5245 5229 4967 5049 5278 5523 5607 5362 5385 5343 5750 5338 4863 5475 5407 5040 5666 5247 5452 5182 4980 5309 5216 5620 5296 5073 4816 4850 5157 5115 5252 5386 5230 5097 5111 5220 5128 5474 5030 5573 5455 5084 5390 5361 5097 5191 5351 5064 5422 5390 5099 5049 5091 5105 5563 4850 5019 4936 5231 5257 4971 5364 4927 4900 5137 4572 5215 5208 5236 5282 4898 4775 5098 5116 5028 5355 5228 5274 4989 4797 4859 4943 5164 5093 5300 5242 5125 5179 5020 5222 5073 5398 4945 4965 5116 5234 4929 5097 5037 5667 5339 4872 5090 5373 5195 5576 5238 5062 5669 5427 5115 5037 5083 5466 5417 5083 4868 5239 5046 5018 5338 5204 5258 5566 5021 5408 
5288 5589 5180 5130 5316 5822 5167 5499 5148 5100 5385 5270 5347 5542 5533 5161 5448 5013 5747 5226 5192 5370 5133 5196 5659 4946 5066 5000 5423 4806 5624 5670 4995 5482 5160 5449 5111 5623 5466 4733 5164 5532 5464 5467 5169 5254 5582 5512 5228 5093 5568 5174 5375 5346 5086 5576 5409 5309 5026 5442 5376 5258 4697 5650 5073 4972 5045 5211 5650 5721 5506 5223 4952 5700 5280 5258 5357 5451 5366 5104 5565 5643 4870 5653 5488 5970 5355 5218 5576 5399 5114 5420 5327 5138 5440 5633 5133 5775 5484 5216 5547 5470 4861 5596 6012 5064 5450 5336 5071 5696 5476 5149 5339 5211 5380 5229 5198 4984 5264 5345 5593 5281 5029 5023 5196 5495 5656 5200 5394 4824 5356 5200 5240 5290 5242 5608 5514 5533 5697 5406 5618 5397 5354 5213 5432 5153 5678 5674 5612 5052 5472 5274 5409 5688 5491 5026 4978 5058 5636 5076 5654 5479 5249 5255 5378 5279 5305 5722 5375 5797 5758 5272 5323 5384 5337 5595 5450 5068 5375 5327 5318 4772 4968 5311 5872 5497 5278 5257 5358 5352 5384 5827 5225 4612 5334 4834 5218 5265 5293 5564 4853 4908 5770 4951 5372 5464 5417 5500 5273 4890 5243 5399 5045 5318 5555 5671 5402 5414 5119 5536 5085 5375 4933 4894 5003 5460 5150 5552 5083 5714 5302 5297 5288 5336 5471 5397 5656 5316 5706 5034 5515 5303 5373 5482 5284 5538 4912 5454 5164 5335 5579 5357 5310 5260 5147 5489 
5101 5216 4841 4605 5094 5001 4658 5022 4851 4947 5048 4978 4990 5324 4972 4738 4934 4627 5404 4840 5103 4927 4810 5015 5124 4819 4599 4797 5089 4818 5417 5412 4694 4897 4864 5094 4893 5171 5185 4462 4847 5236 4977 5107 4759 4733 5301 5312 4765 4790 5102 4704 4890 4956 4773 5039 4733 4953 4546 5276 4798 5006 4715 5194 4881 4848 4831 4830 5219 5195 5094 5022 4762 5232 5191 5073 5226 5056 4692 4796 5032 5131 4446 5204 5288 5482 4820 5143 4990 4646 4833 5030 4985 5142 5266 4970 4789 5410 5264 4991 4982 5122 5004 5183 5325 4621 4987 5047 4971 5491 5021 4829 4938 4858 5117 4897 5044 4777 4872 5435 5377 4885 4793 4469 5157 5169 4983 4641 5016 4903 5208 5111 4960 4917 5072 5190 5060 5371 5127 5208 5495 5510 4862 5460 5431 4798 5175 5235 5259 4832 5145 4925 5051 5494 5150 4713 4751 4824 5137 4920 5452 5021 4906 4955 4848 5118 4984 5269 5107 5428 5385 4725 5226 5179 4989 5222 4996 4891 5008 5232 4791 4695 4903 5028 5684 5035 4857 4485 5065 5112 5075 5052 4537 4062 5020 4686 5043 4575 4877 5191 4635 4414 5090 4742 5310 4923 4808 5404 4915 4557 4878 4811 5111 4921 5019 4970 4916 5021 4533 4744 4909 5055 4545 4633 5005 5435 4817 5337 4801 5324 4915 4756 4538 5216 5310 5160 5081 4853 5447 4964 5128 5053 5025 5220 5119 4952 4766 5323 5064 4655 5239 4939 5098 4883 4652 5285 
5078 4960 4728 4581 5427 5370 4753 5295 4870 4909 5272 5316 5022 5110 5114 5024 5203 4763 5732 4949 5317 4874 5020 4890 5348 4857 5085 5068 5069 4877 5379 5830 4598 5256 4987 4983 5050 5455 5208 4526 5094 5292 4929 4961 5212 4958 5172 5259 4819 4903 4846 4888 5040 5187 5116 5334 5408 5293 5056 5183 4894 4907 4914 5222 5125 4969 4909 4844 5409 5338 4901 4990 4897 5382 5240 4845 5191 5118 5246 4474 5143 5300 4932 5352 5317 5727 5026 5236 5094 4923 4951 5039 4874 4939 5511 5111 4750 5390 5179 5032 5006 5182 4803 5197 5478 4713 5172 5240 4956 5304 5022 4732 5005 5252 5010 4977 5043 4694 5047 5543 5519 5206 4945 4696 4793 4966 5398 4841 5007 4997 4915 5103 4813 5011 5180 5338 5147 5499 5198 5313 5241 4925 5150 5099 5454 4722 4996 5146 5211 4956 5267 5092 5162 5428 5100 4771 4800 4619 5110 5242 5317 5318 5135 4787 4918 4961 5242 5226 4768 5369 5448 5034 5268 5151 5074 4999 4939 4715 5006 5112 5168 4792 4958 5246 5545 4827 5233 4893 5044 5086 5164 5195 4941 4430 5010 4680 5158 5000 4994 5224 4847 4410 5249 4891 5109 4870 4790 5120 5178 4864 5119 5083 5345 4921 5323 4956 5142 5151 4836 5304 4936 5067 4882 5008 5121 5155 4920 5273 4985 5615 4718 5081 4816 5178 5151 5489 5122 5163 5644 5083 5327 5048 5102 5001 5254 5044 4937 5232 4964 4654 5234 5417 5216 4943 4743 5233 
5321 5493 5012 4937 5827 5662 5249 5498 5104 5062 5182 5348 5381 5551 5383 5098 5581 5114 5670 5226 5511 5271 5017 5417 5582 5440 4888 5018 5441 5179 5608 5737 5050 5399 5373 5389 5212 5758 5485 4919 5119 5777 5079 5517 5505 5437 5608 5758 5035 5188 5675 5099 5508 5436 4857 5564 5478 5224 5226 5334 5164 5190 5285 5380 5503 4999 4996 5192 5767 5501 5448 5195 5251 5748 5494 5388 5616 5255 5344 5041 5357 5700 5259 5395 5547 5792 5429 5514 5551 5249 5219 5307 5474 5146 5485 5270 5162 5652 5478 5331 5467 5594 5228 5124 5676 4847 5529 5567 5387 5712 5221 4999 5269 5468 5369 5302 5337 4970 5029 5838 5770 5247 5137 5096 5105 5387 5544 5100 5131 4947 5362 5220 5285 5254 5476 5596 5362 5807 5733 5340 5485 5551 5310 5376 5507 4803 5256 5583 5464 5248 5647 5367 5649 5548 5303 5003 4810 5241 5245 4985 5619 5539 5250 5215 4903 5474 5496 5575 5341 5545 5598 5298 5359 5486 5497 5467 5217 5072 5385 5704 5291 4939 5155 5397 5837 5287 5187 4870 5312 5310 5416 5342 5022 4642 5376 4791 5384 5041 5454 5448 5055 4844 5440 5141 5418 5364 5294 5686 5399 4994 5531 5475 5017 4884 5758 5418 5388 5245 5170 5751 5265 5359 4895 5220 5096 5287 5023 5460 5281 5682 4908 5115 5013 5503 5487 5509 5279 5362 5860 4745 5381 5533 5208 5393 5575 5398 5290 5399 5369 5089 5811 5458 5632 5160 5248 5633 
5010 4987 5096 4518 5188 5243 4778 5200 5001 4796 4981 5128 4779 5101 4963 4578 5098 4822 5328 4759 5409 4715 4889 4985 5182 4666 4781 4763 5426 4713 5273 5325 5016 5328 4705 5103 4969 5289 5166 4406 4823 5089 5181 5040 5272 4904 5241 5045 4767 4976 5391 4991 5156 5282 4590 5345 5157 5047 4578 5198 4800 4980 4618 4920 5082 4798 4867 4802 5077 5260 4884 5137 4611 5272 5058 4896 5213 5464 5090 4551 5069 5153 4742 5374 5424 5389 5262 4930 5416 4737 4882 4885 4742 4949 5068 5164 5016 5115 5078 4899 5094 4778 4895 4868 5258 4715 5039 4791 4773 4971 4894 4614 4703 5063 4875 5261 5089 4824 5067 5323 5048 5018 5075 4684 5067 5062 5306 4849 5156 4556 5185 5033 4895 4759 5111 5350 5180 5275 5262 5064 5195 5283 4898 5087 5321 4576 5127 5130 4842 4796 5056 4761 5035 5344 4976 4877 4724 4498 4976 4888 5261 5087 4790 4798 4920 4877 5196 5312 4901 5468 4978 4990 5049 4834 5157 5132 5204 4902 5241 5129 5019 4801 4989 5057 5507 4874 4965 4678 4910 5197 4731 5313 4917 4481 4925 4429 5059 5061 5015 5295 4632 4766 5249 4853 5061 4878 5161 4996 5143 4680 4721 4908 4839 4907 5140 5281 4729 5052 4902 5177 4698 5061 4547 4458 5038 5118 4754 5148 4924 5482 4590 4924 4617 5211 4959 5252 5218 4940 5285 4922 5310 5030 4896 5009 4883 5290 4551 5086 5253 4689 5072 4960 5154 5204 4776 5114 
5104 5117 4743 4710 5172 5132 4730 5123 4814 4600 5129 4882 4788 5385 5062 4631 5125 4731 5312 4827 4707 5005 4703 4698 5093 4637 4623 4588 4938 4538 5385 5213 4699 5054 5043 4810 4906 5301 4884 4386 4944 5150 4856 5010 4828 4738 5004 5176 4651 4797 5134 4681 5142 4740 4680 5070 4847 4749 4813 4876 4555 4935 4632 4896 4775 4544 4903 4776 5264 5049 4681 4974 4854 5304 4896 4821 5045 5063 4817 4681 4937 5019 4616 5246 5013 5498 4777 5008 5217 4848 4604 5073 5053 4697 5122 5026 4794 5640 5391 5069 4798 5120 4780 4825 5079 4479 5047 5020 4862 5155 4736 4668 4601 4941 5086 4803 4953 4374 5013 5155 4967 4938 4525 4245 4656 4985 5294 4789 4681 4555 4903 4892 4590 4865 5001 5106 4994 5355 5229 5220 5244 4993 4919 4927 4994 4565 5007 4969 5040 4744 5005 5116 5105 5199 5167 4883 4616 4726 5132 4666 5132 4934 4977 4883 4915 5117 4877 5092 4917 5003 5251 4782 5130 5064 5077 4812 5050 4807 4938 5152 4722 4614 4711 4937 5402 4766 4847 4839 4994 4843 4621 4934 4624 4146 4852 4529 4882 4921 5080 4829 4567 4457 5156 4731 4910 4941 5006 5177 5173 4656 4690 4548 4830 4883 4980 5337 4826 4859 4907 5154 4523 5013 4573 4846 4852 4686 4620 5046 4979 5509 4576 4716 4657 5135 4946 5067 5074 4951 5272 5005 4855 5117 4584 4828 5577 4991 4800 5044 4950 4590 5240 5108 5180 4921 4715 5140 
5291 5215 5001 4962 5475 5596 4810 5310 4801 4998 5420 5021 4780 5211 5229 5107 5218 5026 5566 5088 4999 5260 5010 5052 5377 4776 4899 5035 5428 4749 5486 5496 5131 5166 5072 5366 5241 5342 5383 4734 4830 5545 5032 4988 5075 5132 5382 5363 4742 5103 5276 5030 5230 5246 4773 5208 4995 5379 4740 5269 4786 5159 4946 5216 5135 4887 4954 4955 5498 5545 5047 5296 4973 5567 5113 5286 5499 5289 5002 4970 5300 5221 5087 5489 5185 5700 4964 5072 5621 5083 5009 5267 5271 5215 5270 5019 4897 5567 5696 5225 5179 5325 4974 5308 5489 4690 5391 5009 5404 5401 5164 4854 5070 5209 5261 5189 5225 5153 5136 5711 5374 5094 4854 4919 5246 5131 5367 4873 5199 4709 5245 5281 5083 5162 5318 5396 5188 5651 5242 5259 5544 5421 5011 5484 5364 4726 5273 5399 5378 4893 5381 5294 5466 5372 5179 5012 4786 4871 5386 5283 5550 5566 4905 5091 5014 5181 5464 5558 5200 5488 5754 5143 5382 5374 5272 5223 4996 4969 5156 5445 5179 4765 5072 5144 5910 4975 5079 5079 5246 5336 5196 5235 4883 4722 5397 4613 5004 4997 5306 5439 4880 4601 5205 4963 5284 5220 5109 5359 5288 4755 5030 5187 4879 5071 5031 5345 5262 5002 4790 5317 5169 5211 4850 5062 5033 5242 4887 5223 5054 5590 5102 5151 4659 5487 5308 5614 5279 5048 5402 4905 5301 5336 5136 5443 5308 5187 4906 5507 4919 4736 5521 5452 5523 4963 4561 5431 
5275 5344 4953 4774 5488 5426 5037 5133 5020 4887 5219 5132 5278 5488 5158 4907 5177 4758 5560 5099 5498 4931 4742 5326 5243 4891 4709 5050 5284 4890 5408 5506 4987 5309 5002 5310 5025 5673 5069 4618 5169 5515 5510 5499 5199 5006 5290 5444 4875 4888 5349 5138 5340 5208 4894 5498 5621 5214 5060 5238 4884 5080 4936 5164 4967 4786 4816 4816 5174 5338 5086 5066 4883 5388 5329 5145 5419 4985 5264 4796 5169 5346 4746 5579 5375 5816 5254 5267 5505 4848 4916 5010 5272 4991 5075 5252 5172 5440 5324 5127 5007 5164 5084 5160 5681 5091 5382 5333 4987 5339 5411 4809 4980 5198 5251 5246 5171 4708 5163 5469 5341 4856 4784 4692 5040 5111 5443 4960 5272 4934 5203 5161 4953 5123 5251 5450 5294 5579 5541 5315 5118 5227 4994 5030 5546 4881 5229 5365 5377 5054 5277 5349 5103 5442 5365 5054 4787 4757 5304 4953 5268 5073 5223 5072 5165 5272 5030 5490 5155 5220 5496 5277 5303 5274 5050 5404 5429 5001 5301 5165 4960 4967 4851 5121 5810 5075 5193 4692 5154 5281 5004 5094 5007 4615 5147 4846 5118 5008 5213 5415 4862 4662 5397 5075 5181 5053 5258 5308 5183 5120 5116 5093 5184 5011 5149 5298 5022 5201 5111 5286 4949 5256 4771 4917 5046 5387 5035 5014 4995 5704 4768 4833 5176 5365 5273 5589 5342 5210 5702 5258 5466 4947 5260 5151 5393 5128 4786 5252 5286 4944 5350 5301 5382 5187 4732 5280 
5601 5397 4953 5174 5667 5545 5088 5529 5333 5083 5391 5287 5099 5530 5591 4977 5433 4937 5664 5083 5395 5254 5274 5345 5536 4928 5104 4967 5564 5299 5742 5710 5202 5357 5150 5408 5114 5796 5317 4650 5279 5686 5401 5582 5428 5165 5730 5698 5071 5302 5408 5141 5374 5485 5313 5665 5481 5341 5047 5404 5295 5312 4812 5686 5226 5086 5078 5028 5526 5655 5525 5139 4926 5853 5144 5247 5249 5522 5305 5142 5553 5818 5223 5659 5430 6031 5373 5415 5404 5234 5243 5322 5521 5116 5591 5346 5007 5485 5784 5079 5431 5435 4885 5415 5770 4975 5445 5505 5360 5525 5699 4833 5088 5290 5270 5172 5451 5095 5462 5864 5553 5348 4994 4818 5043 5643 5626 5341 5393 5189 5309 5303 5344 5536 5176 5561 5559 5634 5866 5539 5506 5421 5154 5386 5579 5057 5882 5692 5324 5272 5632 5157 5380 5534 5504 5036 4967 4999 5606 5601 5586 5650 5193 5297 5237 5300 5418 5500 5147 5453 5535 5548 5474 5379 5166 5461 5244 5267 5486 5541 5386 4897 5264 5447 5933 5557 5397 5084 5387 5487 5410 5565 4960 4637 5224 4570 5232 5239 5206 5634 4830 4821 5548 5116 5292 5322 5440 5602 5575 4976 5173 5321 5363 5305 5549 5608 5432 5458 5075 5469 5175 5537 5113 5177 5304 5480 4922 5628 5173 5582 5268 5234 4972 5478 5215 5491 5497 5252 5862 5277 5608 5362 5199 5416 5511 5341 5241 5587 5259 4896 5493 5355 5369 5298 4946 5489 
5231 5360 4891 4652 5660 5720 5018 5421 5147 5008 5381 4993 4979 5318 5083 4810 5176 5023 5801 5398 5468 4864 5141 5331 5532 4757 5119 5292 5470 4802 5303 5581 5092 5352 5067 5234 5049 5571 5313 4626 5133 5347 5348 5263 5222 5044 5481 5600 4925 4762 5542 5148 5558 5028 4920 5546 5296 5022 5026 5353 4828 5091 4942 5203 5265 4924 5117 4866 5440 5481 5556 5212 4964 5578 5142 5214 5411 5183 5152 5060 5375 5399 4883 5611 5270 5720 5260 5284 5439 4918 4873 5080 5304 5090 5457 5329 5119 5793 5224 5105 5454 5227 5066 5248 5702 4812 5274 5095 5203 5502 5106 4905 4965 5059 5317 5160 5126 5087 4899 5449 5378 5098 4860 4929 5126 5096 5174 4776 5112 4910 5514 5122 5048 5348 5230 5302 5361 5450 5373 5488 5382 5211 5028 5400 5297 4515 5497 5544 5196 5375 5465 5248 5268 5492 5207 5001 4893 5005 5163 5078 5434 5264 5231 5204 4942 5186 5384 5485 5043 5607 5354 5299 5205 5261 5047 5273 5428 5101 5326 5286 5181 5021 4996 5286 5741 4999 5181 5110 5210 5275 5238 5287 5152 4543 4944 4625 5287 5018 5582 5332 4816 4951 5330 5140 5363 5305 5240 5467 5332 4972 5022 5162 5126 4999 5525 5429 5025 5575 5033 5323 5098 5265 4949 4910 5455 5402 5056 5061 5134 5793 4706 5214 4958 5454 5169 5391 5315 5218 5898 5061 5298 5280 5206 5168 5142 5186 4956 5282 5176 4668 5242 5218 5287 5353 5246 5309 
5169 5276 5122 5022 5163 5613 5126 5307 5166 4830 5428 5217 5006 5411 5386 4906 5481 4790 5575 5243 5214 5014 4845 5212 5442 4926 4904 5210 5460 5204 5819 5572 5206 5225 5447 5164 5506 5609 5138 4805 5212 5477 4971 5292 5211 5281 5466 5365 5056 5101 5479 4997 5349 5348 4887 5566 5321 5280 5007 5141 4720 5060 5073 5619 5085 5009 5027 5004 5459 5514 5017 5080 5304 5385 5239 5130 5371 5236 5326 4669 5072 5532 4856 5584 5493 5699 5254 5259 5634 5219 5130 5348 5313 5218 5065 5322 5107 5816 5412 5055 5174 5330 4712 5214 5602 4629 5515 5364 4832 5769 5494 5020 5298 5251 5512 5138 5301 5125 5069 5595 5391 5109 5013 5020 5078 5251 5585 5065 5309 5073 5404 5324 5291 5286 5316 5324 5265 5460 5569 5245 5545 5310 5126 5507 5544 4994 5364 5464 5604 5120 5244 5152 5406 5662 5164 5075 4760 5144 5449 5165 5818 5228 5299 5055 5210 5297 5325 5558 5117 5457 5563 5279 5356 5339 5283 5540 5357 5126 5279 5644 5335 4926 5202 5311 5844 5276 5012 5058 5296 5505 5373 5587 5089 4518 5168 5019 5129 4969 5584 5369 5044 4663 5438 4912 5325 5293 5043 5688 5286 4918 5045 5227 5062 4854 5138 5026 5294 5073 5251 5595 4906 5103 5023 4985 5033 5322 4984 5102 4870 5208 5081 5055 5155 5409 5113 5482 5157 5175 5467 5169 5075 5223 5341 5416 5487 5394 4898 5432 5383 5124 5209 5153 5529 5296 4827 5546 
5534 5509 5077 4892 5431 5650 4907 5259 5022 5204 5457 5579 5420 5719 5355 5166 5408 4996 5568 5245 5500 5278 5134 5384 5691 5359 4983 5187 5631 5052 5916 5615 5130 5520 5321 5407 5276 5693 5343 4915 5367 5567 5685 5744 5227 5421 5505 5739 4981 5364 5611 5210 5388 5292 4988 5859 5742 5359 5206 5406 4907 5310 5067 5529 5332 5052 5347 5264 5608 5385 5378 5450 5317 5822 5448 5123 5397 5230 5371 5214 5504 5402 4963 5539 5515 5738 5188 5362 5629 5307 5259 5458 5317 5246 5332 5465 4954 5974 5582 5388 5352 5235 5276 5589 6022 5044 5572 5568 5218 5705 5538 4978 5218 5415 5302 5158 5507 5296 5088 5767 5564 5366 5140 5259 5228 5417 5814 5132 5428 5237 5344 5130 5297 5127 5546 5782 5322 5902 5713 5405 5656 5547 5295 5371 5701 5175 5739 5576 5551 5108 5447 5201 5465 5758 5582 5007 5029 5015 5347 5009 5562 5442 5120 5233 5498 5437 5191 5429 5485 5493 5623 5464 5462 5404 5370 5397 5291 5179 5575 5498 5414 5004 4992 5376 5874 5313 5443 5122 5344 5598 5262 5371 5378 4877 5374 4843 5450 5218 5413 5522 5017 4975 5349 5384 5485 5353 5385 5572 5248 4825 4935 5344 5229 5054 5370 5394 5046 5372 5209 5299 5271 5297 4963 5161 5406 5353 5002 5246 5251 5984 5161 5224 5319 5414 5392 5708 5472 5216 5960 5374 5526 5397 5175 5340 5379 5342 5229 5454 5351 5150 5464 5384 5517 5436 5103 5480 
5313 5331 5257 4986 5553 5683 4959 5430 5064 5045 5510 5345 5133 5396 5186 4982 5362 4889 5785 5175 5155 5237 4888 5307 5459 4942 5145 5012 5700 5012 5455 5680 5057 5350 5256 5414 5365 5361 4926 4862 5183 5360 4856 5311 5221 5177 5312 5218 4760 4919 5479 5095 5220 5275 4908 5425 5344 5298 4901 5061 4837 5068 5036 5425 5107 4939 4979 5156 5367 5335 5017 5193 5317 5483 5280 5100 5624 5165 5201 4882 5225 5278 5045 5592 5351 5676 5335 5394 5427 5102 4950 5528 5396 5193 4919 5215 5286 5752 5102 5235 5474 5221 5317 5379 5827 4674 5468 5279 5150 5552 4984 5149 5109 5362 5269 5261 5444 4806 5355 5552 5633 5196 5041 4903 5259 5183 5749 4802 5283 4881 5170 5246 4964 5298 4941 5469 5118 5584 5223 5414 5456 5507 5164 5692 5546 4731 5391 5440 5447 5165 5385 5197 5352 5662 5214 5010 4912 4698 5165 4934 5555 5333 5038 5036 5192 5469 5397 5495 5109 5362 5335 5238 5185 5160 5166 5409 5367 4941 5282 5444 5199 5089 4879 5080 5628 5015 5190 5053 5257 5343 5349 5170 5134 4550 5221 4580 5102 5257 5339 5486 4609 4953 5194 5169 5462 5333 5160 5366 5226 4689 4976 5312 4945 4872 5271 5094 5044 5258 5206 5669 5121 5230 5128 4890 5011 5433 5158 5326 5184 5486 4882 5188 5075 5505 5319 5367 5290 5216 5843 5208 5234 5422 4808 5305 5523 5498 4776 5598 5323 5151 5487 4825 5247 5367 4996 5196 
5220 5069 5134 4965 5082 5370 4831 4956 4948 4783 5246 5203 4942 5213 5152 4884 5156 4542 4972 4771 5259 4989 4858 5379 5538 5129 4707 4970 5219 4889 5518 5588 4789 5237 4958 5312 5343 5609 5397 4607 4950 5374 5114 5183 4913 5196 5251 5498 4759 4784 5245 5012 4941 5150 4802 5378 5264 5033 4585 5409 4932 5094 4735 4995 5172 4765 4877 5083 5431 5214 5306 5077 5111 5377 5009 5159 5276 5046 5103 4894 5301 5256 4756 5421 5290 5477 5123 5001 5489 4798 4793 5112 5141 5096 5452 5384 4770 5421 5274 5119 5340 5182 4935 5079 5593 4651 5290 5200 4893 5409 5116 4841 5209 5000 5163 5065 5161 4954 4903 5400 5304 5152 4797 4847 4917 5252 5402 4577 5181 4847 5296 5221 5012 4909 5396 5373 5016 5400 5342 5306 5325 5461 5129 5355 5435 4768 5167 5437 5413 4995 5295 4586 5231 5513 5257 4693 4891 4943 5264 4980 5353 5129 4937 4841 5330 5154 4896 5342 4981 5162 5243 5111 5340 5285 5089 5157 5204 5149 5115 5255 4834 4848 5021 5227 5500 4958 5178 5213 5248 4949 5056 5369 4880 4433 4945 4661 4737 5018 5099 5025 4730 4844 5305 5090 5158 5100 4921 5441 5086 4720 4989 4977 4866 4758 5021 5065 5077 5243 4969 5357 4811 4907 4804 4601 4884 5192 4808 4902 5124 5392 4848 4978 5194 5266 5102 5290 5156 5130 5613 5094 5413 5226 5159 5149 5362 5237 4847 5235 5061 5118 5392 5218 5205 5018 4983 5173 
4977 5077 4857 4658 5182 5311 4844 5115 4931 4678 4880 4974 4938 5118 5007 4852 5082 4746 5443 4643 5090 4934 4674 5017 4912 4574 4483 4891 4959 4705 5519 5580 4924 5115 5069 5127 5008 5521 5041 4276 4571 5351 4868 5009 4690 4897 5246 5417 5012 4837 5238 4919 5110 4831 5006 5171 5186 5251 4526 5105 4790 4914 4602 5146 4963 4800 4850 4873 5500 5180 4959 5135 4990 5285 5116 5017 4868 5058 4998 4823 5055 5255 4546 4966 5256 5347 5132 4896 5051 4765 4721 4953 5213 5108 5057 4799 4867 5387 5278 5058 5189 5205 4794 4859 5442 4859 5363 4920 4823 5426 5021 4860 5047 4926 5060 4967 4776 4852 4872 5434 5346 4688 4911 4687 4867 5284 5142 4578 5092 4757 5089 5041 4757 4854 5103 5134 5067 5408 5209 5112 5046 5103 4827 5308 5191 4928 5180 5273 5159 4895 5136 4863 5141 5247 4990 4693 4595 4654 5246 4873 5264 4930 4761 5072 5053 4960 4971 5122 4928 5232 5209 4984 4910 4984 4962 5144 5106 5019 4879 5230 5174 4565 4741 5124 5714 4980 4960 4864 4964 4953 5250 5087 4950 4396 5200 4584 5090 4671 4982 5217 4778 4509 5108 4858 5120 5054 4826 5370 4644 4786 4657 4932 4967 4807 5254 5118 5200 5198 4845 5132 5013 4955 4805 4696 5088 5043 4798 5235 4714 5593 5022 5111 5081 5357 4930 5203 5102 5268 5395 4712 5053 4955 4707 5250 5157 4834 4745 5155 5055 4628 5341 4837 5065 4716 4795 5002 
5536 5158 5399 5070 5486 5876 5403 5746 5327 5090 5404 5226 5215 5552 5071 5032 5368 5010 5609 5242 5658 5105 5195 5455 5412 5011 4939 5208 5683 4797 5573 5695 5159 5684 5441 5315 5495 5617 5469 4927 5058 5752 5342 5339 5585 5364 5662 5390 4950 5251 5436 5334 5586 5289 4948 5167 5391 5203 4925 5419 5119 5443 4827 5373 5276 5165 5252 5228 5518 5642 5282 5212 5131 5536 5304 5217 5439 5247 5367 5277 5519 5527 4959 5917 5551 6033 5213 5599 5743 5007 5029 5053 5297 5368 5526 5400 5178 5567 5597 5239 5278 5488 5040 5336 5855 5187 5305 5293 5479 5434 5457 5110 5406 5310 5570 5343 5264 5161 5494 5815 5686 5409 4771 4938 5173 5359 5472 5067 5410 4992 5601 5712 5194 5186 5304 5589 5567 5747 5484 5366 5764 5400 5314 5329 5672 5024 5717 5740 5510 5150 5502 5350 5543 5984 5470 5024 5022 4829 5460 5257 5669 5431 5098 5283 5298 5449 5455 5802 5318 5579 5596 5286 5764 5446 5294 5443 5372 5211 5552 5590 5201 5076 5072 5255 5979 5245 5514 5081 5527 5443 4976 5281 5081 4485 5361 5069 5476 5133 5454 5574 4894 4990 5522 5176 5294 5413 5342 5508 5207 5137 4959 5410 5126 5096 5412 5489 5108 5389 5405 5445 5017 5375 5165 5031 5483 5563 5503 5263 5156 5886 4903 4900 5211 5221 5265 5595 5534 5151 5984 5342 5453 5366 5020 5672 5634 5394 5183 5339 5385 5139 5467 5455 5516 5375 5085 5314 
5168 5001 4692 4604 5197 5463 4640 5211 4892 4503 5281 5202 4479 5227 5119 4624 4829 4673 5565 4856 5188 4736 4646 5009 5042 4762 4708 4857 5226 4909 5484 5146 4841 5188 5168 5102 5058 5294 5172 4404 4983 5034 5092 5225 4879 4979 5423 5161 4804 5084 5470 5009 5235 5058 4862 5400 4933 5001 4509 5189 4767 4933 4878 5228 5140 4862 4945 4828 5226 5349 4771 5019 4973 5196 4985 4941 5091 5105 4837 4669 4925 5233 4617 5415 5131 5466 5124 5059 5395 4905 5188 5032 5206 4920 5141 4987 4864 5510 5197 5063 5236 4923 4743 4885 5342 4732 5156 5124 5045 5290 4964 4711 4938 5025 4972 4988 4983 4776 4731 5404 5121 5064 4692 4583 4802 5046 5237 4850 4963 4964 5093 4851 4642 4811 5320 5080 5270 5280 5164 4962 5251 5086 5072 5164 5068 4840 5250 5251 5171 5098 5215 4904 5287 5334 4837 4838 4692 4845 5107 4810 5129 4973 4819 4906 4980 5078 4971 5260 4943 5407 5314 4916 5096 5437 4929 4687 5042 4889 5060 5299 5143 4761 5080 5171 5355 4856 4953 4826 4947 5104 4780 4915 4967 4567 5008 4480 5290 5107 4914 4855 4710 4757 5187 5043 5098 4724 4830 5284 5042 4594 4935 4741 4818 4506 5121 4978 4803 5219 4817 5042 4923 4962 4793 4647 5171 4893 5019 5144 4922 5384 4711 4703 4797 5312 5099 4944 5112 4860 5332 5044 5102 5331 5157 5302 5036 4939 4640 5161 4855 4767 5366 5131 5222 5416 4711 5303 
5329 5112 5210 4624 5046 5294 4757 5026 4840 4984 4963 5229 4814 5394 4885 4809 5129 4712 5446 4586 5013 4939 4731 5183 5249 4575 4813 4721 5287 4874 5219 5348 5019 5101 5115 5358 5181 5242 5190 4589 4778 5095 4905 5200 5031 4826 5325 5260 4895 5007 5301 4892 5092 4865 4623 5352 5188 5003 4967 5164 4508 5027 4663 5189 4817 4793 4861 4887 5539 5331 5201 5160 4837 5391 5081 5211 5000 5116 5024 5179 5040 5035 4827 5421 5298 5747 5181 5088 5314 4744 4886 5152 4836 5065 5273 5041 4756 5610 5331 4851 4906 5188 4738 5157 5650 4760 4873 5258 4896 5299 4955 4615 4979 4975 5099 5147 4952 4988 4784 5738 5317 4900 4885 4900 4963 5006 5256 4693 5082 4507 5264 5120 4767 4684 4875 5210 5008 5586 5188 5157 5334 5464 5165 5274 5240 4706 5252 5293 5314 4807 5178 4852 5389 5389 5188 4801 4703 4777 4976 4813 5107 5029 4785 5052 4894 4970 5100 5351 5096 5283 5138 5171 4928 5092 5007 5386 5287 4936 5158 5219 5178 4748 4737 5146 5575 5037 5056 4995 5206 5151 4782 5125 4786 4401 5078 4669 4857 4901 4822 5069 4722 4552 4936 5037 5169 4872 5290 5238 4839 4971 4746 5031 4734 4759 5089 5354 4971 4837 4840 5182 4878 4782 4881 4710 5046 5112 4644 4889 4854 5444 4928 4897 4887 5176 4980 5098 5241 5076 5233 4887 5509 5412 4905 5311 5276 5193 4876 5161 5086 4752 5303 5121 5318 4905 4538 4969 
5271 5175 5225 4619 5170 5352 4872 5256 4753 4766 5153 5230 4975 5291 5154 4697 5170 4734 5596 4856 5115 5080 4991 5131 5290 4905 4678 4862 5201 4793 5527 5562 4954 5295 5130 5156 5259 5656 5128 4494 4794 5267 5250 5167 5018 5234 5483 5684 4797 5045 5170 4971 5387 5324 4680 5271 5394 5018 4779 5078 4782 5133 4901 5224 5173 4526 5171 4926 5209 5319 4971 4979 4915 5400 5233 4929 5195 5083 5167 4835 5171 5472 4840 5400 5406 5493 4984 4768 5396 4966 5016 5180 5108 4928 5271 5177 4757 5747 5054 5403 4986 5246 5109 5089 5572 4727 5318 5150 4963 5557 4961 4731 4744 4987 5168 5236 5194 4902 4952 5361 5325 5154 4750 4798 4972 4961 5178 4750 5288 4823 5096 5063 4978 5054 5152 5545 4972 5433 5272 5113 5431 5308 5133 5078 5471 4896 5087 5423 5187 4933 5269 4971 5159 5359 5145 4920 4744 4776 5178 4809 5243 4993 5049 4971 5240 5096 5252 5254 5187 5259 5231 5083 5281 5514 5162 5154 5031 4868 5115 5318 4763 4801 4822 4899 5779 5229 5193 4804 5168 5156 4957 5038 4951 4688 5069 4619 4871 4754 5288 5212 4844 4585 5070 5127 5145 4992 4947 5366 5072 4809 5040 5131 5125 4895 5182 5339 4876 5172 4852 5235 4826 4976 4627 4908 5024 5182 4757 4978 5075 5422 4789 4845 5050 5377 4908 5352 5124 4901 5457 5012 5294 5251 5013 5279 5494 5009 4795 5333 5226 4836 5785 5062 5094 5071 4991 5055 
4935 5057 4541 4700 5109 5056 4600 5008 4749 4802 4775 4609 4757 5177 4642 4705 5044 4587 5001 4803 4816 4864 4676 4677 4934 4774 4579 4636 5201 4629 5251 5506 4755 4739 4682 4575 4627 5178 4767 4288 4607 5045 5045 5194 4929 4823 5087 5171 4908 4763 4776 4908 4898 4848 4641 5155 5045 4970 4607 4764 4806 4988 4543 4896 4656 4511 4544 4750 4920 5206 4853 5127 4387 5183 4916 4967 5050 4632 4773 4591 5235 5173 4483 5361 4875 5356 4884 4665 5153 4640 4673 4883 4859 4772 5092 4773 4618 5307 5212 4642 4975 4947 4625 4904 5434 4677 4987 4919 4749 5003 5186 4532 4849 5158 4890 4833 4956 4688 4686 5596 5234 4637 4628 4510 4709 5053 5156 4731 5070 4885 4742 4873 4644 4731 4657 5114 5036 5226 5089 4781 5231 5107 4610 4844 5145 4606 5018 5116 5085 4673 4948 4734 4983 5118 4954 4503 4565 4530 4895 5000 5009 4961 4612 4776 4750 5037 5058 5208 4815 5173 5313 4825 5020 4915 4974 4893 4977 4837 5041 4794 5008 4679 4539 5101 5449 4897 4706 4553 4795 4916 4769 5018 4453 4352 4995 4276 4897 5129 4683 5008 4770 4240 5111 4656 5004 4731 4619 5052 4546 4462 4795 4940 4962 4806 4794 5085 4905 4826 4557 4780 4766 5049 4354 4740 5019 5007 4870 4856 4773 5373 4631 4746 4891 4903 5057 5135 5280 4661 5395 4787 5162 4733 4628 5037 5066 5015 4862 5009 4889 4504 5022 4983 4940 4741 4557 4860 
4968 5044 5064 4474 5284 5254 4695 5127 5226 4411 5301 5156 4592 5313 4986 4775 5162 4492 5385 5020 5073 4839 4632 5071 5217 4606 4922 4861 5373 4878 5576 5275 4964 5294 4935 5139 5157 5496 5204 4270 5057 5087 5258 5070 5026 4958 5458 5428 4719 5018 5380 4868 5300 5110 4939 5196 5038 4884 4753 5166 4764 4786 4721 5024 5102 4868 4989 5024 5138 5188 5086 5097 5187 5341 5065 5000 5156 5150 4931 4702 5236 5402 4470 5399 4934 5246 5138 5269 5234 4665 5060 5084 5002 4902 5014 5400 4764 5376 5111 5052 5069 5062 4801 4939 5418 4627 5026 4920 4954 5499 5069 4759 5054 5076 5198 4957 5029 4817 4880 5328 5258 4811 4898 4852 5107 5114 5021 4766 5195 4659 5294 4819 4947 4884 5188 5018 5332 5199 5170 5265 5247 5238 4966 5304 5272 4879 5098 5097 4903 4835 5279 5066 5148 5269 5133 4610 4835 4865 5232 5058 5307 5058 5022 4809 5139 5087 5110 5429 5028 5375 5188 5123 5203 4900 5054 5097 5404 4883 4919 5354 5182 4916 4858 5121 5754 5036 4934 4830 4969 5353 5025 5082 5024 4305 4945 4370 4892 4867 5182 5025 4655 4699 5213 4925 5200 5052 5152 5126 5060 4710 5050 5123 5003 4899 5153 5357 4837 5174 4870 5220 5006 5113 4674 4659 4849 5098 4868 5101 4832 5375 4864 5080 4685 5371 5171 5240 4795 4920 5564 4984 5213 5315 5196 5112 5052 5036 4761 5254 5081 4924 5313 5080 5246 5342 4972 5279 
5411 5358 5171 4996 5519 5631 4973 5355 5251 4891 5333 5355 5163 5309 5391 5044 5329 4874 5628 5160 5438 5059 4850 5416 5352 5079 5118 4874 5343 4863 5611 5596 5245 5579 5107 5228 5414 5798 5511 4670 5030 5738 5232 5431 5357 5295 5455 5654 4900 5160 5632 5263 5537 5328 5014 5346 5563 5497 5007 5336 4921 5242 4718 5434 5190 4997 5216 5198 5554 5630 5356 5247 4975 5857 5034 5218 5389 5339 5328 5049 5622 5637 5080 5840 5545 5878 5154 5427 5457 4850 5386 5181 5291 5149 5526 5297 5166 5386 5601 5390 5556 5441 5236 5205 5937 4777 5392 5261 5205 5469 5364 4920 5390 5367 5186 5283 5080 4899 5274 5573 5701 5058 5116 4992 5051 5169 5472 5054 5426 4696 5472 5437 5320 5180 5206 5439 5307 5750 5766 5435 5589 5567 5131 5380 5779 4951 5611 5481 5263 5242 5531 5280 5353 5590 5398 5207 4765 4914 5457 5240 5476 5527 5041 5329 5464 5123 5393 5498 5260 5597 5422 5522 5247 5432 5198 5504 5450 5162 5289 5463 5435 5017 4801 5245 5908 5212 5184 5202 5166 5546 5246 5454 5459 4662 5287 4738 5213 5015 5700 5396 5061 4747 5571 5061 5401 5284 5468 5261 5393 5014 4991 5424 5275 5258 5612 5473 5234 5450 5016 5430 5184 5216 4791 4897 5405 5441 4982 5586 5213 5956 4920 5170 5097 5878 5368 5808 5201 5190 5902 5208 5576 5454 5380 5313 5661 5619 5049 5691 5205 5196 5507 5277 5336 5427 4850 5369 
5275 5271 4872 4797 5598 5554 4934 5258 4820 4690 5195 5131 4821 5101 5198 4784 5275 4763 5537 5067 5304 4926 4972 5207 5347 4967 4812 4871 5493 4938 5337 5480 4920 4978 4798 5100 5008 5552 5152 4467 4989 5469 4982 5117 5216 5084 5329 5233 4912 4891 5179 5124 5384 5015 4994 5516 4984 4978 4957 5015 4784 4982 4723 5312 5069 4804 4763 4829 5363 5206 5142 4980 4781 5553 5146 4995 5394 5156 5140 4800 5378 5384 5002 5346 5293 5349 4939 5182 5203 4818 4911 4828 5440 4961 5253 5144 4960 5432 5134 4903 5174 5178 4980 5152 5630 4812 5209 5002 4991 5453 5145 4654 5040 5002 5215 5041 5199 4894 4945 5465 5289 5122 4763 4790 5059 4868 5460 4831 5201 4832 5124 5179 4877 5179 5096 5263 4931 5321 5344 5287 5200 5167 4867 5225 5039 4793 5350 5562 5261 5310 5406 5093 4888 5173 5237 4917 4806 4883 5186 4902 5533 5142 4986 4876 5085 5152 5154 5453 4975 5550 5305 4922 5101 4958 5011 5203 5250 4939 5084 5252 5108 4745 5006 4852 5774 4765 5067 4806 4779 5210 5315 5148 4684 4476 5077 4732 5172 5086 5214 5249 4691 4770 5036 4962 4983 5054 4874 5158 5209 4673 4786 5030 4914 5032 5226 5399 4898 5043 4853 5128 4848 5397 4783 4756 5189 5220 4886 5485 5066 5469 4885 5174 4824 5359 5135 5256 5235 5134 5706 5108 5085 5368 5225 5225 5046 5012 4832 5361 5044 4800 5053 4941 5226 5210 4793 5182 
5143 4966 5361 4839 5438 5504 4805 5214 5066 4830 5201 5149 5015 5290 5185 4830 5287 4840 5392 5053 5119 5017 4890 5221 5533 4844 5006 5193 5399 4963 5688 5476 4863 5355 5555 5431 5323 5614 5469 4683 5199 5181 5220 5302 5292 5114 5248 5284 4734 5140 5336 5314 5372 5507 5037 5593 5412 5329 4989 5063 4769 5159 4872 5136 5120 4833 5112 4966 5394 5548 5080 5126 5270 5412 5115 5181 5315 5202 5303 4776 5417 5306 5003 5635 5352 5522 4960 5245 5486 5182 5126 5037 5154 5337 5357 5251 5035 5717 5353 5092 5219 5317 5002 5167 5797 4920 5141 5290 5245 5430 5055 4676 4932 5279 5312 5216 5374 5217 5169 5651 5349 5153 5041 4995 5049 5051 5647 5116 5499 4864 5392 5279 4763 5128 5513 5462 5276 5245 5617 5323 5498 5319 5089 5369 5521 4734 5244 5478 5147 4920 5393 5233 5274 5569 5167 4772 4734 4944 5290 5109 5383 5054 5209 4852 5183 5304 5270 5254 5210 5501 5484 5000 5202 5190 5204 5119 5045 4941 5233 5422 5459 4999 5149 5262 5633 5074 5131 5182 5286 5229 5091 5512 5051 4812 4859 4558 5026 5381 5073 5536 4705 4994 5226 5008 5184 5181 5056 5364 5125 4897 5112 5407 4940 5025 5030 5304 4989 5452 5117 5426 5074 5095 4961 4780 5017 5063 4906 4980 5076 5517 4982 4805 5155 5312 5128 5528 5209 5326 5618 5084 5296 5605 5097 5451 5080 5243 5106 5349 5205 4763 5202 5352 5372 5242 4991 5152 
5246 5342 4917 4828 5663 5488 5241 5313 4844 5036 5287 5200 4802 5509 5192 4786 5329 4737 5486 4757 5018 5227 4867 5343 5445 4875 4907 4520 5192 5146 5466 5552 5105 5304 5157 5029 5013 5724 5254 4652 4988 5127 5159 5096 4907 5194 5290 5257 5011 5433 5523 5014 5427 5120 5004 5292 5454 5314 5017 5266 4927 5182 4898 5267 5140 4873 4986 5212 5330 5306 4985 5508 4908 5406 5518 4956 5444 5220 5313 4737 5525 5513 5010 5351 5057 5568 5355 5133 5364 5010 4897 4972 5334 4966 5333 5413 5021 5608 5534 5220 5220 5434 4740 5066 5798 4989 5546 5066 5131 5416 5422 5110 5225 5326 4987 5072 5128 5177 5112 5630 5722 4962 4864 4995 5112 5163 5434 4849 5227 5105 5260 5251 5084 5240 5300 5358 5290 5706 5271 5501 5358 5127 4912 5453 5670 4752 5583 5678 5476 5293 5186 5318 5415 5502 5479 5137 4959 4988 5163 5144 5143 5174 5017 5139 5170 5157 5365 5283 4853 5196 5230 5108 5343 5147 5060 5262 5329 4929 5442 5502 5250 4924 4859 5087 5886 5226 5455 5027 5415 5211 5164 4881 5013 4417 5324 4506 5223 5293 5271 5508 4880 4708 5454 4984 5209 5118 5119 5425 5122 4747 5097 5190 4991 4845 5476 5499 5062 5166 4875 5322 5041 5122 5026 5118 5116 5348 4947 5110 5027 5864 4951 5347 4963 5479 5245 5459 5142 4946 5647 5176 5288 5161 5319 5298 5579 5298 4971 5465 5232 4949 5445 5162 5187 5385 4894 5228 
5197 5517 4886 4773 5488 5589 4915 5279 5270 5009 5260 5562 5167 5358 5250 4849 5056 4789 5542 5054 5151 5147 4934 5242 5345 4965 4869 4802 5385 4856 5642 5560 4975 5273 5339 5270 5197 5583 5231 4737 5014 5528 5159 5179 5314 5137 5232 5435 5064 4951 5287 4891 5189 5373 4998 5239 5513 5232 5141 5284 4710 4906 5077 5205 5270 5107 5005 4992 5683 5578 5254 5034 5032 5595 5370 4940 5443 5312 5326 4842 5312 5512 4697 5478 5505 5522 5208 5417 5405 5200 5183 5070 5473 5300 5257 5365 5120 5797 5308 5257 5086 5257 4915 5439 5731 4864 5469 5173 5232 5593 5147 5090 5116 5125 5195 5133 5131 5024 5143 5286 5463 5049 4878 4800 5468 5148 5492 4866 5193 4998 5496 5164 5062 5065 5283 5447 5258 5618 5449 5568 5739 5457 4983 5615 5668 5001 5416 5172 5423 5018 5396 5069 5205 5520 5135 4848 4674 4810 5378 4944 5508 5315 5344 5302 5296 5213 5152 5423 5046 5456 5338 5066 5374 5416 4993 5395 4997 4980 5293 5421 5093 4968 4970 5238 5874 5087 5186 4921 4929 5370 5154 5086 5050 4687 5303 4963 5195 4863 5247 5395 5033 4860 5338 4949 5173 5470 5124 5249 5167 4896 4961 5298 5197 5053 5520 5099 5255 5212 4991 5412 4897 5087 4883 4770 4950 5577 4948 5338 4945 5734 4951 4911 5126 5559 5234 5755 5221 5375 5514 5128 5144 5327 5102 5425 5451 5360 4901 5372 5262 5093 5425 5223 5377 5078 5205 5329 
5225 4970 4738 4942 5757 5293 4874 5370 4931 4897 5153 4846 5083 5083 5230 4886 4921 4883 5425 4992 5301 5025 4846 5007 5247 4811 4716 4623 5014 4751 5380 5409 4786 5117 4980 5091 4996 5319 4968 4617 5055 5262 5353 5229 4987 4812 5102 5067 4815 4861 5390 5012 5232 4997 4800 5599 5203 5136 4844 5111 4825 4830 4927 5045 4990 5102 4830 4880 5391 5455 5194 4956 4933 5075 5097 5044 5308 5033 5102 4511 5302 5223 4893 5309 5348 5563 4974 5126 5227 5014 4885 4934 5063 5174 5077 4993 5040 5434 5205 4861 5138 5147 5067 5210 5499 4668 5031 4844 4859 5406 5128 4910 4708 5232 5078 4969 4991 4718 5015 5558 5241 4836 5124 4777 5080 4938 5217 4878 5161 4657 5203 5032 4815 5325 4884 5170 5176 5266 5419 5103 5245 5270 4793 5086 5363 4655 5359 5173 5223 5007 5170 4830 5322 5398 5211 4798 4582 4694 5301 4695 5181 5295 4944 4841 5100 4973 4976 5225 5015 5331 5240 5145 5162 5059 4962 5235 4995 4769 5181 5354 4994 4817 4742 5058 5356 5103 5210 4865 5032 4946 5130 5280 5067 4318 4816 4618 5128 4878 5088 5286 4459 4715 5076 5088 5313 4881 5140 5332 5108 4784 4885 4962 5065 4997 5185 5116 4961 5007 4903 5292 4911 4998 4916 4917 5132 5180 5049 4984 4886 5498 4902 4817 4784 5175 5181 5171 5027 4984 5592 4813 5249 5094 5068 4915 5036 5127 4975 5012 5297 4893 5089 5058 5198 4833 4775 5005 
5795 5605 5103 5308 5800 5694 5214 5488 5507 5243 5553 5637 5505 5962 5316 5170 5798 5132 5876 5477 5539 5255 5146 5417 5588 5271 5236 5345 5650 5213 6104 5934 5357 5734 5486 5431 5315 5967 5367 4903 5343 5770 5760 5781 5469 5466 5883 5924 5285 5586 5892 5422 5452 5479 5038 5781 5560 5533 5144 5470 5037 5402 5140 5647 5253 5139 5482 5376 5533 5706 5175 5471 5445 5724 5515 5186 5493 5544 5495 5033 5631 5818 5134 5830 5523 6027 5480 5749 5753 5420 5249 5461 5519 5018 5745 5587 5331 5720 5791 5468 5689 5532 5287 5623 5943 5166 5505 5513 5579 5923 5610 5075 5576 5628 5437 5498 5784 5157 5393 6091 5795 5544 5336 5106 5223 5520 5923 5358 5513 5377 5520 5328 5511 5764 5489 5720 5564 6006 5861 5485 5576 5442 5080 5674 5724 5168 5886 5686 5799 5286 5851 5501 5525 5636 5789 5188 5239 5122 5623 5465 5859 5540 5293 5326 5298 5703 5432 5805 5270 5728 5871 5511 5674 5322 5526 5320 5453 5060 5673 5655 5416 5107 5372 5731 5943 5491 5480 5358 5592 5499 5484 5644 5295 4777 5313 5001 5809 5215 5409 5595 4840 5209 5505 5346 5631 5415 5378 5823 5468 5053 5326 5489 5388 5117 5645 5406 5161 5537 5229 5493 5498 5772 5126 5159 5444 5745 5058 5662 5505 5910 5343 5350 5495 5904 5327 5612 5605 5677 6054 5584 5720 5337 5411 5553 5698 5468 5303 5618 5567 5113 5629 5498 5595 5605 5291 5690 
5391 5237 5044 5097 5280 5756 5148 5133 5300 5044 5128 5156 5062 5574 5038 4684 5103 4918 5529 4997 5291 5077 4985 5387 5571 4920 5241 5109 5481 5065 5494 5351 4873 5266 5286 5327 5393 5530 5349 4576 5196 5385 5111 5123 5193 5009 5388 5542 4939 5051 5326 4909 5316 5317 5078 5087 5094 5311 5050 5111 4951 5146 4963 5231 4971 5073 4937 5139 5394 5399 4974 4944 4830 5144 5177 5288 5093 5084 4999 5063 5206 5347 5008 5438 5300 5770 5182 5404 5658 5022 4869 5159 5084 5214 5291 5275 5042 5561 5367 5114 5242 5359 4823 5143 5818 4650 5279 5091 5376 5125 5338 5183 5119 5174 5282 5035 5192 5154 4849 5369 5472 5016 4933 4865 5411 5198 5547 4921 5593 4892 5334 5304 4914 5229 5282 5652 5284 5363 5285 5199 5587 5160 4964 5316 5675 5004 5194 5412 5349 4846 5411 5110 5438 5719 5169 4740 4693 4866 5256 5130 5764 5314 5088 4909 5211 5265 5473 5512 4918 5258 5596 5208 5398 5220 5296 5192 5205 5175 5501 5331 5195 4988 5209 4953 5743 5319 5102 4860 5426 5358 5213 5277 5045 4454 4939 4792 4969 4973 5529 5420 4962 4980 5207 4870 5453 5080 5160 5451 5226 4987 5115 5329 5031 4855 5080 5351 5303 5465 5074 5384 5108 5109 4984 4749 5039 5275 4926 5234 5059 5598 5008 5344 4958 5158 5213 5568 5253 4736 5659 4974 5464 5434 5452 5546 5211 5344 5200 5447 5173 4831 5297 5234 5308 5257 4807 5394 
5356 5312 4992 4878 5404 5232 4882 5202 5016 4874 5352 5391 4893 5358 5149 5048 5183 4684 5458 5129 5448 5303 4855 4973 5493 5117 4843 4875 5332 4917 5605 5767 4906 5255 5106 5272 4937 5625 5479 4884 4948 5400 5326 5367 5025 5108 5513 5335 5002 4899 5425 5251 5518 5212 4854 5631 5379 5201 5171 5140 4914 5220 5027 5002 5086 4904 5030 5133 5531 5372 5139 5274 5101 5386 5190 5211 5503 5333 5334 4852 5362 5409 4968 5546 5168 5721 5320 5345 5396 5153 5263 5280 5354 5178 5280 5574 4969 5682 5576 5169 5223 5181 4929 5516 5657 4898 5184 5323 5218 5406 5124 4807 5280 5277 5318 5028 5304 5092 5191 5595 5255 5231 4975 4943 5254 5136 5515 4835 5247 4779 5267 5200 5281 5327 5368 5509 5289 5610 5653 5351 5470 5240 4947 5464 5169 4955 5578 5595 5444 5142 5351 5408 5383 5344 5319 4935 5040 5075 5394 5057 5322 5610 5138 5027 5219 5314 5281 5553 5120 5504 5342 5128 5289 5278 5368 5269 5346 4839 5250 5386 5130 4917 4938 5155 5895 5259 5210 5218 5285 5026 5492 5312 5074 4825 5092 4788 4927 5194 5272 5299 4829 5012 5350 5366 5297 5128 5093 5292 5171 4755 4987 5292 5053 5047 5451 5270 5258 5328 5136 5379 5095 5270 5015 4993 5206 5291 4852 5120 5180 5619 5026 5059 5054 5386 5431 5496 5207 5184 5740 5311 5540 5411 5292 5288 5276 5128 5163 5307 5089 4930 5463 5381 5457 5137 5225 5368 
5117 5108 4855 4742 5274 5170 4648 5052 4887 4764 5046 5032 4885 5267 5103 4841 4989 4680 5249 4741 5321 4951 4807 5103 5102 4908 4813 4819 5327 4774 5463 5514 4750 5157 4780 5069 4947 5299 5118 4325 4915 5109 4951 5223 5266 4733 5319 5391 4426 4820 5260 5012 5007 5260 4796 5415 5034 5189 4714 5083 4785 4914 4622 5265 4966 4597 4770 4937 5495 5086 5084 5003 5014 5218 5028 4863 5179 5436 5144 4596 5132 5246 4689 5353 5091 5576 4907 5054 5197 4723 4968 5145 5072 4810 5020 4843 4894 5211 5257 5071 5173 4989 4884 4968 5460 4830 5166 4935 4964 5213 5080 4737 4806 4979 4913 5229 5005 4612 4903 5521 5177 5038 4739 4832 5069 4807 5240 4726 5046 4600 5037 4983 5039 4969 4952 5290 5212 5220 5135 5070 5254 5195 4817 5295 5336 4788 5005 5197 5044 4877 5207 4948 5129 5191 4971 4621 4500 4421 5107 4897 5221 5208 4753 5001 4808 4906 5156 5396 5064 5250 5053 5040 4982 5110 4831 5059 4843 4828 5175 5381 5073 4889 4804 5163 5466 4739 5104 4934 5074 5124 5046 5114 4633 4220 4853 4385 4887 4901 5060 5058 4628 4603 5015 4900 5119 5113 4980 4979 5032 4482 5024 5194 4723 4930 5267 5167 4976 5070 4745 5015 4874 5259 4601 4719 4894 5159 4743 5020 4939 5469 4644 4824 4851 5143 5201 5241 5139 4929 5484 4797 5181 4897 4867 5206 4945 4980 4745 5378 4973 4900 5360 4954 4901 5105 4819 5137 
5196 5185 4999 4810 5369 5247 5011 5325 5122 4830 5363 5111 4888 5225 5072 5073 4828 4600 5462 4737 5087 5105 5007 5021 5117 4759 4772 4881 5369 4739 5486 5589 4834 5123 5117 5270 4785 5624 5116 4622 4823 5509 4745 5002 5084 4776 5534 5415 4650 4918 5309 5250 5178 4880 4842 5343 4974 5180 4668 5488 5186 5158 4741 5033 4946 4877 4699 4865 5509 5005 5032 5081 5126 5344 4910 5187 5382 5200 4822 4755 5240 5217 4750 5307 5413 5666 5394 5039 5237 5157 4994 5258 5025 5063 4867 5354 4711 5501 5245 5069 5180 5191 4915 5109 5577 4683 4921 5231 5069 5426 5181 5140 5064 5016 5072 4918 5116 4997 4936 5396 5259 5201 5018 4825 5284 5310 5321 4692 5188 4785 5143 5041 4793 5045 5330 5330 5327 5574 5189 5178 5151 5137 4816 5297 5377 4578 5050 5262 5066 4857 5395 5035 5289 5236 4958 4708 4721 4838 5254 5137 5133 5231 5153 4875 5140 4950 5062 5468 5172 5145 5380 5020 5201 5259 5001 5116 5121 5075 5061 4904 4996 4781 5018 5187 5509 4906 5078 4843 5133 5118 5173 5112 4576 4658 5190 4700 4967 4926 5137 5243 4839 4675 5184 5130 5305 5203 5118 5149 5150 4786 4910 5048 4997 4894 5014 5287 5083 5336 4974 5323 4960 4979 4871 4916 4918 5375 5011 5026 4941 5378 5052 5042 4783 5263 5354 5445 5384 5007 5612 4927 5274 5344 5076 5381 5114 5054 4829 5097 4947 4654 5293 4845 5235 5039 4677 5245 
5124 5137 4406 4825 5246 5172 4657 5116 4790 4679 5082 5200 4808 5196 4918 4690 4853 4368 5455 4748 4791 4616 4604 4994 5101 4606 4490 4771 5085 4747 5449 5404 4654 5023 4878 5018 5232 5309 5135 4224 4793 5280 4877 5290 5030 4864 5206 5206 4845 4985 5249 4743 5015 4847 4587 5144 4937 5030 4616 4975 4753 4931 4824 5171 4866 4534 4872 4601 5281 5190 4943 4942 4887 5023 5048 4762 4887 5025 4867 5017 5196 5151 4699 5179 5321 5288 4724 5037 5289 4820 4653 5065 4957 4900 5302 5368 4661 5441 5048 5031 5119 5016 4801 5117 5631 4508 4990 4744 4609 5272 5098 4734 4904 4800 4971 4932 4788 4951 4659 5241 5128 4733 4710 4716 4984 5056 5144 4666 4848 4760 5237 4734 4842 5176 5033 5042 4875 5291 5134 5122 5275 5070 4548 4991 5287 4716 4956 5263 5298 4751 5126 4951 4881 5208 4973 4674 4597 4507 5002 4700 5497 5249 4811 4979 4925 4772 5010 5126 4973 5530 5291 4914 5050 4931 4978 5145 5236 4880 5180 5188 5057 4911 4615 4933 5555 4772 4678 4663 4941 5124 5065 5015 4629 4448 4780 4556 4897 4528 5171 4915 4769 4517 5318 4793 4872 4850 4857 5029 4774 4613 4614 4852 4816 4799 4965 4898 5062 4976 4975 5036 4566 4830 4436 4517 4962 5074 4914 4900 4908 5302 4649 4771 4844 5038 4912 5204 4928 5011 5427 5009 4938 4982 5024 5138 5087 4933 4992 5136 4849 4783 4933 4993 5086 4789 4730 5094 
5409 5589 5111 4959 5647 5654 5182 5564 5120 5076 5316 5161 5236 5559 5389 4971 5495 4892 5479 5167 5381 5241 4939 5369 5516 4888 5108 5016 5613 4947 5846 5347 4993 5393 5250 5066 5222 5794 5439 4980 5402 5500 5459 5361 5251 5127 5372 5705 5132 4962 5694 5290 5583 5262 4941 5456 5565 5435 5042 5398 5114 5441 4828 5429 5464 5064 4947 5150 5481 5743 5422 5290 5046 5509 5340 5443 5470 5208 5301 5037 5691 5455 4790 5816 5510 5841 5317 5335 5688 5089 4979 5480 5285 5390 5432 5436 5299 5627 5548 5099 5245 5458 5126 5104 5711 5113 5726 5201 5048 5486 5266 5182 5154 5371 5263 5257 5116 5011 5310 5553 5607 5043 5307 4905 5358 5486 5540 4986 5349 5012 5589 5266 4994 5389 5220 5685 5648 5647 5457 5605 5610 5568 5505 5325 5584 4942 5343 5549 5628 5374 5399 5456 5561 5855 5395 4998 4868 5337 5250 5246 5403 5133 5298 5200 4999 5369 5236 5647 5217 5365 5708 5405 5431 5655 5438 5411 5527 5301 5467 5351 5259 5098 5053 5377 5896 5165 5550 5070 5230 5315 5055 5319 5177 4565 5509 4871 5479 5402 5462 5333 4903 4805 5445 5337 5584 5298 5418 5583 5181 5259 5375 5444 5127 5085 5581 5354 5331 5247 5243 5579 5384 5140 4829 5216 5287 5383 5128 5262 5151 5921 4911 5149 5363 5735 5620 5597 5464 5137 5690 5294 5531 5534 5290 5560 5694 5351 5176 5497 5010 5193 5528 5240 5562 5195 5147 5335 
5346 5357 5123 4716 5353 5296 5144 5508 5079 4817 5242 5199 5190 5512 5098 4888 5310 4508 5529 4954 5370 5171 4949 5289 5237 4864 4834 5092 5659 5002 5659 5666 5201 5287 5310 5362 5327 5559 5322 4570 5124 5220 5212 5136 5126 5214 5576 5319 5001 5261 5388 5045 5310 5329 4898 5457 5564 5351 4859 5278 5085 5500 5051 5503 5011 4943 5023 4974 5711 5535 5408 5358 5157 5386 5349 5198 5422 5434 5295 5320 5372 5302 4934 5572 5301 6121 5107 5294 5652 5181 5005 5082 5359 5194 5352 5524 4972 5629 5436 4944 5169 5321 5001 5331 5637 4755 5407 5572 5232 5562 5164 4879 5283 5265 5037 5232 5091 5003 5221 5516 5624 5195 4928 4944 5064 5242 5494 5011 5275 4973 5206 5475 5192 5279 5323 5438 5585 5515 5579 5388 5416 5410 5026 5563 5690 4845 5151 5292 5449 5134 5469 5113 5539 5525 5193 5014 4817 4905 4901 5064 5431 5415 5192 5188 5122 5054 5356 5265 5123 5547 5600 5253 5308 5361 5167 5540 5556 5150 5356 5670 5297 5040 5032 5040 5655 5099 4999 5192 5212 5258 5040 5343 5128 4610 5286 4801 5100 5073 5106 5248 5045 4838 5548 4745 5195 5224 5288 5447 5090 5129 4773 5063 4955 5035 5185 5430 5302 5365 5149 5315 5079 4900 4885 5005 4946 5318 5060 5027 4976 5577 5157 5168 5103 5484 5388 5560 5436 5080 5836 5398 5298 5561 5193 5405 5326 5390 5080 5530 5222 5151 5421 5220 5369 5364 4698 5512 
5657 5657 5342 4922 6021 5911 5336 5570 5599 5057 5763 5476 5308 5733 5549 5409 5849 5124 5873 5448 5597 5315 5144 5525 5654 5095 5061 5688 5600 5363 6035 5743 5240 5544 5499 5257 5564 5770 5744 4816 5358 5712 5406 5775 5420 5669 5722 5916 5028 5432 5656 5253 5677 5812 5288 5669 5497 5538 5244 5760 5186 5566 5314 5580 5631 5102 5300 5515 5878 5752 5421 5659 5533 5778 5661 5584 5805 5412 5567 5276 5743 5723 5323 5695 5494 6179 5508 5747 5782 5271 5493 5537 5545 5588 5503 5624 5370 6083 5779 5733 5543 5608 5296 5655 6202 5142 5748 5687 5405 5853 5561 5330 5264 5530 5592 5330 5653 5330 5451 5757 5883 5503 5313 5377 5202 5652 5741 5317 5524 5252 5773 5579 5203 5584 5837 5608 5720 5702 5846 5807 5839 5489 5406 5750 5777 5121 5698 5871 5675 5349 5629 5601 5485 5856 5583 5335 5123 5226 5458 5511 5890 5667 5386 5293 5611 5428 5607 5704 5365 5828 5968 5508 5908 5834 5585 5815 5655 5310 5629 5644 5359 5316 5519 5435 6260 5338 5365 5467 5640 5652 5506 5582 5451 4990 5393 5100 5396 5378 5600 5849 5367 4994 5644 5170 5655 5373 5612 5847 5581 5273 5395 5540 5499 5284 5744 5375 5321 5566 5419 5490 5332 5516 5245 5362 5547 5698 5324 5397 5552 6037 5287 5455 5249 5744 5756 5822 5526 5369 5831 5462 5522 5583 5553 5657 5539 5456 5159 5739 5406 5419 5745 5616 5572 5396 5370 5666 
5463 5528 5246 4897 5797 5406 5098 5297 5606 5206 5395 5404 5255 5541 5265 5054 5565 4838 5667 5109 5425 5269 5199 5378 5519 5069 5045 5089 5360 5258 5650 5817 5056 5348 5413 5588 5259 5819 5374 4842 5148 5455 5216 5496 5426 5259 5498 5630 5127 5164 5347 5309 5408 5431 5395 5623 5408 5499 5277 5260 5053 5403 5199 5584 5166 4852 5104 5008 5507 5603 5327 5287 5290 5533 5272 5256 5304 5418 5440 4924 5535 5505 4918 5670 5668 6147 5083 5383 5479 5224 5172 5302 5273 5333 5620 5245 5039 5963 5332 5522 5386 5227 5251 5274 5932 5108 5487 5391 5479 5791 5334 4951 5257 5250 5395 5352 5288 5112 5164 5721 5821 5224 5153 5027 5165 5048 5783 5258 5332 5116 5315 5380 5016 5303 5304 5336 5340 5777 5609 5546 5666 5634 5332 5488 5607 4927 5327 5682 5706 5212 5540 5245 5334 5652 5232 4824 4886 5126 5485 5081 5624 5065 4971 5136 5189 5365 5303 5378 5142 5479 5220 5080 5282 5557 5481 5286 5387 5087 5447 5451 5233 4913 5358 5279 5807 5336 5436 5307 5304 5365 5213 5528 5069 4560 5281 4783 5387 5037 5135 5396 4934 4921 5380 5188 5462 5398 5053 5625 5329 5114 5200 5269 5416 4869 5460 5519 4993 5359 5212 5252 5015 5377 4969 4986 5306 5625 4984 5393 5238 5709 4964 5135 5156 5698 5419 5599 5525 5633 5774 5241 5634 5420 5241 5621 5361 5524 5104 5532 5247 4966 5357 5220 5499 5508 5051 5310 
5462 5172 4903 4794 5375 5286 4955 5286 4942 4747 5336 5196 4913 5453 5128 5017 5142 4904 5597 5241 5138 4977 5065 5204 5267 4897 4926 4851 5306 4977 5602 5373 5155 5202 5103 5183 5271 5676 5256 4779 4996 5379 5026 5209 5136 5279 5201 5439 5058 5209 5561 5113 5290 4992 4932 5542 5361 5262 4917 5328 4845 5079 5053 5230 5236 5211 4950 5052 5439 5694 5271 4943 5005 5289 5289 5246 5170 5294 5198 4850 5091 5214 4866 5423 5318 5709 5074 5322 5547 4948 5181 5265 5097 5138 5066 5370 4954 5538 5204 5293 5243 5266 4718 5256 5491 4917 5116 5312 5127 5324 5089 4943 5255 5016 5293 5121 5173 4786 5022 5671 5312 5233 5144 5108 4780 5354 5466 4849 5199 4908 5391 5158 4925 4996 5146 5564 5120 5520 5366 5187 5588 5168 5141 5453 5356 4912 5375 5329 5236 5310 5249 5089 5304 5312 5164 4748 4598 4553 5232 5197 5275 5325 4932 4951 5138 5172 5060 5504 5028 5343 5362 5091 5392 5503 5208 5114 5131 5037 5501 5315 5244 5060 4993 4974 5533 4988 5138 4934 4997 5145 5300 5242 5065 4676 5242 4639 5144 4970 5235 5326 5153 4794 5178 5102 5492 5053 5131 5366 5392 4974 4963 5186 5110 5115 5364 5002 5160 5364 4970 5537 4834 5307 4787 4926 5095 5177 4955 5224 5154 5586 4895 4894 5134 5372 5161 5393 5003 5220 5555 4893 5100 5363 5006 5277 5094 5116 4922 5357 5050 5076 5160 5515 5265 5132 4810 5199 
5341 5593 5249 4787 5612 5621 4961 5211 4898 4922 5331 5317 5212 5542 5139 4993 5490 4792 5705 5065 5392 5035 4937 5256 5651 4625 5097 5181 5401 4974 5636 5551 5055 5192 5105 5375 5117 5739 5203 4680 5012 5539 5311 5106 5288 4858 5436 5609 5129 4934 5313 5134 5334 5329 4925 5385 5341 5217 5162 5271 4985 5277 4868 5341 5319 5103 5013 5139 5637 5267 5199 5182 4863 5545 5410 5118 5310 5563 5294 5108 5248 5376 4916 5612 5436 5822 5020 5193 5749 5257 4849 5399 5305 4822 5589 5328 4952 5735 5481 5274 5345 5302 5042 5297 5506 4919 5628 5359 5365 5391 5447 5001 5179 5182 5360 5175 5417 5045 5241 5699 5506 5184 4962 5023 5076 5307 5500 5195 5139 4777 5168 5363 4939 5428 5085 5343 5392 5681 5484 5477 5682 5377 5210 5172 5641 4881 5035 5524 5391 5012 5482 5198 5305 5610 5462 4817 5014 5003 5352 5078 5403 5352 5483 5175 5101 5053 5447 5399 5099 5431 5362 5161 5422 5425 5340 5551 5292 5149 5438 5558 5350 5065 5023 5275 5850 5109 5056 5078 5200 5508 5204 5327 4751 4535 5090 4809 5234 4928 5147 5328 5068 4690 5484 5006 5288 5238 5230 5347 5408 4949 4945 5149 5461 5137 5284 5530 5089 5340 5182 5318 5066 5096 4636 5066 5357 5426 4822 5328 4971 5734 5050 5041 4753 5344 5303 5600 5365 5285 5687 5349 5538 5310 5393 5418 5478 5347 5037 5436 5332 4819 5322 5271 5128 5212 4953 5469 
5250 5480 5123 5075 5607 5826 5256 5565 5520 5110 5620 5452 5187 5758 5320 4934 5606 4923 5652 5230 5402 5012 5081 5547 5766 4964 5087 5154 5775 5042 5532 5819 5112 5628 5269 5511 5266 5829 5621 4668 5181 5612 5290 5348 5529 5574 5673 5493 5035 5157 5712 5395 5484 5463 5012 5526 5519 5437 5184 5559 5059 5326 4979 5545 5446 5152 5368 5360 5698 5871 5382 5397 5112 5549 5287 5306 5371 5624 5578 5055 5549 5545 5119 5692 5627 5764 5626 5550 5587 5427 5289 5262 5498 5237 5697 5676 5268 5982 5642 5392 5272 5525 5306 5485 5837 5169 5548 5361 5393 5655 5437 5174 5447 5313 5542 5469 5260 5220 5270 5844 5720 5325 5047 5104 5393 5448 5715 5177 5540 4972 5670 5270 5149 5561 5365 5785 5544 5650 5469 5636 5572 5781 5097 5486 5940 5129 5349 5743 5674 5254 5700 5527 5379 5523 5506 5013 4721 4948 5385 5153 5809 5407 5341 5447 5632 5461 5565 5439 5336 5881 5697 5285 5660 5454 5498 5428 5552 5312 5344 5625 5375 5397 4998 5445 5867 5296 5611 5221 5353 5384 5270 5253 5142 4739 5409 4635 5376 5463 5481 5508 4812 4795 5537 5131 5407 5316 5366 5414 5532 4992 5259 5514 5570 5194 5648 5777 5209 5328 5247 5533 5150 5405 5215 5001 5207 5665 5047 5347 5505 6001 4941 5298 5385 5637 5598 5591 5794 5427 5893 5517 5495 5334 5386 5645 5729 5620 5106 5820 5436 5245 5824 5160 5466 5442 4931 5661 
5184 4817 4758 4830 4886 5162 4574 5013 4571 4593 4767 4976 4778 5081 5016 4386 4950 4340 5263 4494 4977 4885 4823 5124 5341 4841 4807 4724 5357 4677 5476 5184 4672 5030 5073 4861 4988 5256 5086 4443 4896 5231 4921 4936 5032 4989 5076 5115 4754 4831 5072 4897 5041 5148 4620 5235 4955 5147 4488 5353 4596 4939 4730 5280 4632 4839 4572 5079 5295 5321 5001 4878 4862 5340 5037 4821 5125 5114 4871 4714 5253 5090 4874 5329 5323 5381 5079 4979 5176 4771 4728 4889 4848 4999 5225 4961 4969 4944 5359 4703 4945 5225 4904 5111 5285 4564 4998 5048 4935 5224 4927 4569 4836 5075 5126 4825 5100 4681 4973 5324 5264 4771 4712 4563 4846 5241 5250 4662 4920 4757 5002 4918 4782 4788 4924 5301 5147 5071 5237 5156 5131 5200 5102 4912 5292 4710 4974 5124 5044 4700 5079 4722 5127 5280 5239 4535 4673 4488 5106 4746 5142 4862 4777 4848 4891 4987 4965 5308 4810 5186 5360 4903 5028 5170 4896 5132 5123 4965 5107 5031 4895 4522 4859 5118 5492 4851 4764 4779 4963 4770 4963 5169 4550 4237 4737 4512 4885 4707 4764 5089 4442 4442 5127 4686 5093 4709 4882 4934 5065 4692 4571 5037 4970 4663 4958 5141 4931 5111 4846 5021 4869 4869 4672 4503 4808 5318 4958 5297 4892 5265 4827 4697 4561 5159 4948 4988 4879 5114 5206 4895 5025 5193 4893 5153 5058 5068 4912 5196 5022 4556 5107 4948 5192 4872 4635 5015 
5010 5012 4789 4648 4961 5100 4670 4995 4880 4702 5037 5057 4934 5005 4933 4761 5080 4416 5167 4595 4766 4793 4816 4755 5047 4737 4753 4780 4909 4535 5168 5319 4523 4991 4877 5181 4853 5280 4948 4451 4470 5138 4728 5081 4653 4841 5140 5037 4685 4833 4980 4650 4952 4989 4500 5270 5155 5005 4684 4957 4717 5106 4597 5015 4852 4734 4636 4945 5151 5211 5019 5027 4684 5108 5045 4995 5170 4966 4910 4878 5195 5178 4967 5225 5141 5305 4949 5015 5278 4688 4637 5005 4809 4857 5234 5243 4603 5446 5051 5107 4810 4846 4870 4998 5466 4578 5116 4991 4932 5134 4833 4978 5102 5054 4983 5044 4757 4783 5104 5106 5139 4838 4784 4632 4893 4831 5218 4489 4855 4495 4798 4962 4812 4985 4761 5126 4855 5524 5132 4989 5420 5023 4747 5142 5253 4630 4938 4927 5065 4872 5133 5026 5000 5168 4984 4689 4552 4568 4990 4874 5201 5204 4905 4727 4960 5126 5106 5165 4903 5414 4941 4905 5065 4807 4732 5014 5077 5028 5054 5192 4789 4787 4405 4817 5263 4682 4899 4574 4900 4717 4971 5078 4631 4358 4984 4502 4787 4897 5080 4967 4611 4328 5119 4949 5259 4675 4740 5053 4833 4606 4636 4768 4845 4724 4885 5095 4926 4770 4801 5046 4764 4954 4806 4553 4947 4994 4521 4977 5002 5194 4729 4978 4724 4945 4983 5293 4928 4799 5402 4870 5042 5022 4738 4964 5297 5007 4920 5135 5185 4757 5143 4891 5023 4850 4407 4829 
5232 5007 4903 4541 5112 5221 4949 4940 4852 4819 4914 4982 4896 5235 4970 4663 4760 4634 5435 4968 4997 4975 4798 4962 5208 4701 4616 4939 5235 4733 5447 5457 4815 5136 4873 4667 4973 5244 4964 4238 4942 5226 4983 5084 5106 4799 5466 5481 4540 4763 5424 5052 5049 5057 4671 5126 5054 4835 4732 5019 4891 4912 4868 5128 5045 4789 4879 4664 5144 4942 5035 4836 4938 5136 4932 4907 5089 5272 5054 4837 5028 5206 4850 4904 4904 5624 4942 4852 5411 4923 4789 5160 5002 4768 4960 4841 4886 5272 5194 4837 4901 5015 4931 5124 5586 4856 4946 4833 4763 5292 4895 4618 4570 4845 5027 4964 5032 4904 5066 5280 5154 4887 4580 4296 4963 5273 5170 4786 5035 4811 4963 4661 4987 4955 5273 5317 5184 5221 5087 4968 5009 5073 4898 5090 5184 4550 5117 5234 5056 4738 5195 4936 5126 5216 5022 4860 4823 4387 5083 4573 5204 4919 4942 4965 4950 5024 5120 5179 4758 4949 5279 4851 5201 5033 4983 5426 5044 4875 5257 5156 4834 4804 4661 4941 5840 4880 5084 4880 5013 5044 4903 5064 4845 4514 4891 4380 5253 4810 5056 5019 4684 4750 4971 4875 4960 4831 4879 5121 5164 4580 4707 4715 4889 4762 5320 4850 4922 4884 4811 5288 4534 5125 4620 4820 4952 5063 4896 5018 5036 5515 4885 4877 5063 5546 4960 5300 5229 4970 5291 5036 5487 4896 4843 5052 5090 4782 4720 5217 5068 4483 5226 4903 4859 5048 4835 5098 
5412 5450 4915 4964 5257 5300 5050 5296 5129 4890 5308 5142 4908 5405 5340 4829 5299 4987 5393 5063 5246 5080 4878 5293 5471 4970 4959 4920 5493 5049 5791 5577 5249 5053 5301 5351 5290 5568 5237 4873 5170 5233 5323 5201 5416 5074 5594 5667 5033 5146 5612 5125 5402 5259 4794 5376 5310 5349 4809 5527 4865 5450 4724 5488 5120 4915 5018 5335 5319 5449 5159 5339 4986 5294 5146 5112 5425 5427 5306 4916 5293 5252 5016 5825 5251 5554 5250 5079 5475 5078 5157 5471 5300 5212 5319 5441 5101 5695 5346 5369 5290 5225 4797 5260 5727 5127 5143 5158 5263 5278 5343 5029 5369 5385 5160 5252 5297 4853 5109 5825 5529 5314 4992 4801 5216 5357 5444 5076 5378 4953 5242 5265 5104 5140 5232 5586 5217 5555 5517 5364 5573 5356 5283 5019 5708 4807 5283 5576 5412 5176 5221 5355 5492 5418 5274 4877 4617 4996 5201 5183 5427 5229 5215 5214 5174 5078 5458 5396 4971 5354 5486 5271 5270 5259 5482 5227 5196 5004 5533 5488 5197 4914 4980 5025 5667 5163 5054 5004 5350 5085 5170 5362 4887 4576 5045 4615 5448 5256 5116 5539 4949 4642 5355 5050 5380 5208 5023 5423 5398 4937 5089 5154 5048 4941 5486 5280 5089 5368 5125 5640 5471 5235 4907 4988 5186 5049 4733 5117 5304 5588 4919 4825 4926 5225 5161 5527 5166 5138 5642 4908 5269 5039 4837 5277 5384 5197 5081 5331 5340 4874 5427 5021 5401 5161 4869 5505 
4823 5041 4575 4495 5150 5273 4522 5072 4844 4408 4771 5091 4635 5011 4858 4775 4673 4373 5258 4414 5182 4611 4566 4893 5136 4658 4395 4671 4930 4228 5251 5075 4566 4780 4801 4707 4994 5257 4649 4294 4653 5239 4762 4978 4754 4750 5002 5265 4717 4629 5074 4822 5142 4728 4577 4865 4580 4807 4571 4912 4585 4756 4470 4886 4773 4698 4710 4396 5041 4796 4644 4637 4685 5059 4708 4755 5136 5105 4702 4483 5087 5066 4441 5044 5010 5194 4813 4749 5131 4704 4496 4988 4919 4707 4977 4827 4535 5223 4862 4817 4910 4764 4722 4865 5237 4591 4942 4881 4716 5022 4976 4505 4698 4729 4707 4893 4844 4671 4748 5269 5042 4974 4461 4686 4781 4952 5076 4427 4764 4467 4958 4677 4489 4732 4944 5028 4732 4999 5042 4854 5000 4951 4753 4630 4944 4420 4723 5099 4889 4635 5012 4836 5037 5175 4672 4692 4462 4594 4816 4585 5013 4614 4671 4643 4898 4675 5013 4788 4743 4829 5061 4488 4840 4922 4806 5103 4643 4616 4707 4835 4946 4572 4881 4874 5400 4478 4781 4520 4994 4901 4759 4823 4518 4428 4616 4456 4899 4728 4955 4863 4555 4398 4934 4816 4635 4874 4789 4994 4863 4487 4555 4561 4579 4571 5122 4769 4296 4750 4659 4975 4614 4946 4442 4357 4660 5017 4816 4968 4749 5115 4661 4690 4724 4931 4800 4892 5296 4849 5053 4673 5097 4986 4871 4761 4894 4801 4553 5043 4898 4585 4706 4617 4827 4732 4561 4806 
5282 5580 5120 4725 5608 5658 5142 5326 5118 5142 5539 5406 4997 5426 5531 5079 5421 5098 5758 5214 5731 5308 5203 5326 5810 5177 5288 5097 5484 4917 5673 5688 5091 5334 5304 5408 5017 5664 5422 4860 5252 5586 5250 5375 5187 5379 5475 5579 5016 5128 5671 5367 5530 5568 5011 5339 5647 5251 5367 5425 5120 5036 4974 5220 5496 5030 5114 5234 5563 5453 5216 5249 5289 5760 5569 5286 5457 5278 5389 4842 5386 5458 4949 5780 5655 5865 5307 5326 5709 5297 5172 5256 5418 5252 5259 5478 5174 5661 5468 5396 5304 5539 4931 5502 5676 4887 5587 5413 5347 5554 5188 5056 5166 5423 5394 5231 5317 5188 5225 5689 5689 5154 4940 5149 5144 5535 5668 5200 5335 5038 5297 5440 5143 5348 5291 5703 5523 5701 5591 5376 5926 5613 5222 5595 5839 5089 5511 5590 5466 5094 5403 5412 5376 5965 5256 4976 5089 4905 5404 5447 5514 5463 5228 5164 5459 5501 5522 5382 5145 5401 5663 5170 5616 5648 5343 5201 5388 5056 5382 5390 5633 5181 5140 5419 5809 5193 5163 5098 5317 5504 5385 5384 5065 4617 5405 4585 5217 5152 5460 5539 5038 4895 5396 5130 5606 5545 5471 5516 5439 4827 5271 5367 5592 5119 5270 5059 5057 5508 5220 5334 5195 5365 5043 5058 5427 5583 4976 5496 5135 5898 5166 5261 5219 5498 5304 5698 5405 5222 5844 5128 5406 5312 5234 5489 5865 5417 5135 5663 5507 5091 5498 5670 5296 5410 4934 5846 
5396 5280 5137 4932 5409 5946 5072 5379 4861 4952 5503 5175 4960 5656 5181 5171 5368 5021 5629 5112 5287 5066 5002 5108 5626 4825 4908 5210 5579 4954 5885 5662 5002 5301 5182 5284 5452 5779 5548 4663 5228 5535 5288 5429 5265 5091 5570 5482 4924 5145 5748 5165 5660 5195 4852 5582 5250 5135 5076 5650 4851 5217 5049 5427 5307 5065 4994 5070 5780 5387 5202 5101 5119 5507 5318 5291 5519 5431 5084 5039 5438 5527 5021 5940 5516 5737 5389 5057 5526 5118 5039 5156 5714 5251 5334 5438 5014 5792 5608 5254 5402 5430 5069 5560 5639 4995 5620 5312 5297 5624 5479 5240 5340 5094 5536 5334 5404 5207 5188 5655 5585 5244 4757 5070 5141 5406 5450 4990 5385 4953 5440 5262 5253 5207 5325 5496 5291 5619 5614 5318 5451 5484 5152 5421 5831 4947 5464 5276 5368 4950 5473 5339 5326 5641 5324 4839 4958 5110 5306 5032 5570 5508 5238 5299 5313 5419 5541 5469 5042 5543 5618 5314 5562 5335 5319 5502 5108 5101 5361 5538 5268 4822 5056 5653 6072 5309 5041 5335 5290 5228 5205 5456 4966 4693 5175 4884 5397 5132 5284 5536 5208 4884 5520 5120 5273 5259 4998 5440 5381 4782 5130 5148 5263 4886 5155 5590 5393 5397 5255 5570 5037 5216 4892 4998 5366 5417 4807 5019 5240 5824 4971 5192 5238 5326 5451 5755 5434 5159 5672 5185 5509 5196 5237 5532 5483 5195 5220 5385 5241 5030 5399 5470 5300 5408 5107 5564 
4973 5065 4736 4490 5142 5020 4341 5074 4477 4524 4863 5044 4912 5013 4802 4503 4985 4511 5218 4711 4654 4894 4672 4892 4982 4665 4536 4440 4998 4467 5414 5103 4815 4750 4725 4548 4713 5206 4908 4382 4719 5159 4901 4954 4796 4737 5231 5018 4559 4808 4900 4739 5016 4958 4370 4953 4974 4706 4664 4837 4800 4980 4380 5091 4949 4498 4499 4550 5050 5035 4812 4609 4675 5143 4808 4676 4795 4729 4769 4734 4703 5005 4638 5086 5080 5498 4653 4725 5202 4560 4586 4989 4987 4958 4886 5118 4860 5303 4916 4791 4991 4985 4372 4991 5230 4531 4955 4763 4930 5177 5088 4766 4722 4902 5065 4659 4905 4579 4597 5210 5354 4966 4405 4691 4644 5074 5186 4310 4782 4821 4932 4841 4645 4780 4808 5097 4665 5204 5031 4920 5198 4899 4720 5054 5332 4377 4959 4990 4877 4602 5005 4794 4804 5166 5006 4487 4559 4587 4764 4622 5343 4797 4870 4812 4833 4945 4886 5101 4810 5087 5148 4849 5000 5034 4960 4852 4876 4725 5029 5033 4735 4526 4621 4826 5414 4646 4725 4687 4741 4937 4651 4803 4569 4248 4986 4314 4838 4711 4740 4975 4573 4287 5020 4722 4784 4742 4598 5143 4980 4448 4421 4924 4576 4628 4826 4775 4721 4731 4644 4899 4485 4866 4745 4581 4639 5096 4682 4859 4722 5288 4610 4483 4382 5051 4820 4853 5056 4774 5324 4732 4914 5042 4600 5233 5071 4970 4687 5093 4982 4732 5029 4809 5009 5092 4491 5228 
4680 4642 4418 4258 4736 4851 4561 4834 4441 4512 4868 4899 4583 4807 4767 4558 4907 4053 5130 4535 4563 4768 4661 4421 4923 4561 4304 4400 4736 4360 4995 5007 4600 4892 4374 4817 4553 4984 4757 4332 4560 5000 4831 4813 4824 4666 4974 5131 4553 4609 5103 4399 4878 4724 4469 4756 4832 4877 4474 4672 4285 4474 4576 4968 4651 4659 4348 4590 5059 4945 4573 4576 4587 4877 4589 4659 4899 4789 4791 4589 4958 4942 4522 4873 4822 5200 4646 4641 5100 4448 4433 4538 4616 4543 5011 4922 4584 4908 5063 4848 4873 4936 4500 4703 4942 4328 4870 4794 4817 4922 4678 4528 4681 4555 4709 4889 4671 4577 4661 5003 5003 4725 4486 4624 4597 4809 4974 4473 4950 4281 4895 4702 4771 4671 4710 5100 4760 5155 4679 4842 4928 4868 4350 4926 4840 4492 4826 4831 4903 4686 4748 4684 4937 4856 4799 4302 4492 4380 4696 4691 4953 4708 4613 4557 4864 4438 4673 5027 4587 5051 5149 4490 4698 4874 4748 4740 4844 4599 4696 5151 4815 4422 4675 4797 5245 4451 4680 4850 4578 4647 4839 4981 4545 3961 4807 4271 4768 4400 4714 4829 4649 4102 4833 4628 4765 4794 4584 4818 4738 4494 4323 4850 4604 4395 4777 4773 4765 4738 4725 4697 4626 4671 4499 4389 4731 4579 4197 4864 4720 5062 4674 4610 4448 4829 4830 4884 4848 4627 5425 4667 4819 4787 4862 4919 4912 4753 4396 4913 5058 4626 4691 4908 4965 4706 4430 4694 
5273 5351 5122 4869 5408 5913 5158 5172 5052 4748 5205 5290 4643 5099 5083 4931 5109 4757 5575 4864 5375 5009 4890 5170 5115 4827 4938 4853 5408 4965 5639 5548 4856 5344 5037 5031 5159 5691 5300 4519 4886 5446 4879 5190 5394 4970 5160 5271 4842 5123 5275 5271 5378 5145 4627 5387 5170 5194 4806 5147 5229 5191 4935 5000 5276 5162 4940 5135 5524 5410 4998 5028 5081 5535 5234 5018 5258 5254 5070 4810 5236 5397 4988 5398 5433 5587 5291 5066 5358 4932 5186 5083 5198 5223 5189 5345 4855 5468 5362 4992 5125 5223 4841 5090 5496 4936 5291 4922 5068 5262 4963 4955 5360 4969 5164 5002 5207 4742 5153 5693 5546 5137 4756 4827 4910 5363 5362 4725 4996 5043 5292 5230 4915 5084 5246 5510 5298 5657 5105 5017 5339 5299 5273 5333 5216 4769 5153 5496 5332 4895 5471 5331 5399 5642 5186 5081 4731 4874 5197 5274 5576 5455 5108 5185 5048 5190 5347 5566 5045 5262 5293 5061 5337 5241 5070 5106 5173 5202 5229 5338 5236 4889 5015 5235 5630 5011 4984 4886 5025 5170 5241 5188 4886 4427 5022 4790 5049 4882 5042 5346 4918 4534 5559 5017 5129 5062 4980 5128 5147 4740 5193 4950 5058 4705 5134 5150 5004 5116 5183 5559 4802 5044 4781 4750 5003 5300 5026 5167 4822 5482 4971 5129 4964 5221 5225 5246 5416 5053 5545 5061 5198 5336 5085 5256 5465 4994 4841 5039 5159 4752 5131 5183 5252 5269 4824 5186 
5382 5306 5090 4820 5585 5621 5072 5270 5143 5186 5398 5148 4957 5669 5274 5033 5294 4870 5585 5361 5326 5020 5021 5313 5546 4924 5143 5076 5366 4972 5680 5557 5171 5455 5144 5304 5324 5803 5520 4802 5066 5561 5281 5400 5391 5220 5187 5535 5261 5210 5560 5340 5559 5258 5212 5404 5295 5452 4902 5057 4838 5118 4977 5426 5227 5115 5073 5285 5532 5464 5249 5408 5098 5710 5306 5182 5421 5260 5292 5026 5359 5465 5024 5463 5461 5876 5246 5278 5514 5001 5192 5206 5248 5198 5459 5393 5138 5480 5438 5139 5353 5391 5217 5066 5746 4902 5303 5066 5280 5346 5279 5185 5390 5116 5213 5198 5334 4950 5329 5755 5555 4868 4815 4921 5256 5238 5607 4760 5162 5146 5329 4927 4902 5285 5329 5376 5330 5662 5541 5390 5473 5560 5221 5286 5444 4959 5646 5560 5511 5000 5290 5493 5593 5817 5280 4869 4749 5138 5273 5193 5378 5226 5201 5253 5261 5243 5462 5352 5201 5567 5433 5403 5198 5032 5245 5409 5379 5146 5394 5409 5597 5104 4974 5359 5860 4989 5387 5191 5292 5496 5343 5084 5079 4458 5126 4667 5169 5160 5258 5480 5257 4803 5342 5046 5435 5049 5132 5378 5206 4932 5301 5111 5172 5052 5716 5505 5319 5360 5024 5351 5218 5294 4985 4767 5228 5010 5055 5636 5194 5864 5074 5141 5020 5645 5451 5478 5220 5313 5564 4960 5487 5203 5138 5378 5769 5351 5146 5523 5188 4915 5311 5394 5328 5301 5030 5381 
5498 5546 5228 5374 5360 5720 5092 5592 5399 5318 5422 5603 5201 5526 5625 5351 5765 4955 5805 5357 5270 5521 5330 5315 5751 5043 5230 5123 5291 5293 6020 5785 5366 5666 5601 5589 5424 6156 5699 4649 5397 5667 5745 5493 5564 5247 5702 5917 5113 5378 5583 5390 5522 5590 5340 5650 5725 5767 5109 5813 5109 5291 5191 5841 5490 5270 5201 5474 5597 5613 5381 5707 5754 5835 5481 5141 5714 5455 5757 5046 5697 5769 5206 5869 5348 5911 5682 5723 5933 5014 5169 5536 5556 5340 5685 5558 5194 5518 5732 5532 5590 5647 5372 5244 6129 5193 5715 5491 5447 5902 5719 4766 5290 5558 5404 5261 5414 5140 5509 5903 5657 5582 5087 5319 5187 5428 5602 5265 5617 5299 5591 5415 5348 5368 5635 5539 5524 5811 5677 5425 5930 5478 5075 5785 5647 5044 5727 5786 5549 5196 5458 5334 5603 5661 5556 5118 4998 5133 5649 5233 5800 5644 5607 5032 5860 5480 5479 5739 5327 5520 5783 5367 5646 5521 5424 5696 5357 5282 5580 5572 5749 5051 5348 5347 6043 5323 5595 5568 5661 5674 5302 5462 5358 4636 5502 4996 5511 5322 5329 5565 4671 4821 5721 5247 5553 5716 5505 5519 5248 5181 5335 5334 5190 5361 5643 5553 5547 5400 5339 5712 5386 5528 5110 5066 5395 5697 5165 5458 5270 5655 5514 5391 5331 5817 5622 5977 5557 5341 6087 5409 5679 5384 5305 5639 5438 5449 5239 5737 5506 5196 5853 5467 5718 5285 5367 5658 
5526 5680 5391 5068 6156 5922 5266 5450 5532 5230 5592 5505 5293 5572 5457 5164 5448 5253 6024 5527 5732 5490 5296 5480 5677 5243 5135 5476 5781 5127 5773 5948 5317 5657 5857 5558 5373 5938 5856 5099 5142 5963 5398 5497 5481 5453 5629 5785 5174 5532 6087 5588 5826 5704 5128 5805 5580 5705 5326 5576 5274 5356 5614 5507 5498 5445 5233 5322 5792 5626 5555 5448 5746 5906 5602 5371 5624 5497 5576 5165 5641 5633 5349 5724 5954 5996 5605 5783 5884 5514 5206 5479 5666 5601 5747 5560 5489 5929 5823 5493 5563 5643 5321 5673 5887 5225 5577 5462 5737 5918 5325 5557 5165 5275 5519 5472 5600 5421 5596 5952 5599 5319 5304 5026 5538 5585 5806 5348 5725 4844 6004 5434 5296 5358 5565 5654 5666 5797 6060 5562 5829 5813 5145 5894 5774 4942 5784 5644 5602 5241 5640 5643 5811 6050 5737 5181 5089 5245 5458 5404 5795 5522 5137 5622 5356 5620 5520 5505 5483 6003 5830 5670 5804 5511 5399 5657 5718 5313 5561 5862 5510 5168 5402 5713 5980 5435 5628 5230 5400 5369 5777 5865 5182 4748 5558 5147 5371 5198 5593 5488 5104 5286 5718 5599 5748 5336 5587 5848 5248 5309 5400 5587 5498 5662 5856 5574 5633 5591 5371 5705 5100 5747 5075 5226 5635 5538 5409 5664 5355 6235 5466 5282 5604 6067 5750 5545 5572 5684 5986 5341 5939 5583 5704 5533 5743 5781 5453 6037 5515 5477 5660 5756 5648 5604 5455 5663 
5101 5263 4984 4619 5212 5459 4567 5430 5110 4583 5587 4946 4713 5441 4986 4882 4966 4689 5461 4785 5082 5140 4894 4968 5276 4657 4759 5090 5298 4889 5433 5326 5057 5133 4985 4966 5060 5414 5149 4487 5003 5536 4884 5436 4944 4962 5295 5281 4709 5004 5406 4912 5533 5087 4896 5284 5089 5264 5155 5058 4561 5199 4939 5384 5104 4860 4849 4626 5546 5496 5369 4941 5077 5422 5148 5295 5214 5158 4931 4843 5146 5383 4932 5435 5471 5595 5149 5202 5221 4966 4789 5125 5203 4922 5189 5304 5096 5615 5421 5051 5009 5082 4995 5258 5673 4497 5131 5264 5051 5481 5296 4762 5013 4870 5149 5202 4936 5054 5006 5451 5346 5045 4687 4766 5077 5133 5244 4850 4952 4587 5371 4996 4802 5357 5085 5294 5431 5576 5479 5209 5054 5126 4860 5347 5486 4891 5453 5368 5418 4968 5498 5220 5198 5278 5234 4885 4754 4784 5137 4911 5624 5253 4932 5052 5285 5005 5162 5519 5246 5176 5507 4947 5262 5189 5028 5226 4979 4969 5286 5305 5131 4852 5061 5229 5676 4994 4966 5018 4974 5368 4944 5122 4892 4508 5217 4797 5053 4920 5180 5269 4746 4893 4864 5152 5156 5324 5207 5611 5092 4773 4639 5103 5038 4916 5147 5351 5075 5309 5144 5193 4915 5097 4747 5013 5064 5240 4939 4944 4968 5522 4922 4808 5038 5277 5099 5262 5238 5146 5438 4864 5008 5139 4799 5144 5245 4967 4942 5253 4980 4808 5168 4990 4977 5345 4720 5256 
5185 5011 4816 4373 5224 5459 4437 4835 4748 4663 5079 4950 4679 5107 4932 4643 5079 4744 5500 4968 5147 4650 4700 5091 5306 4993 4758 5051 5390 4628 5234 4990 4766 5120 4844 5213 4919 4957 4972 4197 4868 5045 4794 4958 5153 5087 5175 5051 4688 4706 5105 4825 4988 5179 4534 5288 5102 4875 4894 4858 4435 4799 4616 5019 4887 4807 4696 4805 4989 5334 4760 5009 4774 5360 5158 4944 5246 5208 4878 4596 5064 5049 4741 5385 4961 5548 4878 5085 5279 4797 5124 5026 5122 5039 4973 5214 4625 5423 5188 5058 5034 5137 4803 5027 5215 4460 4955 5039 5109 5164 4858 4793 4840 4951 5174 5003 5198 4810 4843 5409 4984 4749 4579 4790 5096 4955 5397 4827 4919 4442 4975 4904 4831 5003 4909 5375 5114 5302 5166 4806 5192 5334 4983 5064 5170 4784 5215 5085 5103 4956 5360 5185 5063 5093 5154 4818 4549 4810 4958 4791 5280 5236 4957 4852 4952 4971 5196 5148 4923 5238 5478 5075 5080 4948 5011 5088 5031 4757 4968 5292 4892 4596 5005 5001 5303 4851 4705 4547 4904 5254 5238 5010 4895 4183 4953 4409 4874 4807 5037 5183 4448 4679 5053 4787 5138 5000 4817 5165 5107 4437 4951 5004 4709 4777 5125 5132 4783 4998 4716 4955 4866 5162 4719 4558 4874 5219 4709 5132 4807 5345 4688 4908 4685 5098 5336 5235 5090 4917 5366 4773 5258 5030 4975 4869 5078 5072 4441 5342 5058 4704 5297 5107 5160 5063 4721 5317 
5323 5176 5155 5105 5399 5758 5253 5588 5024 4819 5416 5444 5377 5554 5443 4992 5549 5096 5707 4921 5319 5271 4952 5276 5464 5045 4983 4980 5629 5031 5730 5656 5199 5480 5153 5391 5436 5725 5368 4929 5022 5391 5073 5195 5201 5008 5475 5494 5002 5301 5457 4951 5332 5011 4761 5406 5512 5109 5336 5356 5467 5241 5120 5096 5075 5039 5137 5147 5765 5476 5578 4990 5193 5604 5382 5019 5358 5337 5391 4788 5542 5642 5098 5514 5501 5849 5323 5304 5405 5007 5164 5245 5251 5169 5517 5270 5023 5524 5409 5130 5246 5476 5027 5550 5890 5061 5513 5383 5081 5767 5337 5028 5277 5152 5461 5370 5425 5167 5196 5685 5596 5203 5033 5001 5261 5288 5512 5154 5402 4742 5407 5331 5207 5092 5329 5370 5236 5605 5649 5295 5658 5297 5389 5603 5349 4940 5340 5411 5225 4938 5488 5084 5299 5592 5315 4909 4772 4903 5324 4871 5602 5390 5168 5164 5036 5230 5447 5428 5362 5359 5349 5113 5508 5326 5108 5574 5121 5020 5329 5376 5395 4804 5096 5426 5741 5106 4845 5180 5212 5354 5234 5374 5028 4666 5353 4912 5299 5020 5326 5219 4921 4869 5367 5003 5311 5620 5188 5264 5178 4786 5117 5204 4759 4982 5428 5414 5331 5268 5065 5566 5013 5238 5104 5122 5190 5381 4853 5439 5139 5610 5213 5203 5091 5365 5278 5420 5366 5296 5409 5119 5533 5189 4953 5381 5308 5428 4826 5324 5130 5086 5366 5441 5412 5088 5206 5403 
5822 5314 5219 5088 5830 5497 4959 5543 5223 5107 5306 5443 5337 5527 5185 5123 5361 5116 5739 5403 5436 5431 5226 5330 5215 5144 5023 5029 5604 4908 5840 5654 5314 5609 5448 5456 5164 5812 5718 4934 5105 5798 5269 5399 5341 5197 5587 5606 4953 5136 5543 5475 5365 5038 5019 5530 5567 5436 5256 5580 5189 5594 5382 5389 5336 4860 5030 4949 5655 5729 5511 5385 5461 5825 5413 5267 5765 5333 5422 5095 5538 5423 5262 5908 5629 5936 5182 5440 5594 5219 5222 5227 5479 5451 5088 5361 4983 5762 5404 5356 5632 5364 5068 5268 5834 5128 5359 5231 5306 5873 5435 5032 5403 5414 5472 5445 5316 5007 5163 5861 5893 5188 4798 5157 5022 5463 5713 5136 5318 5041 5423 5221 5252 5565 5497 5678 5309 5793 5804 5217 5442 5346 5250 5243 5561 4771 5824 5699 5561 5289 5410 5224 5870 5666 5650 5013 4796 4971 5485 5137 5363 5606 5193 5440 5241 5309 5561 5675 5506 5189 5530 5381 5468 5524 5399 5244 5327 4973 5570 5407 5344 5091 4960 5269 5835 5334 5587 5180 5394 5283 5386 5495 4918 4533 5481 4674 5416 5273 5386 5466 4813 4969 5551 5411 5565 5376 5295 5705 5215 5176 5309 5245 5434 5073 5400 5419 5335 5255 5353 5747 5336 5316 4862 5012 5337 5349 5009 5210 5318 5775 5191 5387 5268 5826 5924 5542 5482 5314 5840 5423 5414 5566 5100 5505 5581 5382 5383 5284 5394 5171 5589 5180 5434 5525 5119 5010 
5446 5156 4930 5080 5295 5371 5019 5168 4844 4870 5055 5126 4895 5122 5163 4728 5283 4779 5160 4954 5015 5121 4888 5264 5468 4776 4728 5038 5528 4962 5523 5819 5070 5098 5027 5230 5202 5235 5110 4559 5123 5106 5102 5230 5177 5047 5309 5398 4953 5048 5433 5003 5112 5174 4769 5559 5200 5051 4862 5193 4708 5028 4900 5299 4951 4971 4953 4758 5419 5140 5286 5095 4867 5179 5195 5046 5309 5166 5074 4846 5283 5272 4990 5457 4954 5467 4864 5243 5508 4913 4840 5388 5147 5019 5222 5267 4818 5480 5226 4992 5034 5351 4707 5326 5508 4992 5157 4866 4764 5178 5120 4878 5064 4856 5237 5176 5088 5061 4997 5330 5282 5164 5032 4755 4900 4959 5481 4821 5240 4915 5135 5238 5055 5268 5106 5307 5309 5331 5182 5058 5446 5274 5110 5306 5358 4964 5285 5508 5192 4907 5221 4817 5236 5353 4925 4724 4979 4830 5223 4859 5370 5272 4898 5026 5020 5142 5166 5368 4819 5419 5510 5019 5061 5056 5026 5267 5327 4968 5242 5497 5000 4835 4741 4989 5591 5039 5157 4791 5226 5041 5031 5341 4821 4538 4896 4465 5194 4995 5280 5256 4736 4725 5030 5114 5267 5094 4924 5217 5066 4862 4806 5002 4947 4721 5008 4997 5072 5268 4988 5268 5107 5006 4834 4753 5187 5181 4880 5060 5189 5134 4837 4923 4954 5232 5122 5485 5300 5092 5629 5251 5179 5244 4746 5178 5101 4962 4961 5324 5189 5106 5179 5029 5310 4956 4872 5259 
5765 5477 5077 5107 5519 5563 5067 5472 5246 5185 5408 5304 5030 5533 5493 5063 5428 4906 5924 5185 5436 5211 5204 5311 5558 5123 5215 5098 5906 4974 5859 5629 5292 5430 5427 5393 5223 5723 5529 4933 5274 5680 5420 5316 5478 5479 5602 5797 5205 5283 5552 5185 5587 5428 4899 5635 5510 5367 4922 5537 5081 5377 5260 5621 5272 5015 5262 5201 5758 5597 5344 5507 5213 5673 5067 5338 5543 5341 5288 5348 5546 5340 5063 5813 5375 5751 5444 5293 5759 5104 5376 5463 5439 5335 5329 5583 5099 5791 5658 5415 5448 5597 5037 5257 5850 4971 5640 5575 5703 5604 5602 5139 5299 5429 5343 5309 5318 5476 5225 5727 5639 5328 5355 5268 5368 5344 5527 5210 5499 4798 5766 5344 5319 5369 5456 5657 5529 5539 5316 5708 5658 5543 5129 5475 5593 5040 5462 5468 5398 5344 5304 5253 5445 5505 5454 5001 4749 5161 5206 5471 5493 5598 5238 5367 5241 5497 5621 5617 5318 5717 5940 5406 5510 5565 5391 5395 5374 5481 5309 5615 5409 5100 5331 5296 6073 5397 5373 5259 5443 5647 5376 5450 5080 4880 5420 4558 5364 5163 5551 5516 5147 4822 5529 5186 5484 5419 5157 5585 5630 5098 5189 5322 5139 4970 5460 5572 5346 5575 4931 5327 5091 5450 5129 5158 5441 5573 5188 5531 5280 5843 5310 5337 5146 5664 5516 5683 5614 5206 5535 5247 5531 5443 5293 5902 5402 5594 5288 5567 5270 5086 5593 5486 5726 5296 4995 5375 
5093 4916 4996 4801 5300 5491 4807 4993 4890 4717 5125 4903 4942 5064 5083 4827 4931 4870 5363 4946 5258 4933 4700 4948 5270 4803 4808 4687 4890 4989 5438 5279 4931 4995 4911 4977 5145 5315 5069 4475 4790 5219 5258 4838 5111 5027 5368 5414 4931 4686 5099 4976 4994 4947 4828 5238 4946 5077 4497 5151 4618 4858 4553 5101 5021 4567 4640 4896 5108 5363 5093 4881 4720 5271 4995 4774 5263 5131 5012 4604 5294 5031 4982 5480 4836 5511 5039 5301 5294 4835 4570 5210 4948 4784 5470 5061 4783 5149 5318 5177 4862 5027 4790 5239 5351 4592 5146 4901 4882 5188 5230 4719 5161 4982 5130 5131 5081 4623 5104 5460 4861 5115 4786 4601 5039 4795 5048 4606 4824 4557 5216 4969 5060 5029 5301 5071 5055 5134 5052 5045 4995 5079 4920 5070 5028 4576 5370 5292 5169 4849 5245 5025 4886 5618 5288 4817 4671 4890 5074 4895 5305 5341 4842 4776 4915 5234 5168 5434 4610 5341 5246 4972 4966 4975 5002 4926 5069 4900 5029 5193 4873 4684 4719 5164 5612 4966 4876 5029 5256 5222 5115 4996 4906 4464 4717 4694 5042 4902 5178 5281 4355 4575 5341 4950 5263 5197 5155 5211 5254 4741 4848 4914 4791 4694 4951 5144 4740 4976 4874 5271 4936 4946 4634 4632 4961 5313 4607 5170 5117 5217 4684 4833 4618 5073 4903 5110 4959 4830 5520 5143 5205 5057 5039 4833 4975 5093 4698 5244 4857 4664 5144 4968 4997 5094 4759 5002 
5323 5206 5180 5032 5365 5311 4895 5164 4879 4871 5147 5057 5114 5362 5024 4953 5216 4895 5393 5077 5299 4990 4733 5123 5013 4958 4845 4910 5322 4845 5458 5463 4996 5294 4944 5262 4669 5366 5196 4551 5178 5413 5184 5356 5087 4926 5420 5531 4648 5107 5425 4977 5133 5187 4774 5388 5265 5028 4992 5354 4879 5278 4672 5346 4956 4887 4884 5041 5534 5241 4912 5080 5164 5414 4899 5070 5411 5090 5307 4814 5387 5249 4843 5411 5236 5559 5135 5172 5488 5114 4890 5188 5087 5111 5002 5316 5072 5656 5603 4941 5008 5165 4932 5258 5655 4723 5228 5071 4717 5295 5178 4934 4965 5344 5135 4885 5242 4916 4978 5362 5499 5216 4817 4740 5031 5344 5521 4768 5216 4765 5292 5030 5177 4957 5100 5525 4888 5243 5382 5398 5448 5496 5109 5225 5338 4411 5509 5197 5130 4833 5222 5203 5343 5588 5339 4960 4723 4665 5358 4998 5101 5276 4909 4883 5094 5015 4900 5300 5081 5297 5483 5359 4939 5134 5191 5160 5321 4774 5259 5231 4926 4866 4886 4912 5561 5146 5346 5073 5036 5423 5002 5379 4922 4583 5143 4586 5338 5013 5010 5366 4832 4820 5081 5111 5073 5191 5479 5492 5201 4966 4880 4922 4966 4950 5124 5071 5118 5013 5205 5367 4887 5186 4838 4913 5130 5299 4646 5176 4806 5473 5105 4963 5113 5393 5294 5225 5156 5050 5457 4956 5419 5338 5237 5223 5491 5321 4898 5394 5091 4947 5630 5067 5428 4800 4895 5209 
5024 4857 4777 4608 5162 5223 4777 5216 4896 4601 5155 5009 4694 5237 4936 4532 4827 4480 5122 4728 4910 4708 4746 4754 5219 4538 4661 4867 5005 4789 5279 5166 4726 4970 4806 5018 5058 5360 5046 4379 4897 5019 5088 4727 4670 4804 5051 5193 4423 4674 5172 4655 4833 4803 4744 4964 5032 4946 4601 4836 4733 4802 4493 5207 5116 4671 4570 4627 5073 5254 4763 4880 4675 5212 4969 4550 4916 5161 5024 4500 5218 5207 4653 5201 5083 5636 4942 5345 5135 4679 4630 4801 4745 5082 5054 4869 4803 5108 5192 5010 4896 4750 4430 4770 5335 4757 5089 4835 4825 5360 5109 4736 4742 4954 5035 4825 5062 4852 4926 5313 4839 4830 4739 4511 4709 5072 5201 4649 5003 4404 4926 5022 4672 5011 4806 4996 5036 5217 5233 4860 5079 4975 4842 5064 5255 4576 5067 5223 4943 4672 4970 4801 4820 5213 4934 4634 4586 4402 4876 4618 5271 4848 4942 4660 4955 4869 4905 4988 4706 5159 5013 4805 5013 4790 4847 5200 5268 4589 5015 5107 4893 4600 4763 4973 5504 4778 4998 4758 4959 5069 4680 4976 4810 4133 4844 4656 5019 4887 5063 5151 4460 4521 5138 4682 4883 4888 5100 5241 4928 4747 4798 4836 4964 4704 4997 4823 4847 4702 4976 5025 4638 4831 4602 4818 4825 4923 4708 5002 4838 5159 4606 4790 4575 5235 4690 5139 4870 4963 5422 4946 4937 5061 4876 5017 5094 4975 4615 5110 4584 4844 5024 5033 4729 4706 4668 5125 
5661 5559 5134 5050 5349 5660 4966 5593 5225 5234 5419 5363 5334 5580 5398 4906 5183 5108 5582 5226 5644 5274 5296 5657 5445 5158 5250 5183 5610 5142 5743 5776 5326 5379 5485 5493 5269 5469 5571 4774 5291 5695 5567 5429 5437 5459 5663 5618 4968 5305 5678 5283 5281 5576 5182 5571 5661 5387 5005 5780 5133 5424 5173 5792 5245 5156 5188 5461 5747 5413 5246 5482 5187 5493 5481 5536 5459 5478 5411 5213 5460 5506 5203 5788 5515 5860 5325 5677 5700 5438 5336 5454 5457 5516 5608 5528 5406 5769 5715 5367 5470 5481 4953 5687 5934 5033 5625 5465 5347 5664 5571 5184 5425 5585 5417 5448 5403 5292 5141 5693 5808 5452 5026 5209 5425 5491 5699 5306 5723 5174 5375 5589 5252 5220 5537 5931 5501 5725 5636 5593 5751 5530 5328 5457 5865 4976 5671 5897 5529 5389 5712 5409 5400 5853 5580 5080 5132 5077 5622 5317 5645 5487 5001 5450 5540 5404 5463 5749 5400 5738 5819 5518 5450 5747 5374 5455 5116 5213 5805 5656 5288 5135 5160 5444 5846 5392 5383 5306 5642 5334 5314 5496 5340 4907 5302 4675 5318 5122 5460 5681 4950 4998 5770 5411 5540 5458 5510 5840 5451 4978 5059 5402 5465 5113 5552 5424 5276 5523 5295 5689 5331 5456 5142 5128 5356 5696 5122 5336 5191 5804 5157 5154 5161 5635 5493 5560 5553 5144 5880 5215 5592 5374 5330 5782 5490 5251 5502 5806 5467 5063 5441 5337 5518 5430 5220 5538 
5622 5381 5107 5086 5569 5717 5091 5302 5468 5123 5399 5335 5162 5614 5194 5193 5222 4883 5669 5234 5506 5030 5177 5432 5492 5214 5134 5216 5509 5286 5667 5616 5389 5412 5190 5492 5216 5716 5502 4623 5194 5627 5292 5550 5393 5298 5674 5723 4878 5314 5870 5229 5716 5169 5047 5779 5448 5235 5192 5471 5286 5350 4994 5640 5331 4967 5228 5282 5606 5505 5318 5283 5403 5609 5602 5276 5405 5353 5506 5199 5419 5928 4995 5804 5716 5973 5684 5476 5458 5088 5264 5494 5469 5290 5515 5584 5277 5662 5665 5252 5468 5564 4922 5179 5774 4995 5347 5339 5234 5604 5514 4970 5279 5355 5503 5243 5352 5291 4807 6016 5797 5338 5004 5079 5199 5447 5691 4969 5377 4948 5380 5346 5196 5478 5322 5643 5550 5784 5686 5466 5515 5603 5200 5600 5757 5061 5611 5728 5485 5230 5652 5225 5657 5699 5564 4818 5090 4927 5607 5408 5761 5309 5252 5363 5447 5336 5308 5597 5247 5695 5702 5529 5289 5289 5143 5412 5620 5448 5386 5474 5203 5229 5113 5471 5993 5401 5516 5425 5482 5439 5417 5305 5243 4699 5163 4631 5414 5208 5281 5338 4952 5216 5466 5373 5379 5270 5210 5553 5243 5179 4994 5589 5244 5236 5385 5625 5530 5533 5337 5500 5287 5483 5194 5053 5569 5203 5103 5631 5449 5872 5339 5103 5204 5756 5513 5428 5170 5386 6032 5272 5738 5481 5222 5294 5492 5335 5263 5627 5418 5185 5541 5231 5495 5258 5336 5221 
5479 5292 5099 5069 5375 5695 4776 5226 5118 4915 5442 5388 5059 5406 5176 5068 5377 5076 5678 5091 5310 5128 4911 5075 5428 5064 4976 5137 5407 4957 5403 5467 5145 5328 5099 5338 5441 5435 5317 4663 4990 5611 5542 5197 5127 5214 5512 5447 5050 5134 5517 4977 5437 5108 4796 5503 5120 5147 5138 5342 4654 5163 5074 5274 5209 5124 5090 5172 5462 5487 5280 5293 4976 5594 5433 5084 5414 5245 5250 5007 5595 5318 4979 5788 5656 5854 5234 5391 5606 5095 5123 5111 5468 4959 5235 5286 4789 5749 5264 5582 5148 5065 4953 5304 5843 4924 5076 4856 5111 5674 5345 5030 5036 5129 5441 5436 5279 4912 5313 5636 5241 5231 5086 5226 5398 5278 5597 4705 5064 4766 5472 5060 5150 5327 5095 5669 5262 5496 5663 5218 5467 5516 5225 5535 5551 4913 5514 5509 5267 4913 5386 5109 5193 5490 5237 4957 5036 4571 5335 4999 5680 5430 5147 4872 5337 5207 5307 5740 5189 5561 5491 5449 5457 5084 5207 5404 5340 4818 5231 5290 5169 5170 4954 5206 5656 5280 5262 5027 5240 5546 5101 5465 4825 4679 5201 5005 5214 5154 5302 5430 4748 4709 5539 5294 5411 5259 5314 5119 5251 4790 5086 5323 5367 5126 5088 5338 5123 5017 4979 5373 4982 5185 4930 4989 5106 5318 4938 5380 5151 5924 4908 4968 5028 5406 5397 5636 5409 5212 5709 5065 5441 5440 5277 5260 5285 5099 4984 5595 5188 4913 5472 5527 5519 5191 5065 5506 
5309 5222 5213 4919 5147 5349 4798 5088 5055 4830 5438 5193 5240 5410 4964 4939 5181 4937 5576 5067 5085 5259 4858 5220 5451 4973 4950 5186 5377 4668 5332 5457 4978 5411 5070 5289 4855 5458 5515 4669 4743 5405 5179 5420 5262 5080 5393 5509 4893 5168 5142 5090 5393 5336 4831 5407 5426 5362 5304 5319 4831 5309 5053 5322 5059 4789 4937 4914 5443 5408 5121 5300 5207 5643 5280 5240 5315 5287 5266 4762 5353 5311 5053 5455 5502 5685 5031 5253 5613 4656 5039 5089 4966 5095 5394 5243 5075 5670 5406 5182 5170 5273 5068 5010 5696 4976 5228 5397 5133 5765 5461 4725 5052 4991 5415 5109 5389 4863 5001 5581 5317 5074 4996 5263 4965 4958 5415 4953 5191 4980 5472 5196 5262 5127 5294 5396 5202 5698 5635 5237 5340 5515 5042 5118 5573 4566 5280 5501 5404 5080 5404 5155 5457 5528 5334 4951 4872 4829 5442 5070 5450 5339 5176 4827 5243 4957 5311 5518 5383 5260 5249 5134 5184 5290 5099 5242 5295 4763 5381 5105 5100 4776 5137 5193 5772 5105 5145 5300 5037 5158 5179 5384 4710 4584 4997 4832 5002 4893 5238 5239 4766 4823 5395 5091 5210 5295 5085 5129 5169 4948 4877 5194 5241 5229 5104 5311 5225 5180 4948 5225 4978 5454 4706 4753 5028 5173 4922 5197 4758 5644 5100 5080 5119 5457 5233 5392 5180 5199 5690 4935 5635 5165 5204 5104 5219 5368 5018 5267 5061 4950 5299 5419 5303 4971 4923 5112 
5209 5245 5090 4867 5404 5387 5013 5258 5066 4828 5314 5129 4759 5270 5176 4869 5228 4922 5427 5103 5231 4983 4887 5224 5474 4869 4828 4848 5366 4700 5328 5628 5070 5051 5060 4997 5033 5645 5225 4753 4811 5374 5017 5086 4988 4817 5293 5250 4741 5075 5615 5051 5362 5218 4864 5243 5336 5082 4804 5115 5034 5067 4992 5115 5168 5039 4886 5133 5067 5226 5085 4920 4904 5271 5094 4724 5161 5131 5011 4646 5113 5432 4813 5547 5423 5467 5076 4894 5372 5133 4881 5102 5188 5256 5351 5385 4979 5344 5197 4979 4992 5192 4946 5495 5631 4893 5064 5142 5214 5507 5223 5029 5161 5259 5085 5132 5013 4904 4990 5646 5423 5089 4871 4803 4987 5091 5131 4799 5435 4584 5336 5090 4958 5073 5037 5157 5189 5397 5399 5207 5449 5342 4912 5341 5548 4828 5313 5326 5372 4855 5166 5121 5168 5434 5064 4521 4822 4663 5217 4863 5299 5433 4954 5051 5179 5231 5188 5207 4973 5309 5309 5125 5339 5053 5195 5361 5194 4717 5265 5355 5264 5022 4953 4986 5545 4812 5126 5083 5036 5292 5099 5028 4812 4374 5156 4725 5208 4988 5201 5185 4758 4635 5120 5056 5175 5261 5044 5250 5091 4625 4830 5102 5045 5062 5152 5223 4878 5183 4937 5299 4933 5238 5061 4797 5210 5244 4822 5171 4983 5419 4942 4879 4904 5278 4887 5306 5061 5309 5685 4983 5189 5005 4960 5258 5460 5155 4941 5417 5036 4984 5184 5058 5209 5443 4949 5095 
4752 4989 4802 4471 5106 5227 4883 5371 4985 4743 5134 4987 4832 5230 4873 4712 5329 4564 5346 4695 5104 4718 4860 4754 5502 4877 4676 4863 5260 4562 5168 4975 4609 5147 4919 4949 4764 5283 4880 4633 4680 5211 5018 5234 4854 5043 5151 5133 4981 4917 5309 4670 5283 4950 4840 5351 5194 5119 4632 4868 4799 4859 4629 5084 4798 4751 4624 4995 5137 5131 4917 4740 4644 5172 4936 4954 5043 4898 4993 4517 5294 5187 4681 5379 5049 5588 5127 4852 5328 4689 4705 4756 4940 4768 5364 5099 4750 5414 5222 4846 4906 4847 4342 5126 5387 4793 5220 4879 4853 4894 5182 4806 4729 4968 4839 4981 4808 4985 4890 5277 5091 4849 4626 4866 4726 4819 5114 4847 5124 4589 5467 4793 4882 4916 5016 5272 4874 5291 5307 5150 5434 5094 4825 4932 5109 4763 5094 5060 5065 4855 4900 5038 5150 5432 5081 4526 4693 4868 5103 4975 5205 5268 4816 4813 4808 5172 4991 5301 4657 5156 5076 4947 4990 4914 5070 5101 4933 4735 4932 4994 4895 4907 4925 5108 5564 4896 4887 4760 4916 5103 4749 4999 4628 4392 4815 4402 5025 4748 4940 4927 4853 4527 5195 4641 5030 4865 4991 5263 5149 4879 4917 5229 4855 4743 5032 5344 4861 5011 4914 4992 4838 4909 4673 4749 5008 5037 4610 5183 5069 5408 4953 4817 4772 4854 4770 4813 4879 4785 5352 4817 5248 5011 4976 5271 5131 5334 4667 5119 4757 4968 5144 5232 5009 4892 4710 5111 
5401 5241 5235 4674 5086 5466 5003 5034 5002 4934 5301 5282 4937 5342 5098 4783 5028 4858 5572 4780 5242 4952 4949 5205 5396 4700 4724 4814 5335 4929 5633 5509 4902 5193 5166 5366 5305 5531 5168 4712 5024 5170 5088 5467 5254 5108 5486 5395 4955 4915 5278 5142 5335 5263 4904 5446 5163 5015 4936 5318 4944 5110 4776 5123 5153 4747 4936 5034 5457 5274 5374 5015 4995 5295 5050 5085 5185 5092 4994 5066 5060 5241 4821 5379 5298 5886 5172 5295 5355 4930 4978 4956 5379 5152 5289 5250 4847 5573 5070 5041 5166 5155 4928 5199 5654 4925 5111 5360 5344 5750 5177 4799 5118 5205 5308 4934 5359 4931 4980 5680 5345 5151 4763 4902 5007 5040 5556 4848 4992 4883 5412 5088 4880 4969 5429 5415 5279 5344 5299 5142 5294 5293 5276 5376 5348 4775 5272 5573 5202 5058 5213 5129 5186 5513 5262 4768 4759 4959 5175 4905 5293 5201 4972 5145 5063 5235 5003 5327 5153 5389 5401 5226 5352 5225 5210 5245 5365 5016 5336 5200 5039 4713 4907 4948 5760 5141 4902 5112 5199 5173 5015 5285 4924 4487 5036 4666 4942 4927 4995 5174 4876 4873 5313 5072 5135 5048 5095 5347 5048 4937 5133 4960 4834 4834 5185 5160 5064 5190 4792 5344 4857 5070 5021 4807 4800 5356 4767 5043 4917 5616 5060 5141 5117 5119 5117 5383 5251 5050 5553 4888 5385 5328 5053 5223 5176 5135 4897 5313 5119 4787 5360 5491 5368 5121 4910 5363 
5132 4885 4675 4738 5299 5165 4864 5057 4967 4747 5057 4966 4860 5148 5040 4779 5074 4616 5493 4902 5190 5040 4826 5038 5497 4782 4639 4727 5229 4715 5249 5542 4696 5178 4871 4890 4986 5305 5178 4507 4889 5512 4942 5090 4947 5079 5276 5326 4756 4927 5239 4843 5206 4899 4625 5338 5147 5217 4668 4798 4971 4991 4818 5020 4895 4791 4930 4615 5354 5102 5000 4986 4997 5014 5001 5079 5003 5279 4838 5066 5133 5334 4819 5329 5217 5751 4709 4993 5251 4868 4832 5040 4785 4760 5372 5079 4906 5407 5353 5009 5182 4979 4592 4996 5490 4734 5139 4757 5069 5029 5008 4722 4746 4769 5099 5315 4749 4799 5118 5534 4878 4823 4692 4658 5059 5001 5151 4796 5137 4468 5361 4919 4953 4977 5063 5329 5426 5276 5310 4997 5159 5246 4885 5067 5250 4817 5264 5283 5251 4737 5120 4970 5037 5306 4946 4902 4799 4438 4990 4929 5295 5327 4907 4908 4933 4963 5103 5278 4805 5234 5343 4927 5104 5162 4809 5212 5050 5081 5029 5233 4971 4713 5085 5007 5516 5145 5088 5037 5078 4956 4890 5084 4605 4473 4989 4281 4886 4953 5149 5081 4718 4566 5115 5010 5197 4768 4725 5217 4869 4657 4953 5053 5009 4904 5052 5253 4979 4974 4887 5197 4805 4998 4587 4873 4934 5047 4791 5139 5440 5341 5052 4846 4708 5216 5124 5107 5470 4849 5316 4883 5438 5254 4905 5203 5016 5051 4995 5172 4826 4771 5011 5087 5086 4798 4738 5185 
5094 5154 4877 4937 5265 5359 4739 5069 5054 4703 5185 4918 4699 5206 4996 4618 4984 4610 5347 4716 4921 4762 4961 5153 5379 4734 4733 4799 5334 4735 5475 5346 4822 4927 5001 5020 5009 5550 5197 4417 4934 5465 5262 5106 4722 5242 5251 5322 4834 4791 5393 4963 5190 5125 4752 5296 5220 5036 4816 5329 4433 5049 4559 5328 5166 4385 4838 4808 5332 5406 4908 4947 4806 5371 5074 5147 5367 5066 5199 4762 5138 5240 4838 5436 5265 5678 4944 5196 5204 5084 5045 4852 5333 5071 5130 5312 4993 5519 5375 5061 5017 5135 4703 5322 5652 4710 5240 5076 4937 5284 5214 4756 5114 5070 5203 5208 4887 4805 4825 5397 4966 5027 4443 4723 5073 5018 5449 4801 5099 4884 5335 4975 4829 5053 5309 5231 4958 5305 5330 5293 5316 5238 5101 5130 5455 4724 5300 5352 5451 4935 5114 5221 5205 5445 5265 4722 4514 4771 5098 4894 5347 5026 4892 5024 5367 5014 4977 5298 5166 5396 5431 5173 5002 5104 4903 5171 5328 5038 5153 5145 5036 4858 4993 4909 5633 5100 4992 4970 5029 5038 4955 5200 4743 4459 4888 4732 4837 5157 5203 5159 4545 4744 5394 4859 5194 4908 5118 5230 5296 4828 4790 5000 4815 5109 4960 5207 5150 4715 4930 5049 4964 5249 4718 4857 5100 5388 4678 5171 5190 5711 4581 4745 4775 5064 5027 5279 5116 4980 5489 5144 5082 5303 5322 5088 5272 5213 4796 5487 4958 4918 5251 5162 5292 4902 4649 5068 
5283 5011 4951 4869 5322 5431 4592 5351 4815 4798 5286 5080 4759 5274 5100 4738 5060 4617 5501 5090 4954 4928 4692 5055 5365 4927 4869 4833 5182 4732 5513 5329 4707 5191 5123 5060 5065 5599 5169 4601 4921 5294 5211 5252 4933 5143 5174 5146 4735 4809 5061 5225 5314 5219 4893 5482 5247 5122 4942 5184 5033 5079 4736 5223 5239 4837 4822 4872 5504 5386 5108 4997 4998 5435 5169 4745 5349 4937 5184 4853 5030 5216 4569 5460 5347 5493 5196 4991 5371 5005 4823 5180 5044 4889 5102 5257 5000 5596 5309 5070 5303 5333 4714 4980 5747 4928 5326 5040 5068 5160 5117 4490 4945 5041 5375 5036 4968 4869 5133 5389 5346 5211 4900 4864 4991 5271 5447 4860 5149 4864 5117 5063 4979 5121 5444 5273 5048 5403 5190 5325 5233 5405 4880 4864 5200 4707 5229 5300 5005 4852 5203 5165 5206 5304 4988 4941 4588 4794 5150 5043 5349 5145 5203 4986 5205 4904 5212 5226 5241 5323 5347 4889 5001 5051 4982 5149 4969 4832 5213 5317 5228 4672 4883 5182 5657 5163 5153 5179 5087 5207 5094 5064 4781 4722 5232 4367 5146 5089 5151 5114 4682 4633 5095 5113 4946 4951 4823 5264 5208 4746 4894 5036 4834 4837 5091 5346 4830 5198 5326 5280 4995 4817 4852 4830 4931 5333 5026 4856 4721 5347 4934 4876 4880 5023 5029 5277 5083 5240 5506 5139 5103 5375 4977 5257 5256 5262 4924 5264 4999 4962 5243 4931 5068 5021 5007 5057 
5248 4882 5142 4888 5298 5516 4730 5070 4815 4924 5353 5038 5023 5520 5306 4756 4943 4805 5423 5138 5051 4987 4722 5371 5179 4933 4802 4656 5213 4775 5435 5376 4901 5224 4963 5093 5041 5371 5146 4532 4845 5338 5108 5139 5039 5094 5616 5297 4823 4728 5411 5133 5039 5275 4627 5109 5187 5109 4751 5321 4803 4954 4989 5136 5129 4978 4752 4891 5177 5134 5101 4853 4833 5308 5190 5212 5422 5132 5189 4871 5212 5244 4913 5408 5543 5519 5230 5192 5466 5104 5016 4969 4959 4710 5257 5204 5106 5292 5237 5186 5198 5317 4732 5206 5520 4732 5163 5106 5083 5530 5048 4903 4863 4976 5099 5019 5072 4580 5088 5374 5363 5098 5068 4844 4984 5308 5486 4717 5281 4598 5198 5182 5206 5105 5317 5505 5286 5612 5496 5423 5413 5487 4870 5231 5832 4461 5339 5176 4907 4987 5387 4954 5265 5447 4924 4960 4581 4935 5183 5221 5138 5224 4823 4869 5256 4845 5093 5454 4872 5317 5418 5162 4973 5088 4920 5202 5196 4799 5249 5319 5065 5030 4781 5011 5649 5173 4993 4725 5074 5114 5124 5083 4940 4634 5155 4389 4990 4980 5156 5289 4638 4623 5249 5009 5231 5154 5273 5294 5002 4890 4877 5280 5125 4721 5161 5089 4911 5235 5031 5546 4912 4899 4700 4582 5019 5375 4781 5288 4796 5466 5137 5079 4954 5296 5188 5245 5192 5007 5654 5026 5425 5236 5152 5261 5288 5227 4860 5347 5169 5048 5221 5239 4902 5256 4872 5280 
5181 4929 4677 4596 5123 5058 4672 5122 4903 4550 4961 4756 4459 5086 5076 4663 5056 4529 5169 4768 5041 4875 4814 4747 4990 4464 4706 4650 5033 4769 5234 5205 4688 5082 4719 4952 4810 5236 5052 4374 4843 5244 4782 5077 5079 4728 5139 5119 4400 4932 5118 4743 4932 4976 4658 4922 4989 4963 4795 5042 4939 4909 4738 5062 4891 4696 4575 4746 5279 5038 4946 4939 5099 5140 4958 4755 5118 4880 5023 4511 5030 5004 4732 5074 5147 5564 4778 5024 4914 4630 4780 4875 4861 4799 4800 5064 4555 5108 5217 4665 4686 4984 4643 4714 5316 4491 5057 4823 4786 5199 5200 4659 4914 4704 5148 4727 4919 4478 4840 5266 5243 4731 4654 4600 4754 5040 5282 4461 5003 4401 4730 4977 4898 4838 4875 5265 5082 5260 5238 5108 5085 4848 4914 4901 4968 4533 5056 4880 4888 4610 4850 5129 5165 5222 5066 4534 4484 4809 5195 4801 5009 5120 4954 4801 4950 4777 4961 5292 4865 5078 5046 5180 4981 5079 4892 5012 5098 5064 4873 4902 5075 4512 4803 4840 5298 4937 4938 4828 5005 4948 4606 5000 4547 4248 4820 4288 4599 4650 4831 4893 4498 4748 5121 4569 4916 4838 5047 5085 4906 4794 4910 4733 4809 4824 5039 4966 5124 4783 4929 5253 4770 4880 4492 4780 4701 4839 4614 4906 4874 5404 4798 4773 4697 5146 5085 5161 4842 4882 5280 4843 4975 4973 4759 4948 5026 4833 4731 4798 4841 4674 5179 4843 4965 4992 4625 4949 
5390 5262 5050 4999 5277 5635 4909 5132 5096 4967 5381 5008 4882 5436 5129 4862 5163 4920 5510 5177 5415 5074 5035 5330 5341 4773 4790 5018 5528 4914 5485 5398 5038 5308 5224 5143 4896 5705 5158 4522 5018 5394 5133 5215 5143 5022 5449 5312 4928 4962 5584 5203 5643 5417 4883 5557 5164 5265 5159 5281 4846 5038 4931 5442 5097 5105 5209 4909 5206 5302 5125 5060 4989 5487 5101 4962 5297 5256 5076 4983 5212 5359 4732 5523 5323 5855 5264 5039 5663 5037 5048 5018 5289 5138 5301 5374 5340 5755 5535 5059 5139 5436 5009 5299 5662 4850 5334 5158 5255 5326 5155 4783 4958 5124 5058 5134 5274 5103 5036 5521 5371 5162 4939 4886 5012 5182 5611 4924 5046 4691 5258 5238 4767 5110 5037 5464 5457 5588 5307 5247 5594 5338 4923 5463 5517 4693 5368 5260 5298 5030 5536 5192 5199 5546 5375 4977 4650 4919 5064 5105 5289 4983 4920 5231 5123 5178 5225 5303 5054 5380 5465 5083 5404 5268 5212 5524 5088 4944 5054 5408 5057 4838 4881 5151 5817 5204 5375 5096 5233 5464 4848 5100 5208 4583 5273 4871 5223 5175 5259 5117 4890 4685 5133 4989 5108 4869 5290 5515 5254 4921 5102 5042 5072 4980 5175 5209 5144 5244 5182 5460 5125 5202 4694 4976 5201 5154 5164 4992 5211 5664 5065 4894 5053 5187 5196 5344 5529 5110 5648 5083 5086 5326 4883 5259 5431 5161 4996 5281 5040 4919 5406 5202 5250 5385 4857 5334 
5394 5335 5318 4780 5265 5364 4993 5407 5318 5005 5693 5311 5199 5500 5226 5048 5269 5003 5606 5391 5423 5120 5326 5438 5634 5187 5012 5249 5476 4995 5442 5613 5213 5576 5524 5281 5120 5468 5358 4818 4991 5552 5463 5497 5444 5356 5766 5535 5190 5271 5515 5110 5567 5396 4988 5562 5495 5295 5093 5596 5065 5428 4967 5551 5244 4822 5137 5320 5566 5618 5271 5361 5308 5626 5628 5319 5460 5303 5343 4933 5460 5460 5125 5624 5717 5683 5391 5360 5526 5110 5195 5439 5310 5343 5152 5631 5143 5668 5356 5386 5507 5337 5240 5223 5784 4832 5352 5562 5267 5954 5451 4938 5427 5489 5527 5031 5475 5024 5030 5770 5690 5466 4945 5157 5229 5308 5407 4995 5280 5373 5649 5189 5267 5473 5386 5700 5302 5646 5493 5399 5575 5628 5321 5238 5703 5012 5317 5694 5693 5285 5663 5269 5560 5545 5348 4958 4865 5121 5746 5260 5648 5446 5333 5122 5648 5304 5602 5600 5210 5652 5708 5246 5552 5483 5289 5414 5355 5126 5421 5360 5206 5219 5044 5339 5792 5214 5064 5101 5522 5495 5217 5160 4943 4424 5270 4693 5406 4980 5515 5601 4912 4902 5473 5108 5394 5269 5059 5540 5256 5050 5179 5331 5306 5012 5577 5323 5116 5481 5044 5573 4993 5408 5267 4973 5133 5476 5132 5394 5012 5564 5097 5315 5067 5515 5201 5447 5290 5144 5588 5296 5355 5163 5196 5400 5685 5412 5345 5547 5342 5103 5641 5483 5641 5212 5053 5581 
5533 5038 5087 4727 5301 5449 4777 5132 5018 4766 5287 5196 5046 5273 4874 4622 5145 4597 5770 4733 5337 5025 4913 5167 5028 4566 4683 4983 5289 4743 5673 5599 4921 5395 4652 5025 4904 5696 5307 4460 4900 5410 5093 5008 4977 5024 5238 5268 4769 4740 5425 4885 5161 5145 4706 5099 5139 4996 4823 5108 4883 5179 4939 5256 5066 4981 5000 4634 5250 5319 5082 5097 5070 5304 5418 4998 5108 5306 5131 4558 5015 5334 4930 5227 5625 5432 5176 5113 5091 4841 4952 5220 5103 5188 5347 5173 4915 5450 5291 4964 5019 5305 4903 5127 5163 4529 5096 5172 4985 5509 5078 4709 5006 5089 5279 5130 5050 4781 5020 5678 5306 5069 4669 4682 5009 5257 5276 4790 5006 4622 4865 5030 4746 5030 5065 5270 5313 5704 5282 5242 5065 5117 4911 5360 5466 5013 5407 5162 5282 4780 5350 5324 5053 5314 4920 4872 4776 4752 4884 5050 5412 5002 5073 4828 5106 5055 5178 5239 4923 5073 5336 4936 5339 5164 4968 5155 5210 4890 5097 5167 4873 4738 4903 5110 5679 4899 5095 4986 5093 5268 5112 5172 5226 4423 5141 4630 4924 4990 5058 5449 4508 4786 5057 4992 5070 4918 5162 5416 4885 4859 4814 5168 4906 5082 5266 5112 5040 5016 5171 5477 4766 5042 4947 4753 5086 5513 4712 5312 4936 5308 4863 4776 4965 5366 5097 5420 5275 5237 5642 5111 4983 4981 4968 5206 5382 4996 4908 4988 5157 4824 5089 5052 5087 5207 4928 4915 
5440 5357 5120 4922 5621 5486 4915 5641 5066 5051 5501 5367 5308 5603 5224 5198 5451 4773 5728 5119 5746 5322 4968 5637 5820 5222 4795 5122 5615 5145 5805 5782 5134 5355 5268 5411 5377 5846 5227 4932 5158 5508 5485 5565 5371 5253 5703 5765 5102 5219 5469 4955 5415 5251 5143 5610 5482 5413 5084 5262 5189 5349 5187 5594 5150 4791 4977 5220 5851 5565 5600 5179 5487 5716 5401 5054 5675 5526 5499 5196 5835 5700 4907 5558 5478 6104 5333 5648 5444 5218 5049 5270 5165 5252 5492 5507 5097 5776 5625 5332 5491 5613 5110 5307 5752 4825 5547 5473 5429 5644 5169 4902 5076 5251 5129 5245 5095 5133 5425 5642 5797 5509 5120 5027 5259 5131 5410 5067 5418 5173 5533 5311 5215 5383 5526 5668 5386 5712 5612 5688 5876 5531 5267 5389 5576 4850 5416 5486 5517 5267 5482 5476 5440 5811 5378 5411 5093 4921 5462 5345 5623 5671 5285 5223 5249 5274 5629 5583 5102 5451 5391 5291 5391 5658 5164 5450 5323 4958 5364 5869 5268 4986 5154 5418 5899 5241 5379 5187 5605 5514 5263 5302 5207 4848 5306 5002 5430 5034 5527 5356 5096 4949 5416 5421 5320 5440 5311 5611 5463 4807 5271 5225 5229 5035 5387 5488 5184 5265 5131 5506 5090 5426 5081 5198 5342 5578 5189 5367 5106 5713 5083 5225 4914 5548 5427 5618 5404 5452 5711 5341 5328 5536 5301 5556 5667 5495 5019 5304 5144 5302 5677 5205 5548 5412 5008 5561 
5011 4665 4964 4493 5188 5092 4713 4941 4769 4824 4723 4690 4788 4796 4732 4384 5076 4571 4993 4567 4848 4685 4446 4945 4749 4363 4431 4562 4798 4661 5291 5105 4769 4989 4972 4901 4842 5074 4965 4468 4783 5007 4899 5106 4694 4617 5085 4799 4535 4856 4998 4843 4851 4817 4394 4898 4967 4597 4365 4796 4532 4915 4348 4603 4857 4394 4749 4642 5140 4845 4770 4826 4650 5130 4785 4829 4838 4615 4878 4518 4970 4901 4676 5106 5040 5187 4803 4763 5007 4704 4622 4715 4924 4809 4811 4722 4610 5083 5167 4633 4945 4727 4685 4817 5205 4707 4949 4547 4613 4935 4930 4571 4734 4954 4670 4838 4951 4755 4706 5091 5200 4498 4663 4634 4599 4675 4890 4545 4806 4624 4668 4618 4808 4799 4746 5014 4793 5260 5095 4852 5096 4997 4545 4981 5064 4479 4919 4793 4736 4667 4704 4752 4993 5242 4859 4587 4509 4603 4624 4696 4984 5013 4898 4779 4601 4826 4799 4836 4513 5024 4986 5114 4943 4753 4647 4989 4652 4626 4907 4794 4590 4486 4570 4925 5012 4777 4639 4521 4843 4774 4783 5131 4559 4232 4476 4032 4524 4638 4794 4861 4270 4511 5056 4517 4621 4765 4692 5084 4652 4469 4661 4843 4724 4390 4711 4901 4673 4805 4592 5055 4544 4765 4466 4444 4756 4782 4390 4717 4417 5226 4657 4611 4686 4954 4770 4991 4754 4621 5338 4862 5114 4718 4797 5192 4946 4983 4694 4850 4833 4482 4981 4945 4751 4889 4739 4627 
5309 5349 5104 4923 5436 5682 4725 5255 5024 5091 5130 5434 5017 5365 5160 5037 5245 4983 5760 5022 5383 4992 4901 5142 5482 4945 4834 4873 5491 4910 5760 5572 5043 5448 5164 5135 5286 5714 5038 4919 5266 5670 5215 5211 5182 5184 5311 5472 5053 5029 5673 5350 5325 5374 4823 5418 5172 5162 5180 5089 4547 5336 4972 5337 5300 4791 5041 4845 5474 5525 5356 5142 5267 5651 5442 5121 5291 5257 5232 5007 5509 5065 4942 5782 5525 5754 5354 5313 5689 5098 5030 5338 5348 5307 5060 5374 5130 5702 5406 5334 5475 5166 4909 5241 5581 4708 5396 5422 5171 5388 5123 4931 5320 5183 5150 5237 5284 5149 5059 5458 5448 5005 5075 4935 5072 5361 5536 4698 5230 4811 5463 5130 4952 5258 5263 5425 5247 5563 5612 5278 5526 5392 5255 5375 5402 4893 5405 5289 5465 5067 5322 5127 5492 5677 5260 5019 4668 4969 5134 5092 5684 5242 5101 5202 4916 5100 5381 5644 5096 5467 5582 5382 5371 5108 5193 5274 5356 5124 5161 5426 5067 4858 5083 5293 5750 5053 5285 4909 5357 5123 5289 5541 5296 4625 5068 4805 5044 4966 5036 5331 4959 4995 5363 5070 5335 5237 5337 5466 5326 4868 5057 5126 4942 5165 5322 5330 5159 5500 5035 5518 5123 5214 5015 4946 5108 5298 5144 5559 4932 5620 4762 4917 4962 5544 5284 5295 5500 5286 5628 5244 5306 5386 5092 5350 5637 5440 4827 5340 5436 5091 5311 5430 5266 5054 4839 5095 
5529 5515 4997 5071 5651 5750 5080 5273 5193 5235 5424 5334 5059 5535 5359 5088 5477 5275 5815 4944 5194 5281 5204 5442 5778 5022 5130 5095 5579 5353 5699 5561 5136 5273 5342 5153 5183 5567 5210 4690 5394 5440 5301 5449 5300 5562 5538 5595 5067 5096 5653 5307 5372 5487 5172 5577 5661 5460 5196 5422 5081 5260 5130 5583 5390 5111 5146 5191 5441 5535 5200 5313 4965 5575 5619 5489 5643 5485 5290 5053 5508 5655 5149 5612 5254 5886 5535 5447 5763 5215 5204 5623 5330 5128 5487 5427 5300 5794 5942 5291 5300 5447 5196 5595 6080 5001 5576 5392 5492 5487 5387 5016 5269 5431 5410 5202 5478 5179 5146 5670 6002 5239 5076 5289 5339 5398 5544 5310 5250 4859 5503 5255 5191 5293 5322 5546 5308 5728 5476 5510 5725 5599 5335 5798 5677 4790 5355 5642 5707 5178 5388 5334 5647 5696 5624 5272 5152 4884 5453 5289 5843 5526 5294 5198 5467 5289 5519 5609 5215 5598 5734 5122 5417 5279 5619 5673 5170 5241 5382 5507 5579 5050 5041 5270 5946 4983 5458 5172 5749 5637 5250 5158 5364 4918 5281 4782 5165 5014 5386 5478 5017 4932 5433 5280 5504 5452 5740 5454 5828 5063 5179 5460 5321 5213 5262 5469 5187 5177 5170 5336 5177 5336 4896 5223 5189 5544 4997 5319 5215 5969 5109 5486 5380 5374 5226 5611 5582 5388 5762 5438 5488 5518 5494 5347 5371 5507 5125 5640 5177 5050 5608 5375 5453 5395 4909 5609 
5654 5277 5191 5121 5554 5588 5262 5734 5690 5247 5530 5436 5181 5731 5360 5197 5481 5064 5377 5232 5279 5455 5276 5336 5635 5266 5376 5182 5852 5125 5696 5770 5305 5511 5422 5449 5372 5873 5567 4888 5053 5535 5528 5746 5551 5377 5913 5781 5196 5387 5474 5500 5661 5547 5075 5548 5532 5601 5094 5334 5287 5464 5018 5584 5442 5099 5248 5293 5481 5873 5384 5435 5070 5789 5305 5435 5774 5498 5627 5017 5668 5640 5017 5988 5465 6030 5489 5496 5749 5250 5590 5465 5421 5317 5619 5555 5193 5897 5600 5180 5173 5322 5076 5524 5950 5132 5385 5580 5498 5644 5575 5166 5280 5647 5158 5476 5273 5231 5326 5954 5723 5533 5295 5047 5302 5362 5567 5488 5473 4932 5588 5334 5400 5227 5532 5832 5413 5603 5633 5470 5706 5892 5487 5419 5722 4962 5609 5432 5440 5392 5460 5433 5834 5923 5680 5255 5039 4982 5585 5419 5819 5689 5294 5564 5297 5525 5621 5767 5348 5694 5706 5543 5258 5430 5741 5619 5278 5434 5471 5685 5485 5249 5335 5346 5997 5280 5608 5352 5307 5614 5321 5680 5346 4902 5253 5021 5611 5508 5209 5626 5054 5018 5458 5117 5593 5583 5522 5629 5710 5326 5110 5679 5323 5105 5523 5636 5314 5327 5205 5549 5209 5660 5170 5110 5546 5480 5145 5614 5250 6059 4967 5335 5187 5830 5594 5729 5724 5451 6062 5543 5899 5587 5228 5456 5627 5674 5329 5565 5494 5353 5633 5591 5848 5446 5106 5566 
5327 5113 4958 4863 5230 5491 4943 4936 4847 4767 5126 5069 4811 5181 5153 5092 5178 4810 5318 4830 5222 5047 4725 5191 5464 4773 4916 4918 5322 5022 5380 5410 4745 5040 4995 5249 4966 5594 4955 4718 5019 5021 5081 5020 4865 5004 5094 5474 4652 4846 5438 5093 5197 5070 4782 5768 5376 5310 4762 5531 4715 5169 4663 5155 4847 5098 4887 5331 5540 5234 5077 4968 5031 5532 5229 4968 5456 5165 5222 4731 5110 5310 4842 5534 5069 5614 5097 5200 5372 5104 4867 5148 5395 4952 5017 5301 5128 5662 5316 5189 5078 5165 4793 5168 5511 4826 5182 4971 4956 5463 5031 4868 5168 5140 5251 4724 5079 4942 4971 5412 5270 5103 4994 4942 4797 5124 5263 4783 5204 4820 5300 5242 4909 4987 5205 5409 5028 5375 5266 5330 5420 5430 5051 5443 5315 4665 5007 5037 5392 5112 5095 5136 5399 5490 5205 5110 4831 4713 5378 5031 5184 5317 4964 4778 5156 5058 5208 5276 4956 5091 5402 5057 5373 5242 4962 5207 5471 4922 5271 5370 5119 4876 4852 5018 5547 4955 5051 4899 5080 5270 5322 5340 4594 4388 4962 4658 5324 4919 5102 5095 4842 4506 5122 5202 5148 5153 5136 5178 5193 4685 4820 5134 4893 4853 5158 5120 5123 4955 4722 5351 4943 5109 4939 5014 4873 5279 4898 4896 5049 5637 4885 5124 4827 5117 5056 5507 5077 4986 5402 5091 5059 5254 5466 5048 5092 5183 4776 5182 4845 4737 5338 5084 5293 4998 4681 5460 
4553 4703 4479 4558 4777 4981 4420 4567 4765 4585 4946 4678 4743 4650 4730 4637 4802 4441 5073 4728 4935 4500 4435 4924 5026 4493 4408 4796 4686 4639 5046 5302 4717 4907 4762 4774 4681 5117 4861 4177 4604 5030 4824 4988 4680 4761 5084 5008 4346 4670 5148 4471 4781 4476 4366 5259 4785 4907 4380 5046 4539 4965 4603 4775 4447 4562 4794 4496 4842 5017 4878 4710 4808 4908 4801 4790 5004 4833 4592 4453 4808 5145 4392 5079 5171 5351 4745 4664 4893 4495 4545 4966 4711 4722 5016 4942 4385 5120 4962 4699 5023 4852 4602 4854 5146 4080 4820 4859 4576 5034 4823 4584 4755 4693 4972 4739 4913 4857 4573 5181 4995 4803 4384 4156 4872 4760 4976 4506 4630 4530 4895 4592 4723 4901 4666 4923 4723 5175 5020 4862 4886 4830 4704 4845 5207 4204 4755 4808 5023 4589 4972 4885 4904 5132 4873 4376 4373 4361 4803 4636 5035 4674 4784 4467 4752 5030 4692 4949 4645 4937 5231 4510 4786 4657 4629 4753 4928 4597 4708 4900 4650 4543 4564 4937 5120 4629 4588 4542 4730 4795 4828 4991 4544 4030 4625 4387 4744 4546 4950 4881 4465 4372 4794 4685 5011 4792 4628 4948 4870 4477 4668 4812 4420 4536 4852 4827 4640 4949 4666 4936 4900 4913 4447 4360 4652 4986 4453 4941 4419 5056 4501 4651 4635 4961 4885 5033 4606 4795 5294 4732 4872 4773 4656 4687 4968 4994 4637 5009 4881 4222 4796 4858 4791 4858 4271 5033 
5045 5238 4780 4788 5371 5131 4765 5190 5146 4689 5270 4975 4855 5336 4871 5020 5192 4590 5680 5037 5186 4980 4677 4953 5336 4716 4640 4601 5155 4577 5291 5345 4675 5036 4967 5118 4772 5433 4998 4828 4838 5351 5080 4994 4923 4846 5243 5415 4793 4780 5240 4841 5201 5013 4673 5387 5075 5123 4616 5373 4546 4988 4836 5093 4914 4864 4743 4959 5231 5325 5003 4915 5019 5331 5150 4735 5518 5300 4770 4810 4999 5017 4651 5109 5263 5411 5105 4855 5192 5119 4760 5126 5231 4822 4921 5234 4617 5718 5244 5072 5096 5180 4878 5212 5435 4577 5255 4876 4981 5416 5112 4857 4952 4954 5162 5093 4917 4758 5272 5323 5368 4862 4597 4675 5048 5185 5282 4827 4776 4890 5014 4983 4796 5324 5122 5299 5174 5635 5386 5330 5289 5257 4578 5094 5253 4857 5307 5280 5473 5003 5413 5197 5157 5352 5207 4816 4512 4663 5252 4962 5184 5242 4895 4885 5099 5236 5004 5106 4956 5019 5283 4916 5353 5151 4831 5217 5290 4696 5047 5175 4936 4514 4960 4835 5442 5194 5046 4877 4850 5046 5215 4996 4727 4379 5101 4578 4970 4816 5326 5266 4405 4742 5051 4926 5236 4986 4917 5245 5111 4741 4709 4881 5144 4647 5122 5049 4841 5142 5094 5066 4919 5483 4657 4675 4994 5282 4561 5154 4963 5366 5053 4979 4786 5032 5061 5231 4883 5043 5589 4877 5089 5123 5116 4856 5159 5353 4866 5304 5144 4646 5111 4878 5119 5147 4844 5118 
5277 5359 5291 5202 5618 5508 5160 5080 5276 4983 5404 5244 5100 5576 5403 4994 5257 4691 5820 5186 5486 5076 4866 5271 5459 4803 5130 5085 5390 5178 5717 5652 5081 5494 5340 5302 5183 5804 5583 4853 5174 5425 5254 5473 5073 5241 5615 5576 5047 5152 5563 5046 5550 5448 5101 5442 5412 5585 5279 5452 4874 5275 5109 5653 5297 4987 5228 4972 5609 5727 5382 5373 5179 5592 5214 5133 5455 5307 5152 5040 5455 5517 5192 5600 5492 5905 5482 5244 5681 4980 5039 5007 5494 5472 5505 5475 5315 5460 5681 5468 5598 5371 5049 5420 5794 4934 5635 5534 5429 5772 5377 5023 5269 5300 5296 5424 5470 5150 5250 5619 5578 5260 4958 5047 5131 5540 5640 4912 5522 5094 5396 5380 5129 5574 5424 5409 5489 5723 5731 5574 5401 5227 5077 5339 5800 4817 5340 5599 5646 5278 5579 5228 5451 5674 5610 4958 4804 4735 5304 5361 5442 5606 5113 5401 5286 5079 5444 5632 5365 5731 5684 5095 5574 5576 5153 5212 5193 5093 5440 5672 5353 4987 5239 5358 5949 5132 5228 5097 5366 5429 5465 5494 5078 4674 5225 4918 5109 5111 5446 5362 5001 4963 5629 5189 5514 5065 4932 5742 5443 5117 5268 5016 5291 5055 5553 5116 5460 5562 5186 5497 5293 5340 5075 5046 5133 5442 5093 5117 5346 5668 5168 5028 5351 5633 5358 5637 5322 5261 5769 5424 5490 5382 5402 5542 5492 5398 5267 5350 5286 4909 5488 5475 5305 5361 4842 5421 
5604 5576 5083 4975 5637 5711 5041 5347 5123 5056 5500 5582 4992 5606 5266 4977 5198 4487 5484 5499 5376 5159 5144 5512 5687 5177 5229 4989 5524 5306 5855 5897 5075 5682 5374 5453 5367 5813 5408 4609 5322 5622 5592 5282 5009 5435 5599 5740 5130 5186 5585 5323 5472 5198 5138 5559 5309 5492 5112 5676 5140 5180 5012 5390 5445 5088 5092 5369 5723 5443 5370 5447 5359 5640 5513 5100 5905 5573 5360 5184 5648 5676 4691 5632 5703 5840 5265 5482 5864 5285 5358 5401 5643 5249 5421 5669 5159 5754 5618 5385 5360 5482 5123 5461 5910 5147 5599 5513 5223 5520 5331 5143 5591 5286 5536 5224 5516 5012 5572 5688 5736 5299 5014 5086 5255 5437 5545 4977 5599 5103 5378 5306 5177 5335 5440 5507 5270 5978 5697 5434 5561 5680 5117 5529 5907 4999 5510 5692 5682 5364 5736 5561 5398 5663 5256 5001 5022 4972 5278 5371 5512 5428 5210 5104 5703 5135 5424 5483 5058 5430 5534 5341 5374 5465 5314 5551 5545 5331 5284 5796 5466 5394 5142 5173 6084 5340 5596 5365 5383 5531 5505 5279 5276 4721 5496 5056 5415 5078 5544 5500 5011 4924 5434 5254 5751 5287 5403 5607 5301 4998 5276 5386 5563 5092 5575 5433 5350 5395 5511 5597 5296 5198 4836 5156 5452 5609 5080 5172 5485 5956 5022 5210 5322 5509 5565 5604 5467 5229 5877 5302 5360 5685 5185 5399 5620 5403 5382 5710 5360 5252 5731 5263 5446 5329 5247 5524 
5173 5279 5052 4762 5136 5313 4887 5465 5039 4702 5300 5147 5104 5397 5004 4865 5322 4732 5544 5128 5393 5238 4795 5189 5388 4888 4877 5081 5477 4850 5679 5461 4857 5430 5233 5206 5306 5487 5355 4676 5107 5450 5329 5151 5059 5286 5308 5509 4977 4874 5343 5060 5104 5144 4922 5358 5321 5171 4686 5251 5025 5198 5038 5290 5160 5093 4964 5053 5342 5261 5077 5036 4976 5477 5257 5175 5327 5113 5136 4945 5350 5283 4920 5701 5446 5591 5008 5037 5282 5013 4778 5048 5189 5154 5238 5233 4908 5283 5439 5071 5340 5190 4971 5281 5580 4786 5390 5448 5153 5507 5195 4880 5263 5288 5281 5139 5193 5034 5323 5518 5541 5122 5062 4794 5053 5255 5309 4974 5422 4751 5186 5343 5052 5244 5172 5491 5647 5518 5514 5388 5464 5324 5044 5380 5641 4962 5210 5405 5301 4914 5383 5294 5161 5514 5318 5009 4657 4720 5232 5167 5361 5415 5214 4896 5058 5071 5158 5224 5098 5356 5602 5187 5403 5153 5156 5473 5364 4991 5221 5389 5320 4939 5114 5411 5342 4952 5128 5027 5261 5316 5036 5168 5106 4607 5237 4587 5203 4958 5190 5290 4887 4629 5262 4926 5251 5029 4850 5352 5243 4803 5011 5004 5332 4872 5263 5301 5014 5370 4958 5305 5028 4974 4976 5002 5000 5429 5147 5317 5066 5521 5270 4994 5227 5505 5600 5608 5405 5090 5644 5161 5200 5216 5099 5455 5416 5149 4960 5429 5048 4781 5346 5550 5405 5437 4974 5515 
5289 5312 5233 5055 5284 5631 5021 5659 5069 4960 5443 5393 5257 5611 5241 4910 5203 5021 5718 5375 5327 5222 5052 5359 5536 5232 5213 5097 5592 4920 5671 5617 5372 5296 5480 5339 5198 5539 5461 4780 5151 5490 5421 5608 5460 5247 5667 5579 4855 5231 5538 5041 5264 5285 5044 5619 5559 5229 4963 5730 5031 5346 4988 5446 5073 5071 5018 5170 5598 5534 5229 5280 5169 5401 5377 5135 5391 5272 5271 5082 5327 5325 4963 5740 5253 5639 5289 5261 5536 5139 4930 5287 5341 5334 5395 5303 5026 5850 5601 5239 5272 5415 5026 5202 5644 5013 5404 5316 5362 5639 5396 5096 5453 5313 5232 5194 5183 5076 4929 5742 5486 5348 5090 4832 5332 5369 5604 4950 5505 5041 5456 5252 5059 5458 5437 5741 5460 5647 5554 5449 5620 5388 5144 5169 5772 4740 5538 5355 5273 5119 5280 5335 5407 5644 5386 4827 4885 4962 5347 5227 5437 5361 5407 5250 5329 5468 5351 5481 5305 5673 5627 5417 5371 5325 5165 5204 5118 5018 5608 5386 5197 5109 5005 5307 5674 5248 5199 5328 5174 5488 5257 5398 5279 4763 5308 4719 5422 5179 5373 5559 4871 4932 5273 5153 5370 5444 4960 5630 5349 5188 4982 5266 5203 4948 5291 5322 5156 5496 5039 5508 4963 5402 5036 4862 5132 5445 4940 5219 5207 5746 5260 5144 5139 5528 5503 5487 5346 5291 5806 5173 5468 5373 5137 5440 5250 5280 5303 5598 5512 5141 5459 5209 5565 5650 5155 5460 
5370 5040 5048 4846 5278 5186 4705 4747 4767 4742 4988 4871 4698 5095 4704 4638 4908 4637 5151 4851 5045 4738 4544 5110 5041 4651 4668 4656 5181 4743 5315 5354 5067 5206 4922 5143 4904 5364 5032 4610 4629 5181 5206 5001 5010 5013 5220 5296 4781 4814 4851 5144 5069 4929 4587 5250 5079 4969 4708 5165 4733 5046 4602 5022 4965 4728 4922 4752 5331 5204 4864 5136 4754 5311 4795 5073 5389 5015 5032 4619 4873 5191 4689 5403 5377 5531 5005 4999 5118 4774 4642 5088 5033 5012 5068 4987 4909 5426 5289 4788 5250 5052 4857 4996 5419 4581 5192 4921 4834 5091 5191 4711 4968 5130 5069 5043 5251 4826 4645 5430 5226 5062 4839 4774 5008 4916 5249 4655 5017 4509 5035 5150 4708 4933 5174 5330 4906 5283 5296 4955 5048 5318 4971 5237 5530 4316 4930 5095 5049 4816 4786 4723 5243 5398 5161 4507 4723 4663 4961 4710 5144 5030 4897 4714 5033 4830 4821 5147 4886 5107 5223 5145 5167 5164 5156 5150 5115 4751 4991 5204 4854 4461 4969 4889 5341 5134 5035 5120 4956 5041 4978 5268 4621 4470 4935 4610 4807 4805 4882 5123 4713 4508 5035 5042 5188 4939 4881 5117 4701 4742 4819 4980 4706 4859 4889 5021 5130 4956 4904 5221 4822 4785 4576 4768 4943 5117 4653 4654 4769 5454 4807 4549 4978 4934 5144 5105 5170 4904 5366 4958 5101 5148 5101 5162 5284 5103 4680 5081 4855 4735 5333 5147 5081 4847 4698 4912 
5646 5350 4951 5126 5458 5471 4879 5404 5051 4863 5294 5518 5112 5448 5300 5021 5436 4699 5860 4927 5364 5418 4793 5454 5449 5227 4835 5053 5556 5269 5805 5658 5214 5179 5297 5400 5504 5701 5555 4760 4978 5439 5251 5392 5087 5407 5558 5656 5167 5405 5353 5045 5459 5409 5025 5562 5411 5390 4951 5290 5194 5314 5121 5529 5149 5205 5209 5304 5733 5368 5413 5279 5184 5771 5133 5176 5366 5550 5355 4967 5508 5608 5180 5588 5323 5645 5253 5209 5348 5110 5337 5250 5509 5094 5296 5264 5095 5589 5564 5173 5466 5456 5120 5394 5946 5037 5547 5116 5408 5516 5562 5041 5375 5339 5383 5016 5244 5117 5428 5805 5705 5293 5084 4914 5071 5435 5535 4992 5177 5316 5332 5285 5389 5295 5376 5596 5291 5784 5395 5302 5632 5432 5220 5425 5618 5063 5482 5592 5430 5280 5486 5211 5307 5559 5358 5209 5117 4789 5433 5216 5531 5553 5078 5382 5163 5215 5242 5515 5145 5268 5388 5332 5409 5412 5160 5327 5163 5232 5448 5489 5195 4936 4981 5204 6017 5369 5054 5058 5350 5315 5417 5609 5072 4607 5148 4763 5286 5276 5235 5295 4968 5034 5317 4962 5206 5036 4897 5595 5414 4831 4975 5183 5130 4675 5430 5309 5154 5368 5286 5556 5155 5133 5094 5102 5219 5467 4875 5404 5108 5807 5270 5317 5139 5621 5312 5723 5351 5240 5574 5671 5584 5280 5085 5585 5382 5398 5245 5373 5201 4887 5359 4982 5255 5566 5135 5559 
5402 5544 5111 5121 5624 5504 5122 5323 5337 5149 5511 5352 4895 5559 5292 5134 5386 5086 5623 5066 5397 5281 5299 5334 5705 5133 4909 5468 5656 5319 6005 5730 5059 5610 5427 5516 5404 5858 5716 4650 5341 5648 5355 5565 5577 5379 5313 5818 5104 5266 5701 5460 5638 5527 5221 5522 5672 5724 5176 5438 5368 5266 5097 5646 5619 4768 5246 5195 5526 5815 5140 5489 5410 5625 5439 5550 5638 5571 5599 4836 5497 5699 5434 5605 5450 5738 5481 5785 5619 5345 5118 5492 5824 5196 5398 5609 5272 5514 5689 5587 5480 5570 5189 5261 5717 5159 5764 5330 5202 5791 5494 4969 5255 5319 5573 5046 5384 5007 5453 5742 5805 5191 4837 5198 5207 5483 5830 5254 5264 5095 5584 5330 5249 5346 5729 5521 5625 5573 5817 5165 5617 5602 5481 5490 5467 4973 5641 5750 5544 5127 5505 5609 5607 5674 5604 5184 4651 5179 5515 5347 5630 5625 5366 5312 5505 5431 5505 5639 5431 5582 5684 5256 5536 5418 5461 5471 5358 5242 5652 5447 5703 4949 5274 5530 6001 5171 5484 5340 5450 5432 5398 5401 5122 4700 5233 4731 5360 5365 5312 5472 5003 5056 5808 5301 5505 5449 5518 5531 5543 5049 5327 5283 5220 5264 5621 5467 5596 5363 5367 5629 5270 5494 5076 5139 5093 5751 5079 5444 5197 5845 5351 5135 5435 5635 5615 5689 5539 5364 5814 5170 5516 5209 5465 5390 5463 5536 5133 5865 5240 5237 5487 5627 5422 5240 5254 5613 
5191 5183 4711 4838 5540 5444 4986 4978 4931 5135 5107 4958 4858 5124 4975 4572 5211 4871 5472 4909 5261 5177 4762 5127 5135 4910 4653 4638 5247 5036 5321 5702 4830 5210 5135 5367 5017 5433 5200 4671 5024 5172 5067 5421 5189 4871 5390 5392 4725 5156 5309 5103 5340 5053 4814 5302 5237 5066 4704 5109 4803 5132 5116 5191 5127 5036 5124 4991 5475 5074 5131 5077 5081 5471 5413 5276 5364 5264 5394 4939 5311 5190 4561 5523 5497 5568 5352 5296 5359 4951 5142 5125 5087 4977 5177 5103 4997 5519 5280 5026 5213 5006 4892 5110 5614 4846 5338 5166 5027 5413 5042 4759 4726 5101 5171 5011 5264 5170 5014 5469 5451 5240 4834 4586 5041 5134 5330 4908 5139 4771 5187 4963 5247 5171 5339 5239 5381 5356 5209 5144 5269 5386 4820 5324 5285 4807 5084 5521 5340 4922 5296 4758 5380 5498 5188 5117 4687 4792 5237 5091 5654 5160 4806 4939 5134 5035 5227 5217 4834 5199 5766 5000 5240 5454 5058 5309 5471 5076 5113 5452 5244 4770 5063 5015 5615 5078 5176 4770 5363 5284 5039 5230 5107 4463 4933 4578 5110 4956 5522 5136 4725 4637 5133 4798 4831 4883 4908 5209 5233 4675 5104 4920 4984 4768 5099 5122 4961 5189 4835 5283 4664 4939 4688 4747 5170 5317 4990 5164 4800 5494 4940 5053 5008 5417 5338 5032 5361 5158 5273 5182 5228 5262 5087 5189 5390 5143 4712 5090 4971 4553 5486 5106 5523 5061 4756 5286 
5761 5591 5257 5024 5802 5707 5064 5571 5272 5100 5714 5563 5393 5500 5377 5013 5557 4954 5988 5330 5516 5646 5092 5393 5415 5578 5407 5110 5711 5267 5844 5726 5347 5795 5642 5796 5387 5855 5556 4839 5480 5507 5351 5307 5572 5442 5667 5412 5102 5537 5946 5060 5303 5453 5026 5732 5625 5411 5220 5449 5051 5231 5363 5737 5352 5537 5292 5231 5821 5577 5153 5418 5623 5784 5591 5280 5561 5526 5473 4994 5671 5300 5250 5808 5582 5909 5609 5593 5738 5169 5344 5386 5464 5531 5487 5648 5448 5878 5639 5415 5771 5561 5274 5449 5994 4735 5742 5306 5197 5727 5213 5238 5487 5383 5558 5483 5674 5059 5409 5979 5891 5340 5173 5280 5601 5623 5940 5259 5428 4975 5640 5349 5338 5321 5562 5851 5479 5617 5790 5581 5733 5799 5267 5942 5707 5033 5745 5879 5542 5293 5704 5402 5564 5969 5563 5207 5026 4884 5355 5240 5602 5453 5265 5411 5480 5321 5537 5737 5317 5644 5710 5495 5679 5535 5046 5568 5528 5419 5622 5576 5664 5028 5294 5465 5759 5430 5436 5262 5569 5839 5307 5416 5195 4683 5481 4835 5316 5346 5431 5745 5085 5109 5679 5283 5587 5356 5445 5644 5121 5224 5191 5507 5433 4998 5544 5308 5491 5619 5506 5775 5267 5016 5146 5019 5304 5472 5064 5372 5202 5758 5093 5432 5098 5566 5569 5652 5443 5529 5765 5362 5481 5759 5450 5720 5692 5466 5432 5729 5761 5167 5558 5456 5517 5644 5193 5593 
5023 5177 4612 4648 5249 5085 4771 5247 4786 4854 5097 5289 5064 5374 4904 4542 5076 4927 5589 4993 5038 5003 4701 5034 5064 4802 4757 4713 5266 4721 5290 5443 4941 5210 4929 5086 5191 5420 5063 4666 5138 5243 5340 4975 4853 5000 5396 5312 4840 5027 5369 4778 5035 4839 4807 5268 5306 4985 4942 4941 4570 5250 4968 5169 4791 4960 4812 4761 5520 5529 5183 5028 4985 5309 5104 5104 5111 5370 4896 4783 5234 5199 4830 5509 5253 5391 5018 4854 5177 4822 4945 5332 5116 5022 5103 5056 4731 5573 5326 4999 5099 5075 4843 5003 5441 4546 5324 5362 4978 5564 5151 4935 5130 4979 5296 5155 5237 4933 4848 5603 5213 4649 4865 4768 5059 5188 5367 4781 4914 4840 4959 5023 5062 5446 5094 5337 4960 5513 5574 5075 5333 5343 4949 5386 5593 5017 5195 5096 5191 4964 5143 4885 5156 5235 4963 4837 4661 4755 5090 5077 5266 5350 4927 4995 4970 5070 5492 5404 4974 5274 5369 5243 5276 5111 5120 5086 4993 4843 5346 5306 5318 4820 4988 5106 5477 4989 4926 4854 5090 5206 5035 5096 4721 4454 5112 4564 4908 4776 5216 5136 4744 4923 5081 4892 5122 5185 4999 5413 5101 4778 4878 5039 5070 4686 4918 5243 4860 5164 4942 5135 4872 4948 4701 4790 4984 5077 4723 5141 4805 5326 4920 4904 4894 5082 4886 5202 4971 5047 5329 4717 5149 5182 5000 5308 5119 5182 4816 5049 5239 4647 5222 5164 5285 5318 4737 5312 
4782 4994 4769 4548 5145 5180 4624 4849 4551 4704 4880 4778 4873 5173 4693 4968 5327 4801 5147 4925 4863 4878 4692 4931 5168 4491 4598 4943 5022 4607 5231 5343 4700 5030 4924 4942 4875 5101 5055 4601 4589 5094 4792 4849 4891 4917 5059 5361 4570 4775 4944 4779 5050 5029 4772 4989 5025 5106 4705 4959 4712 4989 4612 5101 4919 4480 4688 4904 5378 5184 5083 4979 4987 5289 4929 4768 5120 4800 5035 4697 5192 5156 4819 5192 4971 5401 4841 4981 5296 4773 4816 5056 4977 5084 5061 4977 4808 5328 5102 5014 5018 5060 4749 5173 5223 4571 5014 4885 4883 4932 4729 4748 4769 5023 5193 4833 4939 4844 4862 5231 5297 5199 4715 4544 4675 4792 5236 4682 4952 4720 5153 5089 4708 4863 5086 5272 5069 5079 5135 5005 5109 4873 4920 5033 4999 4628 5000 5095 5161 4767 4958 4964 5115 5349 4948 4555 4567 4729 4884 4596 5159 5009 4914 4878 4827 4876 5219 5122 4717 5129 5361 4967 5128 5282 5125 5237 4990 4648 4918 4931 5089 4583 4627 5048 5557 4827 4917 4965 5198 4874 4950 5124 4794 4404 4890 4521 4925 4717 4714 5095 4911 4595 5080 4923 4979 4732 4821 5348 4887 4610 4759 4927 4714 4621 4871 4899 4975 5038 4846 5004 4816 4760 4509 4640 4753 4567 4588 4645 5016 5357 4888 4873 4793 4800 5044 5063 5057 4956 5137 5053 4921 5030 4861 5283 5139 5158 4524 5103 5046 4871 4989 4843 5115 4941 4585 4968 
5107 5345 4914 4837 5400 5445 4962 5004 5226 5065 5237 5300 4865 5229 5205 4966 5204 4921 5490 5036 5140 5186 4734 5081 5015 4727 4906 4788 5351 5291 5453 5658 4998 5435 5012 5263 5229 5578 5190 4728 4978 5224 5148 5095 5024 5316 5438 5611 4755 4951 5259 5143 5404 5067 4928 5493 5323 5265 4770 5025 4994 5259 5117 5391 5254 4608 5280 5066 5408 5428 5169 5191 5012 5485 5160 5078 5352 5316 5152 4665 5353 5360 4928 5530 5249 5573 5158 5261 5375 5146 5029 5462 5288 4974 5510 5153 4925 5440 5544 5082 5000 5071 5100 5333 5705 4775 5411 5268 5032 5520 5066 4832 5029 4981 5351 5024 5128 5162 5023 5341 5392 5058 4929 4765 5278 5093 5413 4776 5227 4792 5019 5154 5063 5127 5449 5308 4983 5568 5299 5453 5604 5445 4984 5569 5346 4734 5142 5250 5273 5022 5357 5184 5189 5734 5224 5041 4754 4735 5214 5248 5340 5588 4975 4852 5249 5128 5333 5409 4770 5164 5265 5167 5148 5279 5133 5254 5497 5190 4958 5341 5037 5121 5034 5188 5804 5183 5321 4909 5267 5255 5149 5205 4991 4637 5244 4562 5068 5267 5182 5124 4977 4962 5432 4927 5213 5046 5196 5194 4970 4919 4980 5153 5049 4810 5132 5204 5346 5293 5177 5259 4891 5189 4523 5059 5144 5211 4836 5428 4908 5456 5054 5113 5022 5309 5206 5255 5238 4864 5688 5084 5506 5520 5132 5189 5239 5337 4707 5373 4879 4994 5498 5364 5320 5168 4863 5167 
4926 5087 4914 4613 5284 5388 4764 5206 5018 4799 5218 5495 5006 5219 4883 5150 5208 4578 5394 5031 5115 4746 4926 4977 5501 4867 5032 4946 5172 4920 5302 5229 4917 5191 4963 5159 4879 5593 5229 4621 4775 5153 5172 5018 4975 5072 5258 5211 4763 5007 5694 4958 5135 5127 4894 5334 5129 5260 4825 5198 4802 5311 4832 5155 4885 4654 4784 4640 5245 5438 4979 5026 4952 5329 4854 4833 5237 5032 5070 4595 5353 5126 4933 5687 5319 5619 4832 5159 5485 5176 4853 5009 4909 4804 5281 5160 4802 5256 5350 5251 5159 5037 4807 5169 5417 4700 5343 5179 5043 5260 4919 4815 5311 5088 5138 5016 4709 4728 4910 5430 5243 4927 4723 4552 5041 4870 5463 4659 5079 4706 4991 5214 4624 5097 5050 5113 5143 5284 5607 5370 5482 5075 5034 5189 5359 4612 5138 5269 5219 4891 5141 5146 5289 5226 5094 4690 4675 4686 5133 5098 5110 5320 5030 4871 5090 4944 5327 5217 5052 5300 5223 5183 5224 5157 5194 5089 5223 4573 5194 5300 4980 4940 4927 4870 5573 4809 5042 5065 5060 5026 4972 5040 5066 4447 5256 4656 5112 5005 4894 5236 4912 4619 5292 5069 5224 5154 5099 5095 5130 4663 4693 5004 5219 4795 5153 5193 5030 5152 4883 5077 4777 5309 4830 4947 4896 5252 4729 5391 5283 5462 4804 4936 4673 5357 5286 5314 5192 4978 5796 4897 5290 5296 5016 5006 5225 5310 4975 5212 5171 4910 5128 5014 5210 5213 4502 5220 
5460 5357 5056 5189 5872 5659 5200 5245 5316 5000 5272 5166 5248 5637 5373 5035 5481 4772 5662 5132 5524 5171 5047 5325 5579 4819 4934 4891 5422 4968 5684 5876 4949 5529 5391 5536 5343 5598 5262 5113 4992 5700 5299 5645 5275 5117 5380 5946 5179 5252 5354 5249 5584 5245 5024 5472 5545 5389 4946 5291 5201 5372 4991 5257 5190 5018 5138 4975 5651 5464 5553 5244 5269 5631 5299 5093 5427 5338 5188 5062 5380 5577 4754 5555 5419 5929 5414 5424 5610 5172 4934 5222 5258 5018 5486 5247 5172 5759 5392 5224 5498 5403 5410 5335 5774 5124 5628 5169 5365 5493 5335 4975 5306 5262 5328 5254 5219 5255 5335 5642 5312 5105 5049 4876 5242 5419 5591 5072 5437 5195 5497 5233 5140 5194 5367 5574 5607 5722 5524 5332 5560 5340 5352 5101 5632 4976 5460 5587 5678 5093 5530 5057 5537 5655 5512 4770 4769 5196 5403 5217 5540 5188 5261 5144 5134 5357 5172 5482 5214 5460 5590 5053 5490 5720 5436 5440 5341 5148 5339 5603 5217 5010 5333 5535 6041 5373 5299 4749 5323 5364 5164 5488 5011 4461 5239 4659 5288 5196 5394 5372 4814 4800 5537 5262 5477 5346 5397 5582 5005 4978 5113 5221 5277 5204 5362 5485 5101 5538 5153 5211 5377 5444 5162 5197 5136 5430 5003 5502 4884 5561 5275 5146 5208 5577 5315 5346 5423 5014 5860 5219 5395 5117 5115 5381 5474 5320 5104 5527 5447 5077 5606 5282 5397 5190 4964 5351 
5383 5065 5054 5065 5592 5629 4905 5238 5138 4928 5514 5299 5072 5526 5235 5171 5640 4875 5652 5071 5206 4867 4936 5126 5448 4874 4947 4786 5387 4998 5520 5689 5022 5269 4848 5119 5319 5589 5309 4677 5450 5375 5285 5300 5414 4944 5535 5585 5170 5244 5410 5075 5567 5341 4959 5601 5209 5262 4995 5405 4738 5076 4951 5292 4840 4950 5118 5029 5552 5437 5095 4999 5183 5443 5026 4933 5183 5349 5207 4811 5342 5283 4774 5826 5276 6050 5264 5317 5358 4991 5025 5194 5119 5234 5267 5131 5064 5609 5415 5288 5182 5423 5012 5216 5705 4902 5179 5372 5167 5132 5420 4967 5196 5303 5409 5090 5387 4991 5118 5689 5502 5413 5016 4908 5160 5353 5636 4902 5377 4841 5377 5311 4811 5392 5101 5552 5396 5377 5348 5370 5526 5338 5117 5130 5665 5192 5298 5320 5434 4836 5410 5136 5232 5484 5375 4754 4665 5103 5309 5376 5391 5364 4993 4932 4950 5181 5225 5421 4848 5347 5803 5277 5282 5354 5297 5379 5295 4997 5195 5359 5152 5127 5212 5270 5770 5245 5177 5026 5209 5537 4921 5201 5097 4371 5056 4726 5234 5141 5244 5404 5002 4744 5153 5054 5128 5042 4957 5426 5105 4949 4881 5217 5204 5171 5348 5232 5270 5279 5227 5217 5198 5513 5033 5106 5306 5556 5012 5370 5073 5612 5033 4999 5011 5201 5497 5400 5333 5237 5558 5016 5366 5314 5184 5262 5338 5239 4591 5517 5141 5090 5577 5350 5400 5066 5044 5345 
5661 5628 5077 5055 5649 5497 5318 5325 5290 5157 5287 5203 5452 5368 5189 5081 5393 5024 5537 5019 5533 5082 4997 5561 5465 5117 4788 4932 5670 5072 5770 5859 5118 5542 5180 5441 5369 5666 5056 4900 5196 5685 5257 5333 5332 5360 5526 5704 4971 5165 5599 5284 5638 5365 5176 5531 5397 5393 5244 5407 5162 5427 5081 5316 5367 4982 4977 5068 5494 5548 5497 5343 5221 5336 5557 5136 5332 5211 5434 4944 5296 5338 4989 5566 5523 6039 5270 5501 5681 5024 4989 5105 5378 5260 5522 5148 5021 5730 5688 5180 5195 5502 4966 5230 5820 4950 5459 5260 5138 5626 5480 5020 5390 5329 5471 5348 5257 5281 5514 5559 5663 5193 5033 4917 5310 5316 5631 4884 5509 4818 5243 5325 5109 5331 5495 5564 5614 5833 5735 5562 5739 5456 5230 5429 5513 4946 5308 5489 5630 5004 5315 5205 5461 5682 5277 5228 4981 4785 5254 5106 5325 5293 5098 5169 5179 5353 5532 5406 4948 5287 5805 5270 5579 5292 5276 5640 5700 5033 5367 5441 4981 5116 5218 5342 5738 5057 5324 5116 5463 5104 5095 5644 5244 4900 5458 5181 5352 5056 5352 5460 4954 4885 5408 5125 5344 5396 5207 5699 5155 4951 5176 4972 5231 5120 5308 5146 5658 5232 5343 5408 4996 5166 4927 5231 5252 5650 5169 5383 5129 5688 5158 5080 5201 5410 5284 5769 5359 5435 5825 5121 5167 5419 5125 5457 5616 5298 4844 5514 5415 5251 5678 5438 5248 5245 5116 5385 
5240 4998 4834 4603 5487 5373 4798 5229 4860 4800 5332 5018 4939 5364 5087 4819 5094 4691 5537 5051 5271 4842 4613 5209 5302 5036 4758 5023 5326 4786 5192 5382 4873 5274 4903 5071 4834 5300 5092 4492 4840 5226 5180 5123 5181 5076 5315 5393 4872 5052 5237 4546 5161 5207 4577 5365 5255 5192 4693 5260 4798 5054 5059 5456 5047 4779 4850 4639 5377 5164 4990 5161 5139 5404 5146 5095 5391 5127 5105 4569 5292 5110 4956 5248 5142 5536 5057 5184 5390 4999 5128 4960 4961 5005 5291 5168 4819 5257 5176 5064 5148 4941 4816 5088 5369 4746 5308 5181 5009 5647 5198 4651 4794 4909 5190 5003 5046 4894 4973 5382 5097 5106 4934 4979 5061 5224 5328 4759 4917 4569 5040 4983 5207 5025 5201 5426 5215 5431 5543 5198 5218 5170 4863 5186 5181 4619 5099 5113 5076 4896 5173 4864 5008 4905 4955 4751 4736 4649 4940 4872 5251 5319 5032 4880 5035 4931 5215 5510 5117 5221 5093 5301 4987 5065 5019 5163 5225 4849 5042 5399 5092 5019 4998 5077 5578 4827 5045 4803 5108 5175 5023 4910 4828 4747 4966 4499 5075 4904 5197 5067 4711 4744 4974 4910 5341 5145 4905 5308 5248 4988 4918 5191 4828 4725 5279 5137 5010 5109 5300 5269 4936 5128 4961 4772 4954 5318 4611 4917 4878 5510 4859 4755 5084 5310 5072 5388 5208 5126 5382 5307 5235 5050 4982 5282 5134 5119 5006 5299 4947 4755 5203 5025 5251 5242 4665 5216 
5236 4843 5093 5063 5334 5269 4982 5148 4979 4820 5189 4775 4724 5171 4832 4868 5230 4910 5508 4837 4957 4865 4792 4926 5287 4952 4871 4678 5194 4878 5222 5235 4713 4881 5207 5255 4982 5515 5058 4526 4718 5343 4980 5015 4962 5146 5244 5471 4859 4907 5246 4934 5190 5122 4816 5288 5199 4960 4719 5306 4797 5184 4832 4982 5292 4747 4943 4619 5143 5210 4902 4774 4836 5319 4921 4843 5156 5010 5121 4597 4969 5155 4708 5347 4998 5534 5016 5274 5387 4872 4984 5038 5104 4936 4999 4825 5031 5587 5201 5058 5106 5015 4998 5036 5547 4610 5101 4922 4962 5158 5021 4525 4779 5087 5399 4823 4897 5285 5014 5258 5067 5058 4721 4780 4840 4891 5271 4832 5106 4505 5349 4834 4782 4888 5229 5302 5017 5506 5210 4981 5317 5237 5018 5143 5128 4633 5206 5193 4998 4803 5180 4999 5157 5284 5318 4746 4541 4661 5115 4739 5090 5329 4703 4698 5012 5437 5093 5178 5176 5162 5421 5140 5191 4904 5117 5033 5386 4714 5052 5170 5155 4773 5024 4946 5723 5115 4791 4876 4815 5132 4860 5165 4771 4587 5032 4588 5064 4847 4875 4986 4439 4829 5040 4903 5188 5234 4986 5231 5039 4638 4726 5070 4708 4778 4932 5292 4951 5085 4816 5131 4853 5134 4747 4845 5212 5482 4623 5316 4911 5430 4758 4975 4689 5211 4815 5274 4978 5054 5316 4953 5285 5157 4942 5304 4988 5132 4603 5396 4757 4932 5040 5249 4997 5136 5011 4939 
5005 4738 4683 4477 5330 5234 4730 4969 4720 4641 4928 4844 4819 5346 5049 4900 4849 4531 5147 4897 5221 4533 4596 4886 5041 4813 4349 4649 4994 4566 5338 5143 4757 5088 4828 4880 4779 5072 4994 4613 4602 5049 4792 4781 5028 4853 5067 5300 4473 4816 5168 4982 4855 5090 4444 5055 5104 4950 4413 4978 4813 4993 4587 5067 4622 4501 4812 4981 5139 4966 4919 4702 4667 5030 4727 4560 4856 5043 4914 4627 5207 5255 4688 5029 4832 5293 4735 4892 4922 4910 5040 5102 4796 4782 4801 5179 4583 5139 4922 4880 4696 5041 4759 5149 5310 4652 4996 4843 4757 5077 4939 4898 4723 5012 4709 4769 4794 4664 4733 5128 5070 4887 4871 4624 4970 4919 5138 4646 4873 4530 5012 4843 4795 4854 4940 5023 4940 5291 5150 4852 4944 5044 4824 4816 5143 4569 5166 5014 4882 4803 5378 4748 4694 5306 4803 4519 4470 4924 4958 4875 4999 4817 4678 4808 4888 4943 4883 4841 4768 5197 5072 5056 5076 4996 4822 5069 5111 4451 4940 5228 4994 4677 4691 4936 5341 5065 5052 4663 4836 4942 5024 4718 4581 4372 4768 4281 4991 4680 5029 4774 4527 4457 5024 4972 4989 4576 5043 5168 4790 4695 4629 5040 4745 4295 5170 4764 4867 5020 4598 4979 4506 4831 4502 4558 4757 5163 4566 5028 4914 5272 4689 4583 4718 4869 4862 4971 4951 4913 5277 4816 5202 5213 4995 4929 5065 4919 4595 5271 5040 4796 4974 4841 5167 4870 4686 4956 
5274 5464 5047 4990 5484 5463 5002 5454 5170 4970 5386 5395 4886 5493 5067 4883 5313 4944 5691 5261 5154 4997 4878 5330 5459 4925 4907 4851 5404 4999 5637 5660 4967 5393 5266 5490 5247 5809 5365 4654 5126 5446 5155 5247 5299 5212 5247 5651 5002 5170 5496 4949 5070 5040 4751 5316 5339 5296 4922 5450 4849 5044 4919 5370 5056 4892 4998 5150 5467 5648 4956 5242 5358 5595 5159 4894 5555 5376 5177 4672 5485 5388 4972 5430 5318 5656 4969 5426 5628 5064 5184 5129 5377 5390 5587 5449 4917 5632 5294 5338 5703 5294 5052 5185 5525 4881 5133 5165 5277 5387 5201 4721 4937 5211 5298 5190 5306 4706 5086 5610 5441 5211 4910 5024 5300 5040 5380 5122 5295 4968 5622 5031 5228 5038 5361 5369 5423 5373 5309 5291 5322 5458 4892 5294 5438 4739 5429 5347 5308 4674 5449 5414 5234 5570 5316 5164 4715 4872 5172 5086 5434 5461 5169 4989 5198 5233 5202 5570 5051 5508 5498 5234 5500 5267 5175 5241 4941 5019 5319 5258 5368 4757 5176 5364 5912 5276 5167 5249 5343 5521 5151 5105 4854 4491 5279 4854 5142 5137 4948 5129 4898 4794 5500 4855 5166 5256 4954 5521 5241 4766 5382 5297 5162 5096 5335 5380 4937 5129 4957 5593 5160 5288 4830 4814 5027 5388 4710 5063 5252 5388 5160 5187 5234 5378 5462 5521 5449 5114 5601 5127 5125 5085 5177 5321 5215 5198 5047 5448 5033 4877 5245 5233 5226 5285 5112 5320 
5425 5458 5344 4929 5623 5532 5345 5586 5559 5276 5459 5550 5252 5483 5170 5252 5569 5214 5537 5448 5300 4987 5067 5267 5454 5027 5015 4852 5481 5377 5632 5924 5263 5514 5005 5449 5273 5715 5271 4948 5111 5657 5204 5261 5296 5255 5543 5480 5044 5441 5625 5191 5273 5511 5006 5511 5299 5489 5157 5286 5353 5238 5472 5516 5462 5147 5073 5305 5758 5653 5328 5609 5215 5587 5362 5102 5511 5493 5480 4688 5439 5710 5172 5596 5527 5766 5561 5479 5541 5356 5032 5182 5428 5101 5868 5352 5196 5520 5816 5308 5541 5367 5115 5590 5880 4922 5447 5349 5725 5637 5526 5086 5532 5295 5417 5173 5154 5024 5241 5817 5785 5315 5135 4742 5442 5438 5655 5017 5358 4821 5500 5526 5202 5141 5432 5556 5364 5585 5720 5509 5489 5509 5093 5897 5571 4739 5535 5316 5691 5103 5616 5127 5636 5765 5475 5020 4889 5159 5427 5301 5700 5509 5285 5337 5231 5387 5523 5672 4886 5628 5544 5501 5413 5107 5341 5489 5357 5296 5148 5657 5194 5182 5140 5290 5748 5113 5628 5234 5500 5561 5302 5470 5230 4792 5446 4672 5477 5059 5107 5339 5110 5153 5441 5167 5568 5433 5377 5718 5379 5209 5259 5309 5388 5139 5724 5484 5456 5177 5310 5685 5379 5322 5351 5046 5362 5569 4857 5671 5110 5839 5007 5127 5203 5649 5302 5517 5404 5248 5816 5303 5202 5379 5294 5186 5549 5589 5135 5653 5572 5310 5741 5287 5290 5206 5058 5343 
5465 5211 4931 4803 5430 5389 4769 5233 5019 4824 5280 5247 4802 5458 5149 5075 5172 4716 5295 5035 5249 4889 4690 5134 5179 4803 4862 4806 5193 4698 5512 5753 5142 5162 5163 5241 5017 5328 5175 4861 4922 5356 5170 5147 5085 5107 5480 5152 5046 5092 5417 5085 5046 5210 4843 5365 5035 5066 4725 5096 4697 4964 4879 5241 4850 4840 4993 4942 5383 5265 5186 5064 5069 5395 5126 5175 5354 5167 5135 4881 5319 5289 4967 5558 5348 5533 5333 5368 5316 4949 5094 5320 4982 5070 5041 5214 4966 5709 5207 5078 5258 5078 4912 5478 5807 4930 5160 5097 5003 5235 5220 4735 5220 5282 5243 4989 5137 4717 4906 5542 5478 5160 4964 4974 4767 4856 5421 4934 5221 4803 5129 5219 4761 5140 4926 5373 5176 5568 5386 5260 5522 5371 4925 5278 5511 4568 5353 5347 5375 4926 5396 5029 5057 5400 4868 4743 4655 5008 5220 5193 5627 5237 4862 4961 4998 5134 4822 5253 4900 5443 5432 5178 5195 5270 5196 5249 5204 4865 5101 5184 4801 4821 4904 4911 5552 5120 4968 4982 5125 5115 5171 5210 4883 4678 4987 4593 5264 5166 5147 5500 4858 4556 5246 4975 5100 4964 5323 4995 5009 4818 4881 5413 5176 4864 5096 5164 4820 5071 4837 5059 4788 5199 4882 4982 5041 5338 4705 5299 4969 5496 5004 4906 4975 5266 5302 5191 5397 5407 5599 5055 5152 5291 5250 5386 5185 5145 4864 5173 4994 4890 5271 5137 5418 5052 4708 5345 
4942 5193 4652 4443 4989 5113 4500 4959 4770 4900 4961 4785 4808 4748 4919 4660 4849 4722 5208 4724 5013 4725 4677 4810 5031 4627 4789 4710 5023 4730 5268 5172 4725 4950 4727 4873 4898 5238 5103 4326 4748 5082 4948 5125 4884 4855 5058 5170 4685 4846 4988 4673 5018 5282 4714 5137 4900 4872 4725 5075 4484 4619 4513 4950 4860 4836 4698 4820 5174 5145 4925 5061 4686 5275 4917 4899 5199 4925 4987 4619 4751 4812 4611 5137 5002 5720 4939 5046 5163 4697 4809 4883 4966 4678 5153 4870 4862 5329 5106 4732 4954 4832 4699 5079 5263 4474 5079 4973 4764 5110 5114 4590 4809 4724 4893 4822 5059 4551 4771 5356 5157 5049 4670 4381 4864 4801 5109 4671 4941 4417 5175 5079 4671 4910 5010 5160 5023 5027 5143 5334 5221 5016 4697 4941 5109 4645 4890 5045 5148 4817 5225 4786 5105 5369 5144 4464 4637 4772 5157 4739 5275 5053 4656 4885 4806 4933 4937 5036 4658 5192 5056 5072 5005 5206 4990 5147 4814 4666 4986 5060 4667 4659 4775 4965 5447 4771 5155 4755 5024 5069 4610 4948 4975 4452 4801 4639 4893 4809 4930 5013 4622 4635 4906 4782 4912 4844 4847 5025 5035 4451 4862 4708 4804 4850 5310 5109 4789 4774 4734 4992 4940 4871 4618 4821 4862 5050 4782 4920 4860 5470 4444 4743 4786 5127 4772 5076 4967 4869 5185 4851 5169 4843 4641 5062 5116 4809 4833 5066 4728 4447 5257 5011 5119 5095 4624 5161 
5447 5158 5201 4945 5446 5550 4840 5589 4920 5036 5573 5199 5265 5217 5255 4937 5379 4830 5684 5055 5238 5126 4868 5444 5373 4926 4914 5113 5523 4820 5742 5708 5227 5408 5273 5340 5253 5585 5366 4756 5009 5435 5234 5238 5556 5195 5787 5460 4859 5091 5406 5171 5236 5432 4812 5324 5598 5398 4754 5363 4963 5340 4898 5510 5161 4913 5112 4908 5560 5718 5305 5046 5379 5658 5280 5389 5508 5359 5417 5058 5731 5456 5031 5599 5424 5676 5249 5416 5587 5150 5190 5486 5179 5399 5316 5490 5094 5648 5358 5282 5436 5237 5136 5257 5721 4990 5559 5312 5055 5468 5495 5260 5399 5309 5380 5429 5257 5252 5147 5553 5764 5341 4742 5056 5118 5094 5290 5166 5316 4847 5250 5210 5122 5076 5213 5469 5392 5694 5423 5338 5466 5462 5335 5054 5595 5036 5285 5320 5369 5136 5576 5354 5185 5775 5333 4928 4875 4617 5185 5004 5580 5315 4989 5325 5280 5458 5416 5518 5030 5605 5601 5151 5543 5683 5200 5337 5494 5188 5403 5566 5257 4896 5058 5109 5900 5292 5246 5206 5210 5418 5184 5345 5250 4625 5416 4792 5330 5199 5226 5569 5040 4979 5494 5245 5406 5328 5102 5470 5192 5119 4861 5478 5205 4902 5308 5386 5135 5450 5156 5391 5068 5553 5071 4993 5292 5533 5094 5283 5175 5607 5035 5283 5306 5434 5307 5722 5472 5436 5712 5234 5468 5191 4906 5688 5273 5516 5057 5565 5189 5109 5524 5175 5420 5426 5042 5413 
5003 5068 4805 4669 5179 5182 4599 5175 4871 4567 5150 4950 4870 5047 5123 4596 5054 4629 5268 4861 5030 4797 4575 5128 5281 4710 4460 4724 5270 4611 5237 5373 5012 5236 4900 5103 4866 5339 5106 4516 5038 5291 5011 5037 4851 4844 4996 5218 4884 4910 5066 5133 5141 5093 4788 5134 5326 5125 4812 4939 4710 5145 4786 5175 4963 4871 4886 4731 5205 5389 5080 5111 4896 5418 5252 5077 5092 5009 5145 4875 5261 5176 5007 5316 5129 5530 4875 5157 5245 4762 4661 4966 5093 4914 5265 5120 4771 5276 5116 4955 5142 5081 4867 5089 5355 4677 5297 5133 4757 5316 5095 4724 5084 4530 5103 5048 5093 4863 4934 5212 5483 4720 4767 4718 4913 5257 5433 4834 5000 4696 5116 5053 5011 5162 5286 5217 5232 5456 5452 5198 5166 4883 4942 5029 5379 4576 5249 5280 5114 4805 5110 4585 5278 5305 5154 4766 4508 4650 4951 4845 5240 5111 4892 4762 5034 4882 5101 5327 5088 4984 5313 4725 4949 5209 4677 5049 5251 4867 5125 5148 5035 4663 4722 5089 5429 4767 5295 4831 5020 5230 4841 4818 4836 4499 5084 4552 4969 4854 5002 5090 4917 4588 5006 4757 5035 4864 4932 5338 4926 4844 4740 4775 4989 4706 4981 4995 4936 5185 4927 5036 4753 4823 4593 4560 5035 5113 4744 5054 4804 5314 4914 4775 4928 5184 5115 5206 5168 5197 5355 4872 4951 5245 4830 5149 5260 5115 4822 5237 4719 4738 4974 5002 4921 5012 4563 4980 
5332 5281 5018 5011 5430 5826 5153 5288 5233 5006 5699 5386 5184 5676 5361 5182 5355 4921 5889 4933 5414 5319 5082 5319 5800 5281 5111 5300 5424 4997 5705 5396 5279 5473 5421 5163 5329 5522 5244 4856 5356 5699 5245 5374 5219 5297 5546 5676 5014 5084 5805 4998 5601 5431 4928 5593 5292 5365 5126 5656 4899 5043 5277 5538 5084 4909 4933 5181 5797 5466 5161 5250 5112 5602 5403 5296 5240 5476 5436 5094 5561 5465 5052 5718 5168 6003 5383 5450 5829 5271 5035 5599 5371 5373 5150 5410 5204 5580 5556 5472 5294 5594 5307 5201 5802 4892 5403 5693 5436 5506 5180 5192 5231 5281 5417 5173 5356 5084 5081 5590 5611 5213 5099 4950 5175 5552 5652 5108 5256 4800 5429 5447 4911 5280 5178 5683 5576 5542 5558 5229 5790 5334 5325 5352 5445 4986 5663 5565 5573 5190 5533 5526 5486 5734 5276 5321 4964 5153 5275 5420 5698 5023 5315 5394 5240 5342 5645 5677 5314 5631 5815 5173 5543 5294 5387 5446 5296 5174 5293 5599 5277 4809 5173 5091 5965 5148 5288 5343 5598 5467 5470 5337 5112 4729 5426 4926 5132 5137 5397 5472 5178 5095 5451 5194 5400 5294 5584 5616 5376 4766 5225 5257 4917 5204 5559 5317 5248 5532 5385 5440 5208 5273 5183 5052 5149 5453 5116 5620 5197 5769 5033 5221 5135 5251 5416 5538 5357 5173 5600 5263 5336 5372 5425 5340 5492 5564 5148 5691 5572 5321 5342 5262 5507 5135 4938 5418 
5353 5379 5106 4852 5618 5810 4851 5613 5426 5164 5488 5494 5095 5654 5186 4995 5138 4805 5609 5338 5087 5390 4960 5658 5580 4766 4855 5210 5542 4936 5699 5469 4797 5301 5471 5386 5461 5670 5580 4692 5158 5503 5300 5486 5339 5168 5362 5598 4883 5173 5484 5292 5493 5493 5321 5420 5453 5438 5129 5427 5119 5136 4938 5396 5494 5082 5091 5141 5657 5691 5368 5194 5189 5660 5225 5258 5523 5154 5172 4995 5405 5626 5155 5586 5490 5869 5460 5488 5573 5207 5313 5298 5021 5315 5609 5276 5163 5746 5557 5163 5123 5582 5150 5487 6036 4979 5458 5403 5391 5649 5436 5013 5096 5514 5296 5352 5502 5069 5510 5729 5677 5154 4965 4940 5454 5277 5483 5077 5541 5059 5429 5250 5064 5366 5449 5665 5631 5640 5336 5514 5824 5671 5220 5256 5759 4967 5401 5462 5308 5005 5355 5357 5475 5947 5214 5056 4948 4939 5283 5048 5671 5341 5342 4968 5337 5217 5413 5450 5144 5735 5627 5248 5621 5455 5449 5560 5126 5290 5460 5362 5382 5345 5307 5291 5758 5157 5405 5052 5246 5336 5153 5303 5216 4670 5428 4960 5342 5331 5118 5334 4937 4770 5286 5145 5387 5252 5293 5598 5357 5163 5246 5260 5443 4911 5300 5302 5397 5271 5168 5286 4942 5179 5227 5069 5400 5370 5196 5399 5338 5585 5183 5341 5019 5401 5486 5663 5461 5202 5883 5438 5881 5363 5204 5659 5574 5557 4953 5806 5496 5231 5468 5261 5346 5463 5013 5290 
5170 5424 4915 4759 5196 5138 5024 5226 5094 5059 5076 5013 5144 5198 5248 4806 5242 4797 5624 5011 5357 4913 5066 4956 5206 4682 4846 4762 5296 4717 5442 5525 4871 5268 5145 5406 5008 5650 5163 4879 4958 5314 5153 5297 5110 4978 5234 5515 5059 4795 5331 5097 5374 5187 4882 5337 5306 5315 5161 5117 4706 5046 4841 5409 5105 4838 4723 4892 5265 5269 5287 5192 4880 5387 5323 5201 5302 5083 4931 5107 5471 5330 4941 5394 5433 5568 5134 5166 5640 4871 4830 5260 5111 4996 5509 5008 4917 5724 5176 5440 5287 5131 4974 5084 5609 4820 5383 5051 5123 5450 4968 4943 4941 5137 5071 5259 5123 5069 5234 5418 5161 5069 5042 4820 4972 5124 5239 4957 5242 4984 5481 5140 4891 5203 4980 5321 5092 5585 5280 5358 5487 5330 5044 5262 5386 4936 5038 5519 5172 4990 5291 5110 5261 5640 5157 5027 4626 4871 5336 5096 5354 5197 5148 4968 4810 5170 5362 5226 4936 5328 5451 4862 5294 5256 5219 5266 5016 4760 4978 5226 5011 4792 4620 4884 5914 5174 4945 4618 5236 5106 5063 5364 4889 4530 5044 4648 5282 5009 5151 5311 4709 4551 5374 5178 5133 5272 5085 5285 5161 4687 4963 5089 5064 4975 5304 5464 5122 5056 4812 5275 5025 5199 4662 4886 5060 5111 4753 5411 4853 5387 4780 5131 4961 5521 5062 5316 5391 5125 5258 5029 5036 5210 5026 5197 5363 5123 4897 5050 5019 4880 5240 5125 5224 4817 4907 5182 
5384 5076 5007 5131 5589 5762 5000 5456 4926 5019 5195 5013 5089 5291 5327 4891 5337 4777 5556 4889 5051 5402 5089 5176 5428 4980 4963 5105 5416 4809 5701 5705 4719 5196 5088 5108 5147 5720 5296 4499 5113 5432 5296 5185 5078 5119 5514 5451 4989 4964 5371 5080 5420 5317 4978 5616 5078 5301 4960 5501 5103 5281 4949 5298 4956 4841 5105 5186 5545 5616 5371 5196 4970 5582 5248 5061 5118 5319 5282 5116 5480 5322 4978 5573 5264 5803 5303 5216 5446 5102 5066 5193 5255 5178 5261 4968 5070 5615 5470 5265 5242 5293 5216 5391 5877 4869 5418 5175 5096 5616 5394 4878 4987 5501 5262 5134 5258 4899 5031 5419 5416 5110 5043 4809 5283 5233 5303 4803 5338 4868 5192 5113 4981 5458 5156 5552 5351 5348 5315 5513 5694 5374 4905 5242 5524 4998 5183 5530 5405 5188 5475 5038 5329 5405 5229 5028 4912 4925 5357 4978 5716 5242 5163 5023 5253 5257 5430 5613 5025 5438 5418 5547 5460 5353 5283 5224 5527 5001 5555 5564 5108 5110 5052 5017 5664 5217 5227 4969 5197 5229 5106 5308 5224 4597 5112 4819 5244 5251 5485 5327 4920 4714 5312 4997 5298 5017 5134 5305 5153 4744 5147 5109 5221 5121 5444 5503 5211 5309 5002 5337 4937 5296 5057 5124 5127 5597 5284 5245 5160 5661 4861 5215 4843 5387 5180 5156 5314 5102 5421 5060 5188 5566 5304 5406 5467 5145 5221 5436 5340 4836 5521 5222 5416 5341 4852 5222 
5177 5341 4916 4761 5529 5681 4812 5189 5059 5028 5310 5194 5048 5486 5282 4971 5482 4834 5688 5105 5371 5103 4775 5244 5555 4809 4804 5000 5539 5001 5604 5583 4900 5186 5152 5156 5347 5492 5056 4698 5239 5298 5278 5332 5179 5073 5610 5500 5067 5156 5429 5096 5525 5289 5003 5542 5338 5290 4859 5247 5050 5082 4958 5176 5035 4979 5095 5326 5746 5438 5071 5026 5158 5382 5245 5049 5274 5255 5174 4809 5256 5392 5036 5342 5278 5795 5180 5353 5464 5348 5067 5068 5204 5053 5456 5263 5143 5783 5358 5121 5376 5183 4995 5436 5644 4894 5454 5096 5042 5364 5096 5160 5143 5192 5241 5246 5248 4972 5057 5702 5512 5119 5124 4933 5007 5185 5428 4921 5405 4860 5307 5185 5143 5256 5149 5173 5354 5554 5619 5332 5291 5245 4945 5197 5484 4774 5165 5168 5340 5049 5565 5166 5380 5535 5224 4726 5033 4738 5308 5109 5540 5159 5063 4670 5241 5163 5280 5393 4892 5470 5537 5166 5249 5308 5462 5230 5174 4844 5238 5454 5312 4952 4967 5409 5729 5316 5055 5065 5460 5391 5086 5115 5155 4530 5052 4834 5205 4916 5170 5120 4849 4707 5405 5160 5262 5002 4964 5446 5186 4901 4976 5041 5131 4931 5158 5429 5158 5289 5014 5079 4994 5048 4716 4966 5127 4927 5022 5374 5152 5613 5035 5104 4915 5340 5157 5434 5207 5224 5779 5117 5423 5434 5157 5193 5089 5320 4900 5391 5284 5022 5253 5245 5348 5300 4943 5281 
5355 5515 5099 4928 5541 5396 4940 5280 4912 5170 5287 5101 5040 5263 5439 5120 5342 4718 5732 5127 5336 5117 5073 5051 5545 5165 5031 5300 5262 4956 5481 5496 4862 5460 5369 5352 5164 5403 5612 4641 4986 5518 5148 5232 5300 5143 5391 5410 4888 4991 5620 4973 5357 5226 4892 5420 5459 5183 4608 5556 4946 5207 4940 5440 5345 4928 5132 5185 5424 5483 5175 5199 4946 5482 4961 5271 5569 5298 4987 5044 5416 5253 4961 5597 5460 5922 5117 5172 5584 5203 5143 5159 5241 5273 5520 5526 5030 5494 5379 5332 5427 5321 5052 5197 5611 4999 5071 5024 5167 5367 5173 4966 5103 5184 5176 5223 5001 5050 5310 5662 5375 5371 5020 4891 4968 5161 5327 5005 5291 4608 5448 5101 4772 5031 5443 5261 5237 5516 5679 5226 5370 5456 5328 5339 5422 4791 5312 5437 5442 4874 5313 5136 5251 5611 5045 4794 4724 4881 5179 4991 5322 5371 5070 4974 5148 5071 5172 5288 5204 5491 5628 5276 5288 5377 5212 5436 5312 5195 5262 5324 5192 4993 4955 5448 5857 5236 4976 5257 5301 5306 5178 5541 4939 4569 5169 4864 5222 5145 5222 5334 4921 4697 5589 5235 5547 5202 5309 5217 5167 5000 4889 5268 5112 4926 5323 5366 5339 5375 5026 5518 5037 4757 4971 5046 5259 5271 4907 5207 5372 5708 4924 5125 5066 5402 5304 5698 5374 5082 5572 5162 5603 5260 4939 5631 5283 5340 5114 5545 5012 5080 5474 5260 5791 5166 5058 5409 
5048 5304 4917 4695 5528 5478 5141 5436 5246 4743 5435 4996 5053 5403 5259 4889 5381 4957 5435 5116 5210 5003 5212 5156 5433 5021 4971 5053 5375 4906 5607 5582 5086 5431 5224 5230 5110 5614 5525 4570 5089 5508 5106 5291 5302 4975 5626 5611 4953 5188 5657 5032 5339 5254 4923 5408 5408 5359 4818 5466 4963 5229 5122 5541 5179 5118 4918 4883 5603 5315 5108 5169 5261 5702 5342 5111 5261 5392 5299 4722 5252 5332 5090 5450 5428 5688 5382 5324 5428 5319 5002 5152 5160 5127 5380 5444 5269 5462 5405 5207 5063 5417 4913 5515 5740 4875 5474 5427 5132 5691 5133 4993 5117 5008 5271 5171 5346 4963 5194 5717 5366 5107 4777 4797 5140 5486 5495 5069 5356 4770 5422 4927 5051 5605 5073 5448 5530 5472 5542 5587 5171 5209 5022 5390 5385 5030 5435 5548 5426 5044 5471 5218 5256 5511 5184 4737 4769 4759 5276 5341 5395 5199 5068 4955 5276 5112 5286 5512 5050 5467 5675 5289 5162 5294 5227 5218 5513 5043 5323 5400 5427 5033 5238 5162 5859 4983 5272 5108 5088 5345 5265 5115 4825 4484 5208 4757 5305 5013 5209 5479 4850 4861 5282 5079 5194 5234 5283 5420 5461 5325 5085 5353 5192 4940 5435 5187 5163 5350 5360 5266 5286 5225 4857 4927 5004 5170 4944 5307 5093 5828 4854 5145 5187 5478 4997 5242 5266 5439 5502 5082 5250 5310 5141 5506 5233 5069 5065 5444 5264 4779 5473 5258 5340 5225 5015 5409 
5238 5125 5055 4680 5208 5225 4765 5207 5123 4772 5322 4898 4708 5265 5014 4591 4995 4783 5227 4872 5350 5183 4726 5090 5277 4949 4867 4904 5502 4828 5361 5562 4914 5215 5238 5090 5088 5543 5168 4478 4835 5315 5003 4860 4948 5180 5003 5275 4841 5146 5350 5017 5227 4915 4844 5481 4977 5205 4588 5046 4908 5149 4745 5251 4988 4804 5215 5177 5433 5328 5051 5229 5278 5461 5188 5029 5217 5103 5082 4775 5090 5122 4701 5395 5325 5765 5295 4997 5314 5070 5006 4956 5011 5022 4959 5015 5080 5660 5435 5162 5218 5038 4708 4997 5574 4590 5271 5108 5084 5292 4961 4614 4840 4950 5154 4794 5160 5072 5091 5376 5242 4957 4793 4724 4960 5231 5274 4990 5279 4646 5421 4954 4847 4886 5154 5340 5034 5356 5462 5281 5375 5446 5135 5332 5248 4735 5295 5342 5226 4410 5310 4845 5602 5701 4960 4913 4714 4757 5103 4993 5441 5318 4750 4951 4935 5047 5069 5255 5014 5224 5206 5096 5189 5239 4851 4997 5064 4890 5036 5216 4933 4754 5229 5083 5689 5257 5233 4974 5018 5102 4868 5293 4883 4575 4932 4726 5057 4900 5168 5270 4795 4798 5219 4863 5291 4822 4892 5352 4968 4896 4967 5197 4824 4642 5119 5290 5048 5076 5187 5145 4894 4910 4828 4971 5068 5132 4800 5037 4913 5439 4923 5004 4748 5286 5031 5153 5128 5151 5055 4831 5269 5169 5094 5356 5195 5173 4833 5002 4659 4805 5420 5181 5127 5207 4900 5157 
5339 5243 5186 5098 5338 5493 5059 5277 5450 5121 5197 5120 5301 5428 5195 5172 5432 5032 5684 5111 5210 5263 5220 5202 5341 5196 4855 5327 5449 5134 5657 5735 5267 5480 5451 5530 5099 5710 5402 4775 4990 5616 5363 5612 5261 5176 5599 5588 5164 5091 5541 4957 5274 5331 5012 5535 5711 5322 5010 5500 4833 5258 5121 5578 5351 4894 5139 4947 5598 5349 5174 5432 5315 5758 5435 5295 5476 5480 5327 5076 5475 5353 4989 5578 5377 5905 5192 5252 5577 5247 5139 5406 5404 5601 5303 5408 5188 5832 5546 5363 5481 5543 5172 5346 5824 5165 5298 5274 5261 5549 5332 5148 5325 5308 5487 5269 5401 5037 5216 5816 5459 5377 5036 4905 5210 5362 5844 5093 5331 4856 5282 5317 5228 5231 5334 5561 5505 5583 5647 5317 5744 5430 5033 5459 5332 4928 5402 5520 5539 5311 5329 5341 5571 5740 5461 4922 4794 4984 5727 5024 5565 5509 5359 5235 5212 5450 5434 5519 5378 5410 5862 5133 5468 5384 5405 5667 5321 5351 5320 5477 5527 5077 5061 5277 5834 5245 5095 5160 5274 5279 5490 5455 4976 4840 5386 5063 5492 5196 5349 5231 4929 4718 5575 5140 5423 5349 5361 5554 5296 4902 5069 5153 4987 5056 5435 5464 5248 5223 5308 5477 5088 5261 4857 5134 5391 5297 4983 5251 5174 5661 5177 5181 5079 5407 5541 5506 5617 5222 5738 5244 5511 5310 5085 5493 5596 5411 5039 5493 5494 4738 5514 5125 5492 5324 4897 5214 
5534 5364 5116 5287 5688 5628 5027 5434 5231 5030 5521 5329 4941 5562 5147 5093 5306 4862 5489 4994 5328 5345 5175 5610 5683 5289 5141 4989 5501 4874 5728 5757 5271 5629 5251 5304 5334 5996 5549 5039 5075 5806 5303 5544 5364 5202 5575 5739 4960 5235 5640 5552 5547 5308 5127 5625 5458 5543 5127 5511 4893 5348 5139 5437 5423 5137 5200 5129 5435 5338 5343 5402 5146 5882 5403 5080 5488 5570 5238 5081 5338 5518 5087 5826 5567 5876 5429 5349 5521 5298 4971 5370 5289 5248 5632 5199 5353 5746 5569 5320 5439 5712 5140 5607 5974 5112 5538 5391 5259 5575 5479 4883 5439 5525 5370 5361 5128 5206 5425 5633 5719 5250 4778 5031 5384 5187 5728 4934 5487 5157 5491 5309 5127 5383 5476 5444 5578 5921 5569 5663 5595 5376 5221 5377 5912 4856 5724 5968 5572 5303 5559 5189 5290 5772 5222 5137 5037 4814 5408 5141 5419 5407 5146 5184 5447 5176 5186 5701 5211 5431 5610 5423 5327 5600 5343 5537 5713 5280 5674 5721 5606 5116 5258 5527 5931 5326 5540 5477 5425 5431 5311 5298 5087 4830 5649 4973 5091 5245 5333 5498 5016 4846 5464 5561 5365 5325 5413 5540 5266 5030 5181 5378 5223 5180 5335 5342 5392 5624 5541 5443 5336 5361 5006 5125 5374 5550 4967 5363 5366 5799 5022 5196 5323 5702 5386 5603 5482 5433 5965 5086 5450 5539 5181 5514 5624 5376 5160 5638 5349 5117 5388 5283 5437 5618 4929 5313 
4765 4904 4724 4709 5080 5289 4631 5317 5043 4777 5196 4828 4792 5473 4876 4933 4822 4602 5253 4935 4915 4792 4728 4693 4872 4605 4712 4584 5188 4410 5032 5114 4724 4950 4794 4796 4769 5088 4974 4426 4550 5318 4764 5050 4914 4924 5096 5066 4673 4597 5081 4770 5082 4700 4809 5109 4949 5116 4783 5079 4598 4833 4564 5083 4905 4322 4778 4767 5196 5248 5016 4562 4708 5318 4935 4762 5306 4946 4935 4575 5255 5249 4781 5517 5024 5451 4917 5064 5194 4804 4454 4795 4986 4618 5053 5031 4825 5315 5125 5144 4931 4870 4879 4871 5288 4592 5073 4710 5041 5275 5003 4604 4859 4813 4952 4930 4754 4704 4904 5338 4981 4738 4667 4543 4904 4755 5153 4832 4806 4387 5431 5116 4651 4955 4910 5088 5083 5619 5258 4974 5037 5005 4684 4585 5259 4342 5173 4912 5275 4820 5206 4912 4957 5501 5215 4642 4411 4644 5182 4811 5030 5079 4777 4943 4835 4860 4941 4968 4840 5236 5168 4644 4946 4780 4835 4829 4810 4473 4990 5026 4715 4939 4596 5157 5429 4838 4876 4779 4742 5034 4755 4893 4688 4328 4818 4523 5022 4720 5087 5025 4358 4758 5029 4761 5152 4889 4849 5250 4950 4849 4732 5047 5019 4769 4829 5045 4966 5064 4831 5111 4651 4976 4422 4462 4837 5088 4682 5015 4918 5146 4763 4634 4911 5093 5043 4839 4844 4850 5190 4979 4937 4910 4829 4857 5190 4972 4792 5207 4781 4764 5149 5140 4935 4854 4691 4893 
5523 5471 5141 4907 5459 5497 4987 5448 4874 4930 5213 5314 5014 5342 5180 4979 5449 4956 5897 5058 5445 5014 4927 5242 5460 4975 4987 5075 5396 4853 5505 5698 4990 5289 5226 5300 5048 5526 5415 4551 5079 5232 5191 5164 5219 5133 5546 5345 5033 4997 5311 5008 5299 5365 4701 5609 5367 5416 4917 5524 4924 5101 4990 5451 5004 4980 5126 5111 5526 5354 4992 5127 4873 5480 5212 5279 5240 5535 5028 5083 5346 5201 5184 5270 5236 5726 5123 5227 5716 5047 5212 5216 5253 5242 5254 5420 4820 5619 5474 5224 5384 5131 5151 5353 5584 5077 5291 5303 5342 5478 5207 4951 5087 5177 5197 5269 5245 4937 5243 5700 5400 5152 4904 5114 5044 5267 5372 5217 5238 4876 4946 5175 5042 5338 5236 5452 5480 5595 5567 5270 5555 5378 5101 5212 5175 4874 5374 5434 5463 5135 5454 5301 5228 5450 5135 4971 4963 4747 5327 5374 5369 5458 5033 5235 5024 5529 5351 5471 5121 5353 5310 5100 5429 5123 5140 5225 5338 5021 5046 5531 5397 5069 4926 5142 5786 4983 5016 4967 5200 5386 5236 5278 4881 4734 5311 4827 5307 5064 5414 5199 4963 4548 5314 5179 5477 5021 5043 5345 5381 4916 5225 4868 5239 4907 5278 5373 5119 5224 5187 5283 5062 5195 4913 4927 5040 5277 4959 5227 4977 5591 5269 5020 4802 5162 5350 5520 5655 5145 5497 5319 5298 5273 5522 5480 5323 5315 5182 5265 5208 4642 5201 5499 5572 5359 4760 5625 
5164 5228 4780 4983 5363 5346 4828 5097 4912 4950 5227 5142 4985 5239 5189 5061 5465 4870 5255 5122 5253 5133 5010 5232 5463 4772 4612 5016 5448 4846 5537 5498 5008 5115 4890 5217 5371 5575 5234 4706 5094 5611 5159 5320 5226 4970 5027 5555 4612 5145 5275 4971 5266 4948 4766 5305 5229 5277 4864 5245 5062 5227 4935 5263 5120 4732 4921 5059 5474 5381 5317 5217 4950 5515 5363 5161 5344 5283 5212 4850 5447 5352 5017 5543 5422 5382 4968 5339 5549 4980 4943 5435 5503 4942 5255 5207 5049 5507 5083 5204 5010 5238 5106 5178 5438 4723 5655 5346 5074 5448 5166 4866 5026 4987 5327 4999 5127 4977 5113 5643 5484 5010 4849 4670 5142 5183 5385 4723 5097 4862 5021 5297 4895 5228 5193 5340 5015 5523 5318 5087 5557 5580 5199 5170 5386 4836 5233 5389 5485 4909 5189 5258 5122 5569 5236 4968 4675 4939 5087 4935 5470 5196 5059 5281 5309 5147 5269 5507 4967 5393 5486 5185 5154 5133 5114 5297 5125 5100 5207 5304 5174 5012 4886 5144 5710 4763 5211 4795 5209 5119 5094 5300 4970 4521 5172 4553 4906 5085 5020 5266 4819 4646 5198 4935 5047 5335 5135 5256 4999 4607 5155 5064 4936 4820 5211 5040 5067 4960 5361 5438 4795 5388 4698 4814 5068 5323 4862 5281 5085 5417 4935 5050 5021 5184 5112 5267 5235 5006 5464 5154 5121 4994 5001 5164 5473 5206 4796 5521 5308 4991 5297 5085 5180 5057 4797 5270 
5311 5068 4825 4762 5218 5365 4830 5176 4794 4672 5188 5078 4887 4966 4984 4879 4947 4715 5446 4794 5015 4780 4753 4969 5356 4862 4695 4900 5374 4797 5398 5397 4995 5057 4954 4823 4921 5534 5210 4417 5164 5410 5194 5019 5172 4885 5258 5342 4667 4987 5335 5002 5404 4973 4896 5406 5111 5134 4664 5337 4853 5088 4540 5085 5032 4752 5108 4688 5175 5411 4947 4842 4834 5250 4754 4935 5148 5188 5165 4504 5039 4987 4877 5408 5076 5564 4950 5149 5193 4849 4864 5014 5014 4869 5075 4947 4877 5591 5167 4708 4894 5349 4665 4998 5606 4838 5171 5209 4868 5172 5260 4795 4829 4880 5134 4851 4870 4865 4837 5588 5364 5013 4499 4826 4756 5194 5364 4817 5033 4768 5116 5054 4768 5076 4971 5195 5247 5217 5206 5022 5367 5141 4979 4988 5385 4706 5108 5224 5150 4963 5191 4911 5304 5194 5425 4723 4677 4592 5285 4969 5193 5120 4717 4781 5278 5024 5209 5170 4890 5073 5274 5002 5015 5275 5010 5192 5145 4678 5107 5029 5155 4951 4805 4984 5685 4714 4978 4850 4982 5285 4612 4824 4823 4547 4895 4581 5277 4979 5123 5117 4502 4744 5072 5135 4992 4917 5058 5003 5234 4865 4432 5029 5110 4703 5175 5105 4803 5021 4891 5028 4963 5261 4811 4838 5059 5284 4889 5103 4843 5400 4760 4770 4853 5199 4890 5150 5039 5075 5606 4858 5146 5380 5107 5282 5180 5012 4797 5375 4774 4855 5271 5179 4954 5072 4737 5168 
